,tns_name,tns_class,tns_redshift,superphot_plus_class_prob,ra,dec,peak_mag,peak_phase,superphot_plus_classifier,superphot_plus_sampler,superphot_plus_class,host_sep_arcsec,host_name,host_redshift,host_redshift_type,posted_before,host_absmag,host_prob,best_host_catalog,superphot_plus_prob,high_host_confidence,superphot_plus_class_without_redshift,superphot_plus_prob_without_redshift,peak_abs_mag,nuclear,best_redshift,superphot_nonIa_prob,superphot_non_Ia_prob,yse_field,yse_pz,transient_ra_deg,transient_dec_deg
ANT2024me27xcwuydxt,---,---,,0.596,283.88978385,-0.3175422485364549,17.13164520263672,0.2748893501629936,full_lightgbm_12_2024,svi,SLSN-I,15.644959231964844,,0.0756728682353399,PHOT,False,,,,,,,,,,,,,,,,
ANT2025h50kqhgrn3vp,2025yz,SN Ia,0.038353,0.796,154.2254352999998,-5.866450341787783,17.238122940063477,0.5268472904863302,early_lightgbm_12_2024,svi,SN Ibc,15.727394588517418,MCG -01-26-038,0.038353,SPEC,False,,,,,,,,,,,,,,,,
ANT20250zh1phld07st,2025akw,---,,0.683,76.30339547259038,-20.37978558422745,18.58890724182129,0.608363490231568,early_lightgbm_12_2024,svi,SN Ibc,9.333806620479384,WISEA J050512.64-202255.8,0.070659,SPEC,False,,,,,,,,,,,,,,,,
ANT2025pdibjfqv4wub,2025bc,---,,0.644,77.7613742,-0.2606274004138527,18.67690086364746,27.540018590312684,full_lightgbm_12_2024,svi,SN Ibc,3.692224718970497,WISEA J051103.03-001538.5,0.030959,SPEC,False,,,,,,,,,,,,,,,,
ANT2025jt3xfejr1hsu,2025wg,---,,0.549,66.9910888,0.9929120042340288,19.081785202026367,0.6277615904400591,early_lightgbm_12_2024,svi,SN Ibc,1.0047415098695591,PSO J042757.836+005933.538,0.3672604635657357,PHOT,False,,,,,,,,,,,,,,,,
ANT202513552bjcitqg,2025arw,---,,0.603,9.494102580353346,8.637095363417842,17.961477279663086,0.6277234142835368,early_lightgbm_12_2024,svi,SN Ibc,15.15680713268702,NGC 0180,0.017616,SPEC,False,,,,,,,,,,,,,,,,
ANT2025klueti8kbb9b,2025my,SN Ia,0.0291,0.654,243.6461803780915,34.22400341379028,17.16629981994629,16.015353863745986,early_lightgbm_12_2024,svi,SN Ibc,5.962512813286214,KUGX 1612+343,0.029092,SPEC,False,,,,,,,,,,,,,,,,
ANT2025vhrwf4281n8s,2025ado,---,,0.429,241.706162080386,51.88682153631252,18.798723220825195,8.047738163884787,early_lightgbm_12_2024,svi,SN Ibc,5.984254076748142,WISEA J160648.87+515311.1,0.069751,SPEC,False,,,,,,,,,,,,,,,,
ANT20258i4bw231mtli,---,---,,0.604,163.0043575861963,-20.08594635795167,17.027725219726562,6.125709294879925,early_lightgbm_12_2024,svi,SN Ibc,,,,PHOT,False,,,,,,,,,,,,,,,,
ANT2025gmfu4kei74jl,2025afh,SN Ia,0.031,0.531,46.953747649999535,-4.260354610653067,18.07210159301757,11.399643247117638,full_lightgbm_12_2024,svi,SN Ibc,12.642081908461323,WISEA J030748.23-041544.9,0.030961,SPEC,False,,,,,,,,,,,,,,,,
ANT2025dg1jatint1wl,2025yn,SN II,0.017,0.455,31.077905850000008,-8.740995046648848,17.684696197509766,12.401954968743668,early_lightgbm_12_2024,svi,SN Ibc,20.935382476882417,NGC 0809,0.017812,SPEC,False,,,,,,,,,,,,,,,,
ANT20256jqeorf8pfgd,2025aob,---,,0.655,243.60187050000087,-6.024120665193621,17.689022064208984,9.98970391243347,early_lightgbm_12_2024,svi,SN Ibc,3.676011159535795,WISEA J161424.38-060123.3,0.029881,SPEC,False,,,,,,,,,,,,,,,,
ANT2025voj6knquv1e1,2025ard,SN Ia,0.0478,0.552,119.26475158722108,22.522240776697345,17.77016258239746,1.2903752123529555,early_lightgbm_12_2024,svi,SN Ibc,4.130302664044563,CGCG 118-025,0.047833,SPEC,False,,,,,,,,,,,,,,,,
ANT20246o7c3wqymqar,2024aecx,SN Ic,0.002665,0.502,166.45646185,-0.0349139499954986,13.939496994018556,45.170236377562105,full_lightgbm_12_2024,svi,SN Ibc,14.962848185479087,NGC 3521,0.002665,SPEC,False,,,,,,,,,,,,,,,,
ANT2025vbijli50adss,2025asx,---,,0.481,220.19383315001824,21.35699278319386,18.969581604003903,15.079507177280902,full_lightgbm_12_2024,svi,SN Ibc,1.9988553833618088,WISEA J144046.42+212126.5,0.096064,SPEC,False,,,,,,,,,,,,,,,,
ANT2024nt4wzvmgvqj3,---,---,,0.462,123.43898770755013,-11.400122467834649,14.450478553771973,15.320201677321164,early_lightgbm_12_2024,svi,SN Ibc,0.7713959591833558,WISEA J081345.41-112400.4,0.0083342552046064,PHOT,False,,,,,,,,,,,,,,,,
ANT2025i641u7q0qhyf,2025bdy,---,,0.408,223.1010681,3.716166506741658,18.709604263305664,1.0118104774082894,early_lightgbm_12_2024,svi,SN Ibc,9.980365758990382,CGCG 048-038,0.035655,SPEC,False,,,,,,,,,,,,,,,,
ANT2025btu34ywtc47v,---,---,,0.414,108.1129122,50.29321430000002,18.35136604309082,0.4056761772881145,early_lightgbm_12_2024,svi,SN Ibc,,,,PHOT,False,,,,,,,,,,,,,,,,
ANT2025f7t3a8dnf5g8,2025iw,SN II,0.0243,0.507,202.74321124794807,-21.84615414746682,18.312938690185547,12.12218471117376,full_lightgbm_12_2024,svi,SN Ibc,4.674027254818063,ESO 577- G 001,0.024313,SPEC,False,,,,,,,,,,,,,,,,
ANT2025mdi9l3vtw4ts,---,---,,0.41,212.6998535,-6.276597600000002,19.148679733276367,0.1605412113858619,early_lightgbm_12_2024,svi,SN Ibc,41.813420106193846,LCRS B140807.9-060209,0.2388544845239369,PHOT,False,,,,,,,,,,,,,,,,
ANT20259rzmtiaef7dm,2024afkb,---,,0.673,130.7405983166033,37.56109976013722,18.746967315673828,43.228144449036336,full_lightgbm_12_2024,svi,SN Ibc,4.641578286334178,WISEA J084257.50+373337.3,0.0891310374436559,PHOT,False,,,,,,,,,,,,,,,,
ANT20245b2ib27pyg5a,2024abtu,SN Ic,0.017682,0.592,108.45111525529045,50.257602207170045,17.20281410217285,80.15460274912766,full_lightgbm_12_2024,svi,SN Ibc,6.727161146910195,UGC 03741,0.017682,SPEC,False,,,,,,,,,,,,,,,,
ANT2025q9kj1m7m2kgk,2025aec,SN Ia,0.055,0.48,136.7634261682609,38.32644414902008,17.953853607177734,13.103908349148696,full_lightgbm_12_2024,svi,SN Ibc,1.95016875517153,WISEA J090703.08+381936.3,0.055488,SPEC,False,,,,,,,,,,,,,,,,
ANT2025jfrnprwmd8et,---,---,,0.432,54.6463517,-3.1978527049789847,20.245262145996094,0.373607348970836,early_lightgbm_12_2024,svi,SN IIn,25.662523317292603,WISEA J033833.98-031211.7,0.2298164267566444,PHOT,False,,,,,,,,,,,,,,,,
ANT2025ghbxrk74c0ur,---,---,,0.516,235.5124204,-19.47902560000001,11.14108657836914,5.029024400311755,early_lightgbm_12_2024,svi,SN Ibc,8.366580587163986,PSO J154203.549-192846.932,0.3112242020579107,PHOT,False,,,,,,,,,,,,,,,,
ANT2025qy0ic7ksn8dj,---,---,,0.465,209.1987163,-13.42134680000001,17.978321075439453,0.0812119003676343,early_lightgbm_12_2024,svi,SN Ibc,6.990250711538231,PSO J135648.106-132513.333,0.503937908489831,PHOT,False,,,,,,,,,,,,,,,,
ANT20258g2bbzcgfe7t,---,---,,0.448,212.6899623999892,-6.272799869722292,19.0446834564209,0.089556800230639,early_lightgbm_12_2024,svi,SN Ibc,6.369044601605061,LCRS B140807.9-060209,0.2388544380844498,PHOT,False,,,,,,,,,,,,,,,,
ANT2025ei2gux3xlwwk,---,---,,0.422,212.9205285,-13.475660010221633,18.975372314453125,0.0890823002264369,early_lightgbm_12_2024,svi,SN Ibc,20.44559513469448,WISEA J141142.15-132822.7,0.1600454430551229,PHOT,False,,,,,,,,,,,,,,,,
ANT2025anwzh0qmgqhb,2025aaq,---,,0.607,76.2223285001304,-24.40862530351214,19.0882511138916,23.292575010164,full_lightgbm_12_2024,svi,SN Ibc,7.710251181899249,WISEA J050453.78-242426.2,0.044013,SPEC,False,,,,,,,,,,,,,,,,
ANT2025rpd014lxzbiv,2025auc,---,,0.541,228.82983308802653,24.59816963276289,18.959333419799805,15.00524860999576,early_lightgbm_12_2024,svi,SN Ibc,12.163397138244424,WISEA J151519.24+243541.1,0.069561,SPEC,False,,,,,,,,,,,,,,,,
ANT2025kjkkcumumoq7,2025aor,---,,0.5,273.3263017,26.0228466,18.50374984741211,23.04054961034126,full_lightgbm_12_2024,svi,SN Ibc,9.022070400610115,WISEA J181318.71+260114.9,0.0836446935593153,PHOT,False,,,,,,,,,,,,,,,,
ANT2025b8hdumbi2kkp,2025axo,---,,0.462,54.65321493416488,-6.53592737131072,19.09728240966797,19.406078160813195,full_lightgbm_12_2024,svi,SN IIn,11.338467841678463,WISEA J033836.46-063219.8,0.2294942338430177,PHOT,False,,,,,,,,,,,,,,,,
ANT2025fqislhjgakdn,2025apm,---,,0.451,132.5685270608745,-9.109508250201372,18.91309928894043,16.179527260901523,early_lightgbm_12_2024,svi,SN Ibc,1.13511321375256,WISEA J085016.36-090635.5,0.1704018666265002,PHOT,False,,,,,,,,,,,,,,,,
ANT2025h616lhwb91xw,2025bdk,---,,0.449,145.10323491545074,66.41219159179,19.37659454345703,6.2184855608065845,early_lightgbm_12_2024,svi,SN Ibc,3.291951842003221,WISEA J094025.16+662441.9,0.045765,SPEC,False,,,,,,,,,,,,,,,,
ANT2024hp2cttf4noyo,2024adml,SN Ic-BL,0.037,0.88,152.66869967133724,-2.4347398185066,17.391496658325195,66.6175902049581,full_lightgbm_12_2024,svi,SN Ibc,18.83183742070052,PSO J152.6651-02.4309,0.4380075652014609,,False,-22.784424737149145,0.5923410343016218,panstarrs,,,,,,,,,,,,,
ANT2025eygcicaouoc4,2025brs,SN Ia,0.00952,0.848,94.74628405794115,-24.6275112067313,15.999297142028809,0.8563865047472063,early_lightgbm_12_2024,svi,SN Ibc,10.574253917723032,PSO J094.7462-24.6246,0.2819522805025218,,False,-24.217843956138992,0.959332788616862,panstarrs,,,,,,,,,,,,,
ANT2025yjxdqqkxhr4s,---,---,,0.651,143.2774318,11.605242294679826,18.1232967376709,0.8466642048733775,early_lightgbm_12_2024,svi,SN Ibc,13.985309485329015,,0.906887,,False,-21.63711686711342,0.5518621400498054,decals,,,,,,,,,,,,,
ANT2025j5w5a8rbkdtd,2025tn,---,,0.597,255.41113830172804,10.578187410643537,18.891332626342773,16.588134104997152,full_lightgbm_12_2024,svi,SN Ibc,0.8059513366983332,,0.414513,,False,-20.6246281487863,0.9999821935292916,decals,,,,,,,,,,,,,
ANT2025uv57pvqe12th,2025pp,---,,0.573,120.9249117922611,60.612441277161714,17.60321044921875,27.78815730489441,full_lightgbm_12_2024,svi,SN Ibc,13.71611416894786,,0.306724,,False,-19.45978047858329,0.4906894760209472,decals,,,,,,,,,,,,,
ANT20250b74la013byo,---,---,,0.572,108.0609709,7.231765374146377,19.10773277282715,0.8684003047237638,early_lightgbm_12_2024,svi,SN Ibc,17.047145644722125,PSO J108.0571+07.2345,0.1269381732223899,,False,-23.23745716459254,0.1079930368283871,panstarrs,,,,,,,,,,,,,
ANT2025epbh67hmhuyg,2025cib,---,,0.505,128.56322056808523,29.70479541381509,19.53489875793457,0.8198703049274627,early_lightgbm_12_2024,svi,SN Ibc,8.546229229617994,PSO J128.5609+29.7060,0.5956795534701053,,False,-23.17895108888069,0.9557755388207636,panstarrs,,,,,,,,,,,,,
ANT2025e61oet07vbb2,2025cja,---,,0.445,245.0918983,-4.343707364822038,19.323299407958984,8.53856240506866,early_lightgbm_12_2024,svi,SN Ibc,1.3327224355553464,PSO J245.0918-04.3434,0.1002129964386445,,False,-19.65693454590358,2.074538507646093e-06,panstarrs,,,,,,,,,,,,,
ANT2025ghcz6qw5fese,2025coj,---,,0.408,115.33820183402402,23.35379636415395,19.63283348083496,0.9093957046570722,early_lightgbm_12_2024,svi,SN IIn,3.498226300512792,PSO J115.3374+23.3544,0.2838714643126833,,False,-21.159255078392604,0.8741287339629502,panstarrs,,,,,,,,,,,,,
ANT2025shs9jmx17iyl,---,---,,0.401,186.4692989911801,-19.616689855491543,19.12611961364746,2.659071604866768,early_lightgbm_12_2024,svi,SN IIn,17.41626663723956,PSO J186.4730-19.6200,0.4762541415710015,,False,-20.72938642481543,0.1848535581139529,panstarrs,,,,,,,,,,,,,
ANT20247dwqxz45945v,2024admc,SN Ib/c,0.0168,0.873,34.71691930253789,33.721845808424284,17.303627014160156,62.519591262615,full_lightgbm_12_2024,svi,SN Ibc,16.45436918233267,,0.5676276813832136,,False,-21.74046478487959,0.3963459686131417,panstarrs,,,,,,,,,,,,,
ANT2025ev9wdxfuhyhm,2025bec,---,,0.748,55.206191763434354,39.6189958809352,18.14089012145996,11.492669962863149,early_lightgbm_12_2024,svi,SN Ibc,10.641307124259413,,0.531742463838546,,False,-25.314672260807164,0.6647237148659372,panstarrs,,,,,,,,,,,,,
ANT2025dx9aoacxzx3m,2025tt,SN Ic-BL,0.045,0.714,42.84185523689268,17.18061602816057,18.17072486877441,27.561720862569928,full_lightgbm_12_2024,svi,SN Ibc,15.75603210369936,,0.5011612133176699,,False,-21.30617934019699,0.8487460318739952,panstarrs,,,,,,,,,,,,,
ANT2024z8fm9oi76xh5,2024agkn,---,,0.705,62.66872545810339,29.68131273331315,18.27359962463379,36.46457966282469,early_lightgbm_12_2024,svi,SN Ibc,9.07782756031595,,0.2920537037091388,,False,-22.80929308209558,0.1492766062169588,panstarrs,,,,,,,,,,,,,
ANT2024382nx87bbpk3,2024afao,SN Ic,0.05,0.548,44.50581391412325,41.71394165969976,18.249202728271484,47.36683666245517,full_lightgbm_12_2024,svi,SN Ibc,8.576926372444035,,0.5000869318075464,,False,-20.896487890441207,0.6437444215202879,panstarrs,,,,,,,,,,,,,
ANT2025s9gguc51cyh9,2025ts,---,,0.496,48.05120472222414,42.009116385847975,18.703184127807617,22.5596606624822,full_lightgbm_12_2024,svi,SN Ibc,14.33375225097569,,0.3205351576535734,,False,-20.822646107611863,0.3499418941725789,panstarrs,,,,,,,,,,,,,
ANT20256k13jb7hix3z,2025cj,---,,0.466,129.7832391386921,45.13062124721425,19.892093658447266,4.532102862889587,early_lightgbm_12_2024,svi,SN Ibc,20.2837232330258,,0.524808,,False,-18.60080768826013,0.3611054660356665,decals,,,,,,,,,,,,,
ANT2024uheay01vssax,---,---,,,159.22796532417945,-19.458238686828366,17.817699432373047,56.59105661876674,full_lightgbm_02_2025,svi,SN IIn,1.2959218173059244,8.465159227594054e+16,0.0835934682010663,,False,-22.68529539298798,0.9996186343793404,panstarrs,0.579,True,SN IIn,0.339,,,,,,,,,
ANT20252stindehk72s,2025cuf,SN Ia,0.023717,,138.4435764006232,34.83940328358819,18.275619506835938,2.6283251190761803,full_lightgbm_02_2025,svi,SN IIn,13.102215296693377,9907733312176456.0,0.241178,,False,-18.97460922961256,0.1051855775121599,decals,0.576,False,SN Ibc,0.435,,,,,,,,,
ANT2024wairbn2ezgtr,2024aeee,SN II,0.0116,,123.71213429968684,73.578898387782,15.26935577392578,63.46599881902512,full_lightgbm_02_2025,svi,SN Ibc,18.58814059649292,9907741762193688.0,0.047619,,False,-19.697682161000177,0.9716732407046804,decals,0.561,True,SN II,0.79,,,,,,,,,
ANT20254by4lubsaq2o,---,---,,,102.4650505813846,23.36657703651659,17.26288414001465,2.6861145188304363,early_lightgbm_02_2025,svi,SN Ibc,13.126445329329531,1.3604102461745293e+17,0.1185715508625265,,False,-23.181799423873528,0.2916681959349992,panstarrs,0.448,False,,,,,,,,,,,
ANT2025tjqjxyjdjgs8,---,---,,,91.9066804,-12.8533068,14.003700256347656,58.74109131882142,full_lightgbm_02_2025,svi,SN IIn,11.018756726035091,9.257091908525338e+16,0.2295007496358389,,False,-21.55057807930732,0.6139300582492437,panstarrs,0.432,True,SLSN-I,0.509,,,,,,,,,
ANT20254qwn9b12oqv8,2025aid,SN Ia-91T-like,0.077,,145.80611572519334,15.138376682239624,18.22968482971192,27.512688619011897,full_lightgbm_02_2025,svi,SN Ibc,1.973346919180192,9906627149762042.0,0.082911,,False,-21.4631421682335,0.999664490380476,decals,0.411,True,SN Ia,0.367,,,,,,,,,
ANT2025ivfrcn3midra,---,---,,,106.1288257,21.828812900000003,18.829736709594727,2.682283518763142,early_lightgbm_02_2025,svi,SN Ibc,12.519678304709403,1.3419106126990875e+17,0.0853918287432956,,False,-22.970093086460224,0.5708546921965085,panstarrs,0.405,False,,,,,,,,,,,
ANT2025i3ag1eqgl06e,---,---,,,113.4249311,18.3799241,18.99802017211914,2.681334419103223,early_lightgbm_02_2025,svi,SN Ibc,,,,,False,,,,0.454,False,,,,,,,,,,,
ANT2024iagunwjoekbr,---,---,,,106.529901,-0.4704514983820189,19.01679992675781,88.49746871918614,full_lightgbm_02_2025,svi,SN IIn,0.3064992657496024,1.0743106529885598e+17,0.0574858847380634,,False,-21.48279252828374,0.9946220149084763,panstarrs,0.446,True,SN II,0.34,,,,,,,,,
ANT2025iv1gpyq933g0,---,---,,,108.74294841286168,22.451769571228,17.969722747802734,2.682283518763142,early_lightgbm_02_2025,svi,SN Ibc,,,,,False,,,,0.444,False,,,,,,,,,,,
ANT2025f8976axes9hb,---,---,,,102.33522979999996,22.5156145,17.60202980041504,2.6861145188304363,early_lightgbm_02_2025,svi,SN Ibc,,,,,False,,,,0.417,False,,,,,,,,,,,
ANT2025wguvdcxdl8y8,2025bwp,SN II,0.041433,,151.16069300621092,37.07625588596636,18.35164451599121,11.839840682623617,full_lightgbm_02_2025,svi,SN IIn,14.360274608461763,9907734004828860.0,0.20568,,False,-19.95080436553016,0.9870017545971648,decals,0.751,True,SN IIn,0.385,,,,,,,,,
ANT2024qtzyv6081cw3,---,---,,,178.0284786897648,-9.056242710587412,16.47452163696289,1.6551878828831832,full_lightgbm_02_2025,svi,SN IIn,1.4521599971071313,9906618077938408.0,0.21605,,False,-25.11943338037114,0.9988757940103922,decals,0.552,True,SN II,0.491,,,,,,,,,
ANT20254irpno7fbwy6,2025bod,SN Ia,0.07,,83.06112619449928,-19.09083284159236,18.301958084106445,14.818602282488428,full_lightgbm_02_2025,svi,SN IIn,14.517763869942147,9906614391675870.0,0.086046,,False,-22.19632555670008,0.4291989361300196,decals,0.528,False,SN Ia,0.71,,,,,,,,,
ANT2024av2r8ul316nk,2024aduf,SN Ia,0.018323,,232.43921135192195,42.921934335852,15.804966926574709,78.56948188266688,full_lightgbm_02_2025,svi,SN IIn,42.379007903974895,9907735760145862.0,0.041368,,False,-19.00975983765261,0.0797230544897687,decals,0.527,False,SN Ia,0.853,,,,,,,,,
ANT2024ic31dtqnqvgt,---,---,,,240.41085364356064,66.44286280756006,17.673425674438477,75.53996798249864,full_lightgbm_02_2025,svi,SN IIn,0.6472593652912215,9907740862648296.0,0.108566,,False,-22.773000065431063,0.9999900812152256,decals,0.492,True,SN II,0.339,,,,,,,,,
ANT202533lwx8et8su2,2025cfs,SN Ia,0.073,,136.50607001153082,51.41270121651985,18.138410568237305,0.7633664455570397,early_lightgbm_02_2025,svi,SN IIn,3.7899337142198006,2393686,0.0671066934032762,,False,16.67,0.9741207058419128,glade,0.505,True,SN Ia,0.52,-19.447024905783127,,,,,,,,
ANT20254u6c2m13t948,2025cku,---,,,147.68655789584656,27.30245612162185,18.11679458618164,0.7643734455414233,early_lightgbm_02_2025,svi,SN IIn,1.3230850870215132,9906631371985622.0,0.08428,,False,-19.609279476603795,0.9999159778337252,decals,0.482,True,SN Ia,0.594,-19.78606263172292,,,,,,,,
ANT2025n3pfarqf7xnf,2025ay,SN Iax[02cx-like],0.02005,,144.30198404632682,38.09396715538468,16.68027687072754,34.20171964527253,full_lightgbm_02_2025,svi,SN Ibc,21.35402340074096,9907734303867442.0,0.170776,,False,-20.0930938228574,0.2399317802895831,decals,0.669,True,SN Ibc,0.891,-18.07157197033311,,,,,,,,
ANT2024ulinljtvdwf2,2024adix,SN Ia,0.021035,,170.25461884956067,21.33906477359308,16.686691284179688,80.97732144533802,full_lightgbm_02_2025,svi,SN IIn,7.389423976028086,9906629309434560.0,0.042974,,False,-19.626963737606022,0.9944979815198404,decals,0.612,True,SN Ia,0.42,-18.1698440838129,,,,,,,,
ANT20250jtu2nngfrch,2025bvy,---,,,253.08269381127928,46.27405341401116,18.87807273864746,16.112587645511667,full_lightgbm_02_2025,svi,SN IIn,2.092087949932242,9907736639373374.0,0.117028,,False,-21.897685561887315,0.9996077926422728,decals,0.58,True,SN Ibc,0.342,-19.75247778525919,,,,,,,,
ANT2025fi48fkcs8il0,---,---,,,130.68287782215808,-12.681744175807012,19.37592887878418,13.203386245157162,full_lightgbm_02_2025,svi,SN IIn,5.128624456030393,9.278130681455192e+16,0.2267050340579223,,False,-22.16810009135897,0.7916885757626866,panstarrs,0.571,True,SN Ia,0.549,-20.731924088732168,,,,,,,,
ANT20257h9twhacqm1i,---,---,,,295.9658416346223,68.72763860327103,18.86322784423828,13.989439545526691,full_lightgbm_02_2025,svi,SN IIn,2.04500404427561,9907741193013206.0,0.073263,,False,-22.63567435153764,0.9991313459021096,decals,0.567,True,SN Ia,0.371,-18.73014479280469,,,,,,,,
ANT2025qdr8jv6oqq8c,2025apb,SN Ia,0.082285,,147.15818731808426,9.125997143073036,18.464086532592773,23.099995045318792,full_lightgbm_02_2025,svi,SN IIn,2.7879435734180777,1.1895147158908203e+17,0.0774253841851709,,False,-21.79131679561901,0.9986708410615152,panstarrs,0.551,True,SN Ia,0.743,-19.38580514774614,,,,,,,,
ANT2025fhf72pxig2s8,2025kj,SN Ia,0.04,,212.662548689262,-5.893059926706087,17.30588150024414,43.99057374554832,full_lightgbm_02_2025,svi,SN IIn,2.073896395537001,1.0092212663023826e+17,0.0737905520144093,,False,-20.211625011918294,0.9998524454752376,panstarrs,0.534,True,SN Ia,0.902,-18.95649807956377,,,,,,,,
ANT2025b0m9m7n0g9yz,2025apa,SN Ia,0.061179,,149.78759222326934,10.291610087859551,18.094600677490234,16.2831663455363,full_lightgbm_02_2025,svi,SN IIn,3.497021516802988,1377388,0.0609069807359853,,False,16.42,0.95228355081996,glade,0.514,True,SN Ia,0.936,-19.10139261928992,,,,,,,,
ANT20251eb6j368nqyd,2025xj,SN Ia,0.05,,175.5385339830435,-18.684668408039883,17.711103439331055,34.10776124554832,full_lightgbm_02_2025,svi,SN Ibc,4.768551793938136,8.557175539200757e+16,0.0352232303034105,,False,-18.62152393153417,0.6691554407208842,panstarrs,0.456,True,SN Ia,0.832,-19.04104494309851,,,,,,,,
ANT2025r3l3qb1a1unp,2024agkj,SLSN-I,0.1934,,129.09357089132888,42.0256553217846,18.27751922607422,33.132738145395706,full_lightgbm_02_2025,svi,SN Ibc,0.0680468004250587,9907735461036488.0,0.368807,,False,-18.76658058825882,0.9165017373513435,decals,0.452,True,SN IIn,0.471,-21.473990705258142,,,,,,,,
ANT20258zj355b1djys,2025cbq,SN Ia-pec,0.024764,,292.09271689235914,56.58004904018056,17.697341918945312,8.947903745123767,full_lightgbm_02_2025,svi,SN IIn,13.066435330119988,9907739063684432.0,0.16605,,False,-18.970149574151893,0.6355210215136917,decals,0.676,False,SN Ibc,0.723,-17.515639393627342,,,,,,,,
ANT2025l7p3cgi8dke1,2025brx,---,,,281.95248535788176,28.40815073988599,18.311731338500977,18.994848145419382,full_lightgbm_02_2025,svi,SN IIn,0.727961185953407,1.4209281952584013e+17,0.0616140164380716,,False,-21.67665204940809,0.999921264405268,panstarrs,0.588,True,SN Ia,0.415,-18.899865661710336,,,,,,,,
ANT20258fpifynm1it3,2025bqa,---,,,242.3929565133255,22.16747922336303,18.649974822998047,15.01791534551012,full_lightgbm_02_2025,svi,SN IIn,1.6744536281532183,9906629678203800.0,0.119601,,False,-19.73067600326967,0.9999514804380404,decals,0.586,True,SN Ia,0.574,-20.02891700031919,,,,,,,,
ANT2025rfuym61016nw,---,---,,,257.1543969560664,25.90134893874871,18.860496520996094,7.118632945479476,early_lightgbm_02_2025,svi,SN IIn,1.305734417548614,9906630975099824.0,0.086995,,False,-20.042493156699663,0.9999775508248429,decals,0.423,True,SN Ia,0.423,-19.112489674576548,,,,,,,,
ANT2025ehgowafw9hz9,2025nb,SN Ia,0.040413,,246.0421778645953,25.66921262665595,16.95515251159668,29.96920004511776,full_lightgbm_02_2025,svi,SN Ibc,6.469249316467549,9906630887475988.0,0.178515,,False,-19.777058364405065,0.9740798686749308,decals,0.408,True,SN Ia,0.871,-19.3297506584146,,,,,,,,
ANT2025q56lnmnbe1a2,2025cff,SN Ia,0.041,,271.2270721572381,39.6806120251928,17.89651870727539,7.092672245358699,early_lightgbm_02_2025,svi,SN IIn,19.543835147753,9907734845327166.0,0.213679,,False,-20.92518921588023,0.240656283490962,decals,0.401,True,SN Ia,0.36,-18.420007887103605,,,,,,,,
ANT2025mqiwy4wdcyid,---,---,,,291.883715470178,58.61533290963245,19.24134826660156,13.009558845093125,full_lightgbm_02_2025,svi,SN IIn,0.2859318129287662,9907739470338532.0,0.155059,,False,-18.753062669356243,0.98552180452632,decals,0.581,True,SN Ia,0.485,-20.01599963231413,,,,,,,,
ANT2025qqieafqnsg9h,2025bvf,SN Ia,0.026596,,225.89901074063712,-25.454722338144222,17.844640731811523,13.98069330733415,full_lightgbm_02_2025,svi,SN IIn,45.1594033412187,7.744225910095558e+16,0.0699389129317507,,False,-23.11097764465861,0.9658437181458835,panstarrs,0.482,True,SN Ia,0.459,-17.524320757541773,,,,,,,,
ANT2025r24q78e8suww,2025aue,SN Ia-91T-like,0.019,,64.6266369586854,33.771113179519084,15.644068717956545,18.254235007429088,full_lightgbm_02_2025,svi,SN IIn,,,,,False,,,,0.558,False,SN Ia,0.575,-18.99039294853604,,,,,,,,
ANT202424ju9x3eczpc,2024aefa,SN II,0.048,,75.02707882231263,24.52429313457596,18.12022590637207,0.3242234071731218,early_lightgbm_02_2025,dynesty,SN Ibc,,,,,False,,,,0.512,False,SN IIn,0.503,-18.54224518268008,,,,,,,,
ANT20253c5ns42olf2n,2025acu,SN Ia,0.029,,158.358929,1.841416099793492,16.312692642211914,34.035155109922925,full_lightgbm_02_2025,svi,SN IIn,48.32462739705553,1.1021158347924938e+17,0.1452061917511427,,False,-22.96711147193868,0.9295699831899242,panstarrs,0.608,True,SN Ia,0.853,-19.245485966902155,,,,,,,,
ANT2025zt3d80mj9tzj,2025btt,SN Ia,0.09,,148.93572449588615,40.782781043117566,18.50627326965332,19.193882010273228,full_lightgbm_02_2025,svi,SN IIn,1.5792738565372055,9907735109569060.0,0.074331,,False,-18.13242097554372,0.99974526026609,decals,0.562,True,SN Ia,0.411,-19.54186069227676,,,,,,,,
ANT20253kuwjeql3ll8,2025oq,SN Ic-BL,0.01133,,136.1601384697206,18.466678386323625,15.463980674743652,45.16067591016326,full_lightgbm_02_2025,svi,SN Ibc,32.32684976098223,9906628323117338.0,0.085768,,False,-19.17918355442761,0.9573409143787048,decals,0.433,True,SN Ibc,0.699,-18.04355617981044,,,,,,,,
ANT2025ealzghq69oy8,2025awg,SN Ia,0.09,,136.74321569811224,22.225962323548003,18.474424362182617,26.068430609862844,full_lightgbm_02_2025,svi,SN Ibc,3.772210408858951,9906629652516316.0,0.087023,,False,-19.69898447968135,0.9999187461151589,decals,0.423,True,SN Ia,0.562,-19.57370959974746,,,,,,,,
ANT2025l3g2688xp6ql,2025ask,SN Ia,0.022681,,213.2035445,15.736129946943322,16.239656448364258,27.00380091029365,full_lightgbm_02_2025,svi,SN IIn,,,,,False,,,,0.655,False,SN Ia,0.626,-18.78138652628461,,,,,,,,
ANT2025j5ptbie5rvaj,2025arz,SN Ia,0.065,,151.7023506272954,39.530439680751485,17.848012924194336,25.202215310047904,full_lightgbm_02_2025,svi,SN IIn,0.2777183418532183,9907734748268032.0,0.365679,,False,-19.42197709772521,0.95227423071629,decals,0.55,True,SN Ia,0.857,-19.481441809759307,,,,,,,,
ANT20253qiqfnn98e4x,2025ass,SN Ia,0.03,,161.25758791150227,76.68672230023944,17.314983367919922,37.12242699226044,full_lightgbm_02_2025,svi,SN IIn,13.9557288366133,9907742083057964.0,0.06196,,False,-17.228836532169126,0.7266955532354964,decals,0.659,True,SN Ia,0.595,-18.317353666465213,,,,,,,,
ANT2025kf9exnh34ymi,2025buw,SN Ia,0.068,,85.46832491400258,62.90780127167801,18.142662048339844,29.267021892570483,full_lightgbm_02_2025,svi,SN IIn,10.299135700763582,1.8349085463820253e+17,0.0954692414616301,,False,-22.236553047075503,0.998043305766244,panstarrs,0.505,True,SN Ia,0.719,-19.28625465505977,,,,,,,,
ANT2025xmj9lacbigol,2025asr,SN Ia,0.04,,237.49831639335235,17.415730915938227,16.9124813079834,32.932299692627566,full_lightgbm_02_2025,svi,SN IIn,13.215372036280774,9906627988753840.0,0.311109,,False,-19.962869486812245,0.256037713543414,decals,0.505,True,SN Ia,0.915,-19.349898271824514,,,,,,,,
ANT2025cuqzs1zf87ef,2025czh,---,,,122.93730530275832,65.79847020837286,18.88910484313965,15.288237192180532,early_lightgbm_02_2025,svi,SN IIn,4.463317375812332,9907740734720004.0,0.162391,,False,-20.61723407666958,0.9965917416425214,decals,0.484,True,SN Ia,0.371,-20.471429889564668,,,,,,,,
ANT202501x9gluo5196,2025chq,---,,,131.29703520859186,-8.414320834623808,18.232328414916992,15.291651592568089,full_lightgbm_02_2025,svi,SN IIn,9.24689062290536,9906618252526164.0,0.104995,,False,-22.19897356548888,0.999985278921106,decals,0.469,True,SN Ia,0.757,-20.15729730137119,,,,,,,,
ANT2025czrejj36q7cv,---,---,,,187.83341188164027,67.11046538274374,18.75390625,22.117010392226803,full_lightgbm_02_2025,svi,SN IIn,1.088772349851419,9907740932113628.0,0.110358,,False,-20.007516815143408,0.9999558885520294,decals,0.449,True,SN Ia,0.473,-19.74628639545416,,,,,,,,
ANT2025evohk94wsq49,---,---,,,101.17864752571217,77.72600058322482,17.342538833618164,1.264058992244827,early_lightgbm_02_2025,svi,SN IIn,10.996765246628597,9907742164189764.0,0.049255,,False,-21.27198610071038,0.999529456997534,decals,0.416,True,SN Ia,0.496,-19.37662677848587,,,,,,,,
ANT20259zjf0g10492f,2025bcj,---,,,195.78432715433647,1.8800351781770808,18.499568939208984,20.09771639246173,full_lightgbm_02_2025,svi,SN IIn,1.888547739673604,1.1025195783949622e+17,0.0464199530791828,,False,-19.81265058082605,0.9917681219652366,panstarrs,0.403,True,SN Ia,0.409,-18.08939936972158,,,,,,,,
ANT2025pzpe1snbjuy7,2025baq,SN Iax[02cx-like],0.007438,,215.574553053542,50.50837992128,17.448400497436523,39.01006732776296,full_lightgbm_02_2025,svi,SN IIn,26.85464195063414,1.686021557848323e+17,0.124909757910099,,False,-26.61332989407783,0.999992840893019,panstarrs,0.561,True,SN Ibc,0.525,-15.14305161152575,,,,,,,,
ANT2025f6yum477eavz,2025nz,SN II,0.03,,255.2911386014806,20.67154936899709,17.898906707763672,68.92969702777918,full_lightgbm_02_2025,svi,SN IIn,6.435972954576489,1.3280255291240856e+17,0.0305136999303805,,False,-21.600200728939647,0.7453584127195974,panstarrs,0.538,True,SN II,0.815,-17.733430326621463,,,,,,,,
ANT2025j3bdbx7etlm0,2025adj,SN II,0.011389,,224.93530601428503,51.46307373286933,16.313596725463867,55.99076182756107,full_lightgbm_02_2025,svi,SN IIn,1.070508067941985,9907737940985332.0,0.092169,,False,-18.51755233418092,0.999801093870096,decals,0.482,True,SN II,0.845,-17.205251977757793,,,,,,,,
ANT2025xugrbjdb9wlg,2025dzm,SN II,0.016,,287.3833207,26.82162107754823,16.50290870666504,3.957463227561675,early_lightgbm_02_2025,svi,SN IIn,3.659466053646709,1.4018287384314712e+17,0.1636604146728138,,False,-21.484208641701294,0.3862342000298712,panstarrs,0.449,False,SN II,0.31,-17.756710066820983,,,,,,,,
ANT2025rcf67v8y3jzn,2025cue,SN Ia,0.063,,229.2638845499987,-23.067540184265084,18.536121368408203,19.974640164793527,full_lightgbm_02_2025,svi,SN IIn,1.4767811091949568,80312292643199545,0.1075965248668328,,False,-18.818297771633645,0.9909873318245976,panstarrs,0.531,True,SN Ia,0.599,-18.72447367655256,,,,,,,,
ANT2025yuw5hex5udy3,2025dyo,SN Ia,0.039,,234.3680793,5.819814928407752,17.19116973876953,10.970068464790527,full_lightgbm_02_2025,dynesty,SN IIn,7.641137536167697,114982343660464981,0.0541401997443576,,False,-21.72649629084264,0.9978120782223135,panstarrs,0.45,True,SN Ia,0.46,-19.01570393071492,,,,,,,,
ANT2025jmyamb7v4kcd,---,---,,,299.6787116459178,29.813244291717872,17.72901725769043,12.341574538244458,early_lightgbm_02_2025,svi,SLSN-I,0.3542892424264928,1.4377299678816656e+17,0.0988920144218436,,False,-22.95079586651453,0.9738719742305404,panstarrs,0.555,False,,,,False,,,0.97,,,,
ANT2025xkxvr4644gk2,2025euj,---,,,236.3120382,8.770671500073405,19.15271377563477,13.331863838458958,full_lightgbm_02_2025,svi,SN IIn,6.11961891054705,9906624771657474.0,0.374142,,False,-21.276428782603453,0.0717877122981283,decals,0.588,True,SN Ibc,0.508,-22.08186511724081,False,0.374142,,0.989,,,,
ANT2025g2kz723we9kd,2025dip,---,,,229.1498012635488,29.31119945298446,18.902299880981445,16.447500438174757,full_lightgbm_02_2025,svi,SN IIn,5.548596197098036,9906632056901248.0,0.092525,,False,-20.34110746756338,0.9998924019290772,decals,0.516,True,SN Ia,0.421,-19.207090741997703,False,0.092525,,0.966,,,,
ANT20250132sf3eq1px,2025fds,SN,0.026,,128.47170575370936,57.53953208625379,17.558143615722656,12.219110308353264,full_lightgbm_02_2025,svi,SN IIn,34.09183852330612,9907739246659880.0,0.158873,,False,-19.110755467740667,0.3520506799758812,decals,0.639,False,SN Ia,0.26,-17.761277333547568,False,0.026,,0.992,,,,
ANT2025y6pcfa8sr1ra,2025qq,SN II,0.016,,144.5544212704087,48.38650877923608,18.53611946105957,49.13230113403552,full_lightgbm_02_2025,svi,SLSN-I,17.131609943883113,9907737196890388.0,0.067061,,False,-16.438715949853187,0.5125167301134763,decals,0.601,True,SN II,0.907,-15.72349931242645,False,0.016,,0.919,,,,
ANT2025utyzppwyovkp,2025fax,---,,,281.0539454963832,46.23049076350181,18.18577003479004,2.325069838414493,full_lightgbm_02_2025,svi,SLSN-I,6.096196923097245,9907736644424512.0,0.067951,,False,-19.77299146632392,0.9973715924630202,decals,0.474,True,SN Ia,0.585,-19.24155721461856,False,0.067951,,0.986,,,,
ANT2025iuawtw92onvs,2025dir,---,,,230.6779887,30.04137209999999,18.54846572875977,16.363623138262483,full_lightgbm_02_2025,dynesty,SN IIn,4.15634033534539,9906632303711296.0,0.071218,,False,-19.86298589737016,0.9999724639901718,decals,0.42,True,SN Ia,0.628,-18.982434990343044,False,0.071218,,0.942,,,,
ANT2025jlqfe43gi2yl,2025fto,---,,,234.91977159999985,6.341867051325863,18.544851303100582,2.2903879373770906,early_lightgbm_02_2025,svi,SLSN-I,9.924110524461936,9906623834884288.0,0.079363,,False,-20.893356059704043,0.9999999999999152,decals,0.408,True,SN Ia,0.37,-19.225132808851907,False,0.079363,,0.892,,,,
ANT2025l59hvyjor714,2025eqn,---,,,276.32961500167403,46.57928285347449,18.8357048034668,19.944323457770224,full_lightgbm_02_2025,svi,SLSN-I,1.8091937895430124,9907736708781801,0.095208,,False,-17.248733164065175,0.9989473372737726,decals,0.444,True,SN Ia,0.518,-19.33699653721943,False,0.095208,,0.981,,,,
ANT2025g5rvwtyrgflr,2025bys,---,,,106.32832192769833,58.14433669050021,18.18209457397461,43.19861745787057,full_lightgbm_02_2025,svi,SN IIn,1.5113808185463868,9907739395031373,0.030962,,False,-17.511236774639237,0.9454116319889032,decals,0.417,True,SN II,0.783,-17.51930150597634,False,0.030962,,0.838,,,,
ANT20256wv52oiuhd6j,2025dza,---,,,107.04198821685848,62.213466468888726,18.471820831298828,15.186899608139356,full_lightgbm_02_2025,svi,SN IIn,2.122653153432722,9907740149286668.0,0.093281,,False,-20.31462194146205,0.9999685511427931,decals,0.405,True,SN Ia,0.742,-19.65559025427136,False,0.093281,,0.858,,,,
ANT20259ilmzosxsjdw,2025cap,---,,,125.24856169452984,8.389168205900788,18.584794998168945,35.16107115800696,full_lightgbm_02_2025,svi,SLSN-I,1.633000127876952,9906624649495264.0,0.143896,,False,-19.61959876367545,0.9998765231128044,decals,1.0,True,SN Ia,0.988,-20.505846503359187,False,0.143896,,1.0,,,,
ANT2025xfma0ktdzcxm,2025fuo,---,,,297.35481878019124,52.36246681803718,18.55919075012207,0.4064819681880181,early_lightgbm_02_2025,svi,SN Ibc,4.473014307544402,1.7083297356867552e+17,0.067135182113374,,False,-21.24036322291559,0.96933140075047,panstarrs,0.707,False,,,,False,,,0.967,781P2.E_1,<https://ziggy.ucolick.org/yse/transient_detail/2025fuo|*YSE-PZ*>,,
ANT202522ldtbee8g48,2025fbb,---,,,281.0679147,11.248273285853912,17.176349639892578,12.31523193812609,full_lightgbm_02_2025,svi,SLSN-I,7.436071786594686,1.2149281067933597e+17,0.0566968709018012,,False,-17.288359024644492,0.1788777455657018,panstarrs,0.556,False,,,,False,,,1.0,529P2.E,<https://ziggy.ucolick.org/yse/transient_detail/2025fbb|*YSE-PZ*>,,
ANT2025pqxeriqh2hef,2025fma,---,,,310.3624075499969,63.14009240000102,15.416837692260742,22.946629679652688,full_lightgbm_02_2025,svi,SN IIn,,,,,False,,,,0.554,False,,,,False,,,0.8200000000000001,,<https://ziggy.ucolick.org/yse/transient_detail/2025fma|*YSE-PZ*>,,
ANT2025i5r2uv24n93g,2025evp,---,,,91.441586046056,48.496920666705016,18.39352226257324,0.196152257725771,early_lightgbm_02_2025,svi,SN Ibc,1.690942990065241,1.6619091441708755e+17,0.1486641558952827,,False,-20.82143249082798,0.921899557723803,panstarrs,0.671,False,,,,,,,1.0,781P2.B_1,<https://ziggy.ucolick.org/yse/transient_detail/2025evp|*YSE-PZ*>,,
ANT2025mejdewtyaz8f,2025bdt,SN II,0.04,,288.0390628903609,58.47400994589988,18.45705223083496,27.36002353832737,full_lightgbm_02_2025,svi,SN IIn,5.8941428186995255,9907739469813030.0,0.03434,,False,-17.266486613598065,0.8622609268850169,decals,0.499,True,SN IIn,0.923,-17.805327348972952,,0.04,,1.0,787P2.D,<https://ziggy.ucolick.org/yse/transient_detail/2025bdt|*YSE-PZ*>,,
ANT2025r9z13t8d84iq,2025ezo,---,,,139.6551672946493,14.857734189744647,18.73259735107422,27.2296362287234,full_lightgbm_02_2025,svi,SLSN-I,1.1748233470365168,9906626965672036.0,0.23726,,False,-20.249666469857715,0.994463249807262,decals,0.999,True,SN Ia,0.63,-21.47744670761165,,0.23726,,1.0,666.D_1,<https://ziggy.ucolick.org/yse/transient_detail/2025ezo|*YSE-PZ*>,,
ANT2025dixphrnqnbjl,2025ftw,---,,,195.60420440731707,-16.000259503520695,19.07309913635254,14.11352512853773,full_lightgbm_02_2025,dynesty,SN Ibc,1.301418016899181,8.87919560402597e+16,0.1549803290036901,,False,-20.443038150623565,0.9994947394891184,panstarrs,0.872,True,SN Ibc,1.0,-20.18311575071369,,0.1549803290036901,,0.908,311P2.F,<https://ziggy.ucolick.org/yse/transient_detail/2025ftw|*YSE-PZ*>,,
ANT2025apo0kdeb5l7s,2025gtd,---,,,126.21842025,2.8943666401835912,15.614639282226562,15.267900128463223,full_lightgbm_02_2025,svi,SN IIn,16.726156106839042,9906622582756664.0,0.179768,,False,-21.73452132423716,0.6122277323555649,decals,0.867,False,,,,,,,0.935,311P2.F,<https://ziggy.ucolick.org/yse/transient_detail/2025gtd|*YSE-PZ*>,,
ANT2024z6w0oa58pxj1,2024ablh,SN II,0.004376,,192.88098171110727,-13.334083948228582,17.105792999267578,151.95036542889284,full_lightgbm_02_2025,svi,SN Ibc,51.71834444605791,9.201192889909325e+16,0.1164414207845163,,False,-24.401207954413834,0.9997496658542396,panstarrs,0.758,True,SN II,0.51,-14.332006579099744,,0.004376,,1.0,577.B,<https://ziggy.ucolick.org/yse/transient_detail/2024ablh|*YSE-PZ*>,,
ANT2025jirh0djhiqel,2025fpz,SN Ic-BL,0.01,,117.18533951088746,66.19743009632647,16.867229461669922,16.183761898457306,full_lightgbm_02_2025,svi,SN Ibc,38.61464099702924,1.874211716678384e+17,0.0952904954254885,,False,-21.328871268305228,0.7107078328597978,panstarrs,1.0,False,SN Ibc,1.0,-16.368402907145075,,0.01,,1.0,707.C,<https://ziggy.ucolick.org/yse/transient_detail/2025fpz|*YSE-PZ*>,,
ANT2025eghmpu69dlp2,2025ddd,---,,,244.09769711361795,12.59165760232466,17.905799865722656,42.03998879858409,full_lightgbm_02_2025,svi,SLSN-I,2.274465964361772,9906626166002028.0,0.104526,,False,-20.386866770525888,0.9988581320210732,decals,0.99,True,SN Ia,0.988,-20.47389376501493,,0.104526,,0.99,529P2.F,<https://ziggy.ucolick.org/yse/transient_detail/2025ddd|*YSE-PZ*>,,
ANT2025rajiu6qqu64b,2025fxk,---,,,128.70646516252066,8.712817800029839,19.072185516357425,5.229085998638766,early_lightgbm_02_2025,svi,SLSN-I,1.0432365930462646,1.1845128706482618e+17,0.2111939754753384,,False,-20.673826138707994,0.9802240692469248,panstarrs,0.921,True,SLSN-I,0.876,-20.876626613898377,,0.2111939754753384,,1.0,529P2.E,<https://ziggy.ucolick.org/yse/transient_detail/2025fxk|*YSE-PZ*>,,
ANT2025var91j3euhnv,2025qf,---,,,141.03802795573947,51.524369523617096,18.97696113586425,16.201967898319708,early_lightgbm_02_2025,svi,SN IIn,6.403349040619788,9907737927224348.0,0.098682,,False,-17.477359282307255,0.9986808178016464,decals,0.496,True,SN IIn,0.703,-19.27515446045615,,0.098682,,0.997,781P2.C_1,<https://ziggy.ucolick.org/yse/transient_detail/2025qf|*YSE-PZ*>,,
ANT2025stdwagtwtc85,---,---,,,136.48843449372657,7.259422513814187,19.17639923095703,12.225532698474126,full_lightgbm_02_2025,svi,SN Ibc,24.91886369799936,1.1670136488953352e+17,0.1393256444800843,,False,-20.386569938005696,0.2441125303154329,panstarrs,0.483,False,,,,,,,0.978,481P2.F,<https://ziggy.ucolick.org/yse/transient_detail/2025guh|*YSE-PZ*>,,
ANT2025178e4gnx8q3u,2025hyz,---,,,297.87579384977766,12.554716195970784,16.775501251220703,2.05888089929067,early_lightgbm_02_2025,svi,SLSN-I,7.482131052601267,123062978750253856,0.069199655427439,,False,-20.189828049758283,0.8386991301220323,panstarrs,1.0,True,SN Ibc,0.745,-20.69198094556066,,0.069199655427439,,1.0,529P2.F,<https://ziggy.ucolick.org/yse/transient_detail/2025hyz|*YSE-PZ*>,,
ANT202576wt7hkr3whl,2025fud,---,,,229.99504789932155,-7.169204249590933,19.062217712402344,25.018660899440874,full_lightgbm_02_2025,svi,SLSN-I,5.090116944458531,9906618746078204.0,0.223598,,False,-20.217950170940817,0.9984261755141568,decals,1.0,True,SN Ia,0.892,-21.01465657158748,,0.223598,,1.0,759P2.E,<https://ziggy.ucolick.org/yse/transient_detail/2025fud|*YSE-PZ*>,,
ANT2025tc82tme0y48w,2025hde,---,,,272.3860074630219,70.95168919714659,17.167137145996094,14.01984149935015,early_lightgbm_02_2025,svi,SLSN-I,72.62535741995627,9907741484188440.0,0.161812,,False,-21.802124751123635,0.9858452434257544,decals,1.0,True,SN II,0.932,-22.18541744782888,,0.161812,,1.0,,<https://ziggy.ucolick.org/yse/transient_detail/2025hde|*YSE-PZ*>,,
ANT2025s0t0xu9ksd4x,2025erz,---,,,132.27379711347558,22.54976031456671,19.48730087280273,14.285061399641563,full_lightgbm_02_2025,svi,SN IIn,2.9270610115754123,9906629738825704.0,0.114175,,False,-18.6197056588834,0.9995371682291612,decals,1.0,True,SLSN-I,0.601,-19.088409536716185,,0.114175,,1.0,628P2.E_1,<https://ziggy.ucolick.org/yse/transient_detail/2025erz|*YSE-PZ*>,,
ANT2024m7qd0g1kphzj,2024agir,SLSN-I,0.3878,,242.30618776254755,43.95097040299514,18.94669914245605,121.96362619959108,full_lightgbm_02_2025,svi,SLSN-I,57.91665612952341,9907736036577020.0,0.094538,,False,-19.12310227185697,0.7957336453970252,decals,0.997,False,SN IIn,0.489,-22.36851549076316,,0.3878,,1.0,712P2.F_1,<https://ziggy.ucolick.org/yse/transient_detail/2024agir|*YSE-PZ*>,,
ANT20250a77xwhfpru6,---,---,,,277.868347850606,42.78952871217167,18.5933895111084,0.0857558992720441,early_lightgbm_02_2025,svi,SN Ibc,0.5185698394257102,9907735699653976.0,0.061265,,False,-18.32348268330436,0.9999999999999906,decals,0.95,True,SN Ibc,0.938,-18.605697215685257,,0.061265,,0.954,712P2.D,<https://ziggy.ucolick.org/yse/transient_detail/2025hpl|*YSE-PZ*>,,
ANT2025h432jvxvf3lk,2025csc,SN IIn,0.022238,,271.53590406498563,23.46679265743664,17.33237648010254,36.03241089936637,full_lightgbm_02_2025,svi,SN Ibc,31.838438690687013,1.3615271543512416e+17,0.1212999739039326,,False,-23.03356311452655,0.9707498076166816,panstarrs,0.917,False,SN Ibc,0.766,-17.64558979178593,,0.022238,,1.0,628P2.E_1,<https://ziggy.ucolick.org/yse/transient_detail/2025csc|*YSE-PZ*>,,
ANT2025w1ikunmggkiu,2025fnx,---,,,247.42527526921737,19.50475275171988,18.80849266052246,16.113082199546625,full_lightgbm_02_2025,svi,SLSN-I,2.1367675826852963,9906628708274438.0,0.153762,,False,-19.7409484613758,0.9985829444852274,decals,0.91,True,SN Ia,0.726,-20.43010336855442,,0.153762,,0.974,585P2.F,<https://ziggy.ucolick.org/yse/transient_detail/2025fnx|*YSE-PZ*>,,
ANT20257ieesp3uq4pu,2025ibi,---,,,192.52258894329097,-12.357993867350856,19.46208381652832,0.2882442993141012,early_lightgbm_02_2025,svi,SN Ibc,,,,,False,,,,0.823,False,,,,,,,0.933,376.E,<https://ziggy.ucolick.org/yse/transient_detail/2025ibi|*YSE-PZ*>,,
ANT2025na8driw7ceok,2025hya,---,,,257.67102149999994,67.0125184,19.41387367248535,2.0463113996229367,early_lightgbm_02_2025,svi,SN Ibc,3.778712123102112,9907740939321812.0,0.080706,,False,-21.943820670789325,0.9999955712318944,decals,0.729,True,SN Ibc,0.965,-18.393191421653224,,0.080706,,0.741,585P2.F,<https://ziggy.ucolick.org/yse/transient_detail/2025hya|*YSE-PZ*>,,
ANT2025l6l3zmx133nz,2025hkn,---,,,193.6023118455999,-6.360883201070166,19.32305145263672,9.188892399615725,early_lightgbm_02_2025,svi,SN Ibc,,,,,False,,,,0.651,False,,,,,,,0.769,376.A_1,<https://ziggy.ucolick.org/yse/transient_detail/2025hkn|*YSE-PZ*>,,
ANT2025hvoh3850apx2,2025fty,---,,,191.10870363282973,-14.64816870670613,18.86054229736328,14.14368409961753,full_lightgbm_02_2025,svi,SN Ibc,2.3202730256643966,9.042191109284222e+16,0.0782079435224153,,False,-20.30423089902544,0.9997469282327928,panstarrs,0.649,False,,,,,,,0.732,311P2.F,<https://ziggy.ucolick.org/yse/transient_detail/2025fty|*YSE-PZ*>,,
ANT2025fmhc0njbkc6q,2025hdm,---,,,240.2053592,28.28643591052913,19.80610084533692,14.07559379954182,full_lightgbm_02_2025,svi,SN Ibc,3.4248001120402565,1831473.0,0.1154782899632536,,False,18.38,0.9554967284201744,glade,0.62,False,,,,,,,0.8029999999999999,628P2.F,<https://ziggy.ucolick.org/yse/transient_detail/2025hdm|*YSE-PZ*>,,
ANT2025kcnl1zrt35iv,2025dja,SN II,0.061016,,211.9615379478124,15.175255684473813,18.70318984985352,33.18083689939522,full_lightgbm_02_2025,svi,SN Ibc,3.42105968467578,1.262121196058511e+17,0.050641298371658,,False,-21.49836691967896,0.9850995725767162,panstarrs,0.576,False,SN II,0.614,-18.486928509169303,,0.061016,,1.0,757P2.F,<https://ziggy.ucolick.org/yse/transient_detail/2025dja|*YSE-PZ*>,,
ANT2025qrsdkoqtwxt8,---,---,,,251.9709998499985,-14.864693232042129,18.323057174682617,9.135582199509372,full_lightgbm_02_2025,svi,SN Ibc,,,,,False,,,,0.538,False,,,,,,,0.8140000000000001,311P2.F,,,
ANT2025oncxcivy4p15,---,---,,,269.5356714554062,11.603579292104683,19.33013343811035,4.068417899499764,early_lightgbm_02_2025,svi,SLSN-I,20.14186978588259,1.219226953023769e+17,0.0628556282009331,,False,-23.029483363958725,0.3428483585238923,panstarrs,0.438,False,,,,,,,0.808,529P2.E,,,
ANT202544tqeax6gvy7,2025azl,SN IIb,0.02,,195.9828837686768,-20.942303302353963,17.614734649658203,62.00502601973858,full_lightgbm_02_2025,svi,SN Ibc,12.479489299243932,8.28619597929685e+16,0.0368304657603198,,False,-18.628879330953616,0.7002609473709364,panstarrs,1.0,False,SN Ibc,1.0,-17.131664542854775,,0.02,,1.0,577.D,<https://ziggy.ucolick.org/yse/transient_detail/2025azl|*YSE-PZ*>,,
ANT2024tfz140n9kjpt,2024abql,---,,,127.93257030342228,50.56816138494217,18.76304817199707,137.2149566194057,full_lightgbm_02_2025,svi,SN IIn,2.0786507223979047,9907737686445488,0.139515,,False,-18.813312260766395,0.9999999999999384,decals,0.952,True,SN Ibc,0.633,-20.25866579476197,,0.139515,,1.0,757P2.F,<https://ziggy.ucolick.org/yse/transient_detail/2024abql|*YSE-PZ*>,,
ANT2025oefstjs9xgln,2025hds,---,,,157.46494595821036,39.93081261667721,19.61722946166992,14.144713519701329,full_lightgbm_02_2025,svi,SN Ibc,22.52900416999668,2157987.0,0.1059802505842507,,False,16.83,0.7656643245399599,glade,0.951,False,,,,,,,0.951,712P2.E,<https://ziggy.ucolick.org/yse/transient_detail/2025hds|*YSE-PZ*>,,
ANT2025iur9bstmrqb7,2025gui,---,,,160.1693401923199,-12.250569984242418,19.326400756835938,14.132745919378069,full_lightgbm_02_2025,svi,SN Ibc,2.790147650076072,93291601687289158,0.3738271357621705,,False,-20.84897381448245,0.9998885330393636,panstarrs,0.923,True,SN Ibc,0.964,-21.90628438177976,,0.3738271357621705,,0.989,712P2.D,<https://ziggy.ucolick.org/yse/transient_detail/2025gui|*YSE-PZ*>,,
ANT20250cpdik7us1wy,2025gmy,---,,,233.8898485211169,55.1697838225223,18.842668533325195,17.09258391950425,full_lightgbm_02_2025,svi,SN Ibc,2.383414899244136,2492903.0,0.0719913128963561,,False,18.15,0.890927767335375,glade,0.782,False,,,,,,,0.782,781P2.B_1,<https://ziggy.ucolick.org/yse/transient_detail/2025gmy|*YSE-PZ*>,,
ANT20253e6b2217a3ar,---,---,,,230.2813167,31.94075,20.38676643371582,0.0852344195373007,early_lightgbm_02_2025,svi,SLSN-I,0.5767480158074308,9906632951862403,0.461427,,False,-21.05087609864942,0.9999999999999886,decals,0.765,True,SN II,0.441,-21.31885241617413,,0.461427,,1.0,681P2.E,,,
ANT20258x5s16sgc76h,2025hxj,---,,,269.153221692961,38.374318176189455,19.33456039428711,9.347682323779736,early_lightgbm_02_2025,svi,SN IIn,1.180993630948068,9907734404076233,0.325845,,False,-21.47464067163634,0.8031061441901712,decals,0.577,True,SN Ibc,0.51,-21.58902096273337,,0.325845,,0.999,719.A,<https://ziggy.ucolick.org/yse/transient_detail/2025hxj|*YSE-PZ*>,,
ANT20259ial3uag14vv,2025hlm,SN Ia-91bg-like,0.019764,,107.79783606301216,50.1743389819948,17.192262649536133,5.299754837775254,early_lightgbm_02_2025,svi,SN Ibc,90.55046335891716,9907737622614126,0.184315,,False,-19.80590216355436,0.6075910162054401,decals,1.0,True,SN Ibc,0.957,-17.528229802430673,,0.019764,,1.0,749.D,<https://ziggy.ucolick.org/yse/transient_detail/2025hlm|*YSE-PZ*>,,
ANT2025omj77sde2yp6,2025hol,---,,,168.5735083002384,-26.33269318747304,18.4156494140625,14.193660816337797,early_lightgbm_02_2025,svi,SLSN-I,,,,,False,,,,0.959,False,,,,,,,1.0,,<https://ziggy.ucolick.org/yse/transient_detail/2025hol|*YSE-PZ*>,,
ANT20259lkxkann1qia,2025hkl,---,,,127.02737052374044,30.44887960242553,18.370695114135746,6.194095038124942,early_lightgbm_02_2025,svi,SN Ibc,11.02370558861805,9906632443565125,0.047941,,False,-17.986842513830183,0.8019600138057768,decals,0.855,True,SN Ibc,0.947,-18.28907466693653,,0.047941,,0.86,674.C,<https://ziggy.ucolick.org/yse/transient_detail/2025hkl|*YSE-PZ*>,,
ANT20257zzemnkmfa5f,---,---,,,255.0465007,32.52084506130463,19.614622116088867,0.1004040228071971,early_lightgbm_02_2025,svi,SN IIn,49.54181932102969,9907732628902259,0.207271,,False,-20.72445274093211,0.9427214518003592,decals,0.548,True,SN Ibc,0.942,-20.29213908511578,,0.207271,,0.985,674.A,<https://ziggy.ucolick.org/yse/transient_detail/2025ish|*YSE-PZ*>,,
ANT2025p6ppozyiwz82,---,---,,,256.300524,3.2569640921904863,19.81071662902832,2.064782339199155,early_lightgbm_02_2025,svi,SN IIn,,,,,False,,,,0.534,False,,,,,,,1.0,477.C,<https://ziggy.ucolick.org/yse/transient_detail/2025isi|*YSE-PZ*>,,
ANT2025bs2mqxj0flad,2025jpm,---,,,291.0179713556009,37.044559340619934,18.257368087768555,8.060856698131829,full_lightgbm_02_2025,svi,SN IIn,,,,,False,,,,0.593,False,,,,,,,0.732,707.A,<https://ziggy.ucolick.org/yse/transient_detail/2025jpm|*YSE-PZ*>,,
ANT2025izis9yv3xs3s,2025hsr,---,,,149.16979144002516,-4.176257698784553,17.955503463745117,0.3272223628227948,early_lightgbm_02_2025,svi,SLSN-I,0.1732788247428502,9906619852591849,0.703447,,False,-19.71463509941044,0.9979399300503716,decals,1.0,True,SN Ia,0.879,-24.68841324651073,,0.703447,,1.0,423.E,<https://ziggy.ucolick.org/yse/transient_detail/2025hsr|*YSE-PZ*>,,
ANT2025foeio780x4eh,2025idy,---,,,175.3421073397653,-26.578977603116755,17.34117317199707,0.2003724140377016,early_lightgbm_02_2025,svi,SN Ibc,,,,,False,,,,0.937,False,,,,,,,0.99,523.D,<https://ziggy.ucolick.org/yse/transient_detail/2025idy|*YSE-PZ*>,,
ANT20257x2xmyx5s3c2,2025kej,---,,,273.7838590461204,41.36491874535134,14.762127876281738,3.994716839049943,early_lightgbm_02_2025,svi,SLSN-I,0.1465472138754989,9907735277147732,0.692078,,False,-19.17782350272465,0.9999999999999876,decals,0.791,True,SN II,0.93,-27.845899527014915,,0.692078,,1.0,719.D,<https://ziggy.ucolick.org/yse/transient_detail/2025kej|*YSE-PZ*>,,
ANT202563m521ig3c0d,2025idz,---,,,145.40098975571124,-11.45793718630263,18.182491302490234,0.2090300391937489,early_lightgbm_02_2025,svi,SN IIn,,,,,False,,,,0.542,False,,,,,,,0.981,365.E,<https://ziggy.ucolick.org/yse/transient_detail/2025idz|*YSE-PZ*>,,
ANT2025xirqle64z9e9,2025iqz,---,,,233.5086115043255,3.918216452610409,17.816814422607422,0.136009014051524,early_lightgbm_02_2025,svi,SN IIn,,,,,False,,,,0.442,False,,,,,,,0.829,477.C,<https://ziggy.ucolick.org/yse/transient_detail/2025iqz|*YSE-PZ*>,,
ANT2025enk3xe31m0kp,---,---,,,221.47182304019083,-18.2330269400686,18.832481384277344,55.05990963946533,full_lightgbm_02_2025,dynesty,SN Ibc,,,,,False,,,,0.781,False,,,,,,,1.0,719.D,<https://ziggy.ucolick.org/yse/transient_detail/2025dzg|*YSE-PZ*>,,
ANT2025xtf1c7rqceth,2025hxf,SN II,0.0262,,238.27085546308373,20.6357006605609,17.90317726135254,6.1342029186707805,full_lightgbm_02_2025,svi,SN Ibc,,,,,False,,,,0.58,False,SN II,0.643,-17.43299273897691,,0.0262,,1.0,577.B,<https://ziggy.ucolick.org/yse/transient_detail/2025hxf|*YSE-PZ*>,,
ANT2025m789bn9vtpuj,2025izz,---,,,258.0653390645856,38.169361167746914,19.471200942993164,11.263024751038756,full_lightgbm_02_2025,svi,SLSN-I,4.1625360375701455,9907734401782180.0,0.305427,,False,-22.061734129300035,0.6211350730251142,decals,0.45,False,,,,,,,0.766,719.A,<https://ziggy.ucolick.org/yse/transient_detail/2025izz|*YSE-PZ*>,,
ANT2025q30oradsstlz,,,,,216.30416070000004,-7.145912635591401,,,early_lightgbm_02_2025,svi,SLSN-I,2.698392900453975,9906618742539532,0.493685,,False,-20.62834601931648,0.9546243272818182,decals,0.993,True,SN Ia,0.673,,,0.493685,,1.0,719.A,<https://ziggy.ucolick.org/yse/transient_detail/2025kdt|*YSE-PZ*>,,
ANT2025xavmrranlqi3,,,,,251.36158613501985,65.59108368810323,,,early_lightgbm_02_2025,svi,SLSN-I,1.5272802307601847,9907740709488115,0.125205,,False,-17.60981145160539,0.998719522341959,decals,1.0,True,SN Ia,0.814,,,0.125205,,1.0,,<https://ziggy.ucolick.org/yse/transient_detail/2025khl|*YSE-PZ*>,,
ANT2025tdk31m4d460s,,,,,172.31256307709572,-7.1830918491906885,,,early_lightgbm_02_2025,svi,SLSN-I,1.738458968430652,9906618731071794,0.277181,,False,-19.457485310646213,0.9706888906291192,decals,0.996,True,SN Ia,0.532,,,0.277181,,1.0,523.A,<https://ziggy.ucolick.org/yse/transient_detail/2025khg|*YSE-PZ*>,,
ANT2025k8sit7list05,,,,,248.4542614955979,44.8296221119713,,,early_lightgbm_02_2025,svi,SLSN-I,1.2503388989403776,9907736240587172,0.177053,,False,-19.69020845658803,0.9980062919169754,decals,0.999,True,SN Ia,0.733,,,0.177053,,1.0,749.E,<https://ziggy.ucolick.org/yse/transient_detail/2025klk|*YSE-PZ*>,,
ANT20250idgybxckl3j,,,,,130.33408409196898,31.110981623524182,,,full_lightgbm_02_2025,svi,SN IIn,2.2375173371694768,9906632606943814,0.101877,,False,-19.97867489839388,0.9999671529845748,decals,0.997,True,SN IIn,0.589,,,0.101877,,0.997,674.A,<https://ziggy.ucolick.org/yse/transient_detail/2025erl|*YSE-PZ*>,,
ANT2025zhw352rkc9zh,2025jod,---,,,241.22684216412767,-14.989936791117913,18.912078857421875,15.083183627597464,full_lightgbm_02_2025,svi,SN Ibc,,,,,False,,,,0.653,False,,,,,,,0.846,,<https://ziggy.ucolick.org/yse/transient_detail/2025jod|*YSE-PZ*>,,
ANT2025aa8kp8fsum7g,2025efb,---,,,300.5857290585057,-20.23013349983609,19.461700439453125,31.958345627434028,full_lightgbm_02_2025,svi,SN Ibc,,,,,False,,,,0.568,False,,,,,,,0.974,,<https://ziggy.ucolick.org/yse/transient_detail/2025efb|*YSE-PZ*>,,
ANT202532i2knf0ue79,,,,,205.2518035597161,39.05819011735193,,,full_lightgbm_02_2025,dynesty,SLSN-I,8.059498430632132,9907734612609694,0.189447,,False,-20.718106146398306,0.9991953406421472,decals,0.879,True,SN II,0.798,,,0.189447,,1.0,719.A,<https://ziggy.ucolick.org/yse/transient_detail/2025fdq|*YSE-PZ*>,,
ANT2025su2ehc2q9rxl,,,,,225.2169527,6.023039440355731,,,early_lightgbm_02_2025,svi,SN IIn,0.693957135678654,9906623738479292,0.291409,,False,-20.033527794129355,0.9963082136538643,decals,0.811,True,SN Ibc,0.615,,,0.291409,,1.0,468.D,,,
ANT20250loadst79go2,,,,,149.9423064,-6.740580233064051,,,early_lightgbm_02_2025,svi,SN Ibc,,,,,False,,,,0.758,False,,,,,,,0.997,468.A,<https://ziggy.ucolick.org/yse/transient_detail/2025kkv|*YSE-PZ*>,,
ANT2025nxl28tsq8p60,,,,,170.218306,-3.996871999999996,,,early_lightgbm_02_2025,svi,SLSN-I,2.155816182237764,9906619952337945,0.112841,,False,-21.90259531447513,0.7225100964931863,decals,0.521,True,SN II,0.375,,,0.112841,,0.958,423.E,<https://ziggy.ucolick.org/yse/transient_detail/2025kua|*YSE-PZ*>,,
ANT2025h81slr4pb8wi,,,,,302.3637304668113,10.742276513549598,,,full_lightgbm_02_2025,dynesty,SLSN-I,,,,,False,,,,1.0,False,,,,,,,1.0,527.C,<https://ziggy.ucolick.org/yse/transient_detail/2025igx|*YSE-PZ*>,,
ANT2025yr6kzrw3mi9j,,,,,162.901147,17.471579699999992,,,early_lightgbm_02_2025,svi,SN Ibc,,,,,False,,,,0.665,False,,,,,,,0.8220000000000001,575.A,<https://ziggy.ucolick.org/yse/transient_detail/2025kzm|*YSE-PZ*>,,
ANT2025cj8ngws625hq,,,,,267.16203828890974,29.7612582790784,,,full_lightgbm_02_2025,svi,SN IIn,1.282337318738105,9906632230110195,0.053804,,False,-18.41672172839824,0.9995734600239808,decals,1.0,True,SN IIn,1.0,,,0.053804,,1.0,674.C,<https://ziggy.ucolick.org/yse/transient_detail/2025cxf|*YSE-PZ*>,,
ANT2025zkrfmb3hqtfo,,,,,224.0637028386837,-5.910372621247376,,,full_lightgbm_02_2025,svi,SLSN-I,1.97454637192193,9906619213679771,0.166519,,False,-18.89893484009598,0.9996303586147056,decals,1.0,True,SN Ia,0.743,,,0.166519,,1.0,401.F,<https://ziggy.ucolick.org/yse/transient_detail/2025iww|*YSE-PZ*>,,
ANT2025cjc0r6p07vts,,,,,153.79505790140905,20.18202216585564,,,full_lightgbm_02_2025,svi,SLSN-I,1.792462080534016,9906628951934871,0.239758,,False,-19.006566679957785,0.993658606520703,decals,1.0,True,SN Ia,0.417,,,0.239758,,1.0,418.B,<https://ziggy.ucolick.org/yse/transient_detail/2025kbi|*YSE-PZ*>,,
ANT2024s65vm4vfter1,,,,,144.08545085399135,23.75011385957383,,,full_lightgbm_02_2025,svi,SN Ibc,,,,,False,,,,0.999,False,,,,,,,1.0,618.A,<https://ziggy.ucolick.org/yse/transient_detail/2024acsd|*YSE-PZ*>,,
ANT20258z5utk4jqcz9,,,,,175.02899251658118,70.37583914939988,,,full_lightgbm_02_2025,svi,SLSN-I,0.8949870411416662,9907741413147797,0.188294,,False,-19.940230547418302,0.9994422946915384,decals,0.998,True,SN Ia,0.691,,,0.188294,,0.998,523.D,<https://ziggy.ucolick.org/yse/transient_detail/2025ita|*YSE-PZ*>,,
ANT20258k94rguo3cjb,,,,,159.86729692002433,78.91579775109695,,,early_lightgbm_02_2025,svi,SLSN-I,0.8510431297447185,9907742264198702,0.264558,,False,-20.210606229948848,0.353564052737031,decals,0.995,True,SN Ia,0.696,,,0.264558,,1.0,418.D,,,
ANT2024cv4sbtxjoi36,,,,,251.7459874883785,58.43313503706166,,,full_lightgbm_02_2025,svi,SN IIn,3.3690742272006884,9907739464829776,0.066919,,False,-17.88620530472841,0.9992578257182858,decals,0.993,True,SN II,0.946,,,0.066919,,1.0,,<https://ziggy.ucolick.org/yse/transient_detail/2024aeds|*YSE-PZ*>,,
ANT2025sabcxhn0tajb,,,,,139.61740175912269,73.76248961581098,,,full_lightgbm_02_2025,svi,SN Ibc,51.64148694170689,9907741790242606,0.102369,,False,-22.06296274752616,0.4596169087684699,decals,0.962,True,SN Ibc,1.0,,,0.102369,,1.0,618.C,<https://ziggy.ucolick.org/yse/transient_detail/2025qe|*YSE-PZ*>,,
ANT2025ozdrlt0uvagj,,,,,244.1921344723391,49.02186030369387,,,full_lightgbm_02_2025,svi,SN Ibc,2.717122035188998,2331432,0.0587921412212708,,False,-19.14000164582284,0.7270573110531033,glade,0.96,False,,,,,,,0.962,749.D,<https://ziggy.ucolick.org/yse/transient_detail/2025ixx|*YSE-PZ*>,,
ANT20255ndze8i4bhy2,,,,,230.96926757748523,5.160000946046452,,,full_lightgbm_02_2025,svi,SN Ibc,4.459211311284833,9906623457986265,0.042381,,False,-17.867883427667547,0.9999999999994482,decals,0.955,True,SN Ia,0.543,,,0.042381,,0.999,468.D,<https://ziggy.ucolick.org/yse/transient_detail/2025hyi|*YSE-PZ*>,,
ANT2025zw9vbys9g4bu,,,,,335.76581823264013,17.31636208589562,,,full_lightgbm_02_2025,svi,SN Ibc,,,,,False,,,,0.917,False,,,,,,,0.996,575.A,<https://ziggy.ucolick.org/yse/transient_detail/2025jqr|*YSE-PZ*>,,
ANT2025kn64ftqyl697,,,,,243.0992282906652,35.17373375491139,,,full_lightgbm_02_2025,svi,SN Ibc,18.68288212520889,9907733489584204,0.1598,,False,-22.08994245859939,0.7294589885681475,decals,0.914,True,SN Ibc,0.952,,,0.1598,,0.957,674.D,<https://ziggy.ucolick.org/yse/transient_detail/2025ixf|*YSE-PZ*>,,
ANT2025v9a2dolw1b3f,,,,,205.7838973,-19.581171127869965,,,early_lightgbm_02_2025,svi,SN Ibc,,,,,False,,,,0.889,False,,,,,,,0.968,527.F,<https://ziggy.ucolick.org/yse/transient_detail/2025koc|*YSE-PZ*>,,
ANT2024p6c282k35agf,,,,,235.50368257417767,-6.3637156102784616,,,full_lightgbm_02_2025,svi,SN IIn,,,,,False,,,,0.862,False,,,,,,,1.0,401.F,,,
ANT2025u83jecw2w90c,,,,,245.8094714570369,40.92221832082347,,,full_lightgbm_02_2025,svi,SN Ibc,0.877098476722653,9907735200400505,0.052304,,False,-15.958843597512937,0.998922407089001,decals,0.857,True,SN Ibc,0.856,,,0.052304,,1.0,719.D,<https://ziggy.ucolick.org/yse/transient_detail/2025pb|*YSE-PZ*>,,
ANT20253eqonal18miv,,,,,200.2166537,2.29399374110804,,,full_lightgbm_02_2025,svi,SN IIn,1.0638075824921769,9906622319040021,0.058298,,False,-18.19538112471153,0.9997589457468136,decals,0.852,True,SLSN-I,0.916,,,0.058298,,0.905,477.C,,,
ANT2025veld0lihn01m,,,,,280.58102439194874,41.2195857759217,,,early_lightgbm_02_2025,svi,SLSN-I,0.1965441020595981,9907735278521262,0.801332,,False,-20.02081477589466,0.9988202054401404,decals,0.85,True,SN Ia,0.343,,,0.801332,,1.0,719.D,,,
ANT2025yp4rhatwk7i6,,,,,156.51222460166315,-3.415724845027654,,,full_lightgbm_02_2025,svi,SN IIn,6.991803126182072,9906620137276324,0.125164,,False,-16.347685632998374,0.3528403858125166,decals,0.841,True,SN II,0.948,,,0.125164,,1.0,423.E,<https://ziggy.ucolick.org/yse/transient_detail/2025ftr|*YSE-PZ*>,,
ANT2025jqv1nsybpjni,,,,,151.80574341742445,2.9031208122158745,,,full_lightgbm_02_2025,svi,SN Ibc,,,,,False,,,,0.808,False,,,,,,,1.0,477.C,<https://ziggy.ucolick.org/yse/transient_detail/2025aot|*YSE-PZ*>,,
ANT202583cpveuik074,,,,,146.58006595701667,41.550982551887216,,,early_lightgbm_02_2025,svi,SN Ibc,6.134650925633896,2182810,0.0947324293324443,,False,-21.659998871338907,0.9862765370948994,glade,0.806,False,,,,,,,0.982,719.D,<https://ziggy.ucolick.org/yse/transient_detail/2025kko|*YSE-PZ*>,,
ANT2025dnbvgtg4u5o1,2025hpa,SN Ic,0.033692,,166.2656452698552,59.6846974227829,18.272125244140625,35.09852743696683,full_lightgbm_02_2025,svi,SN Ibc,,,,,False,,,,1.0,False,SN Ibc,1.0,-17.614229590039134,,0.033692,,1.0,,<https://ziggy.ucolick.org/yse/transient_detail/2025hpa|*YSE-PZ*>,,
ANT2025nlle4zseqjuz,2025dge,SN II,0.021893,,164.5591629873476,61.39727674769928,17.83298110961914,67.21235843690374,full_lightgbm_02_2025,svi,SN Ibc,1.6274716199341184,9907740022081196.0,0.17087,,False,-18.606536764813004,0.9998347507520652,decals,1.0,True,SN Ibc,0.996,-17.110842448197587,,0.021893,,1.0,,<https://ziggy.ucolick.org/yse/transient_detail/2025dge|*YSE-PZ*>,,
ANT20254vg4nkt5r3f8,2025kbh,SN II,0.02812,,174.1117277880069,-26.444971567557783,17.872745513916016,8.261212636607524,early_lightgbm_02_2025,svi,SN Ibc,,,,,False,,,,0.549,False,SN IIn,0.441,-17.618041503632536,,0.02812,,1.0,523.D,<https://ziggy.ucolick.org/yse/transient_detail/2025kbh|*YSE-PZ*>,,
ANT2025oejgk5a750kb,---,---,,,273.0775390839443,-12.848294449453263,19.81319999694824,24.61293349267362,early_lightgbm_02_2025,dynesty,SLSN-I,,,,,False,,,,0.996,False,,,,,,,1.0,365.E,,,
ANT2025uwrns2mb53u3,2025klq,---,,,250.5056424,-0.2586130498696235,17.69639015197754,18.556046892343147,full_lightgbm_02_2025,svi,SLSN-I,0.1581694983183087,9906621388554396.0,0.979835,,False,-19.94277075992196,0.9999999999999868,decals,0.986,True,SN II,0.952,-25.66744365469948,,0.979835,,0.986,423.B,<https://ziggy.ucolick.org/yse/transient_detail/2025klq|*YSE-PZ*>,,
ANT2025horrkys8e0mj,2025lyf,SN Ia,0.034,,226.32222164573744,-10.303817008818314,17.98699188232422,2.6738014923539595,early_lightgbm_02_2025,svi,SN Ibc,,,,,False,,,,0.944,False,SN Ibc,0.577,-17.919288786188204,,0.034,,0.977,365.E,<https://ziggy.ucolick.org/yse/transient_detail/2025lyf|*YSE-PZ*>,,
ANT2025gpf6wtas4s20,2025kjf,---,,,310.90886262725166,22.920764390567285,19.30770492553711,7.638650992339535,early_lightgbm_02_2025,svi,SN Ibc,,,,,False,,,,0.776,False,,,,,,,0.81,618.A,<https://ziggy.ucolick.org/yse/transient_detail/2025kjf|*YSE-PZ*>,,
ANT2025d55mso6xniz7,2025lzc,---,,,241.15931356518144,49.44618556048801,18.65478706359864,0.6871810927186743,early_lightgbm_02_2025,svi,SN Ibc,19.7594844534166,9907737462048284.0,0.024334,,False,-19.924212746885285,0.9339251138813924,decals,0.771,True,SN Ia,0.722,-16.51992182908393,,0.024334,,1.0,749.D,<https://ziggy.ucolick.org/yse/transient_detail/2025lzc|*YSE-PZ*>,,
ANT2025zji4cmog8qs6,2025kvd,CV,0.0,,303.8224375710279,-12.490715990869065,16.984161376953125,13.550109392417651,full_lightgbm_02_2025,svi,SLSN-I,,,,,False,,,,0.697,False,,,,,,,1.0,365.E,<https://ziggy.ucolick.org/yse/transient_detail/2025kvd|*YSE-PZ*>,,
ANT2025fp3gmfz80sh5,2025mck,---,,,251.1261953549651,24.95748181690168,19.118377685546875,0.6172505923677818,early_lightgbm_02_2025,svi,SLSN-I,1.3897203133777087,9906630632540538.0,0.139899,,False,-22.254897692365297,0.9999999999999828,decals,0.522,True,SN Ibc,0.795,-19.909462395242183,,0.139899,,0.878,618.A,<https://ziggy.ucolick.org/yse/transient_detail/2025mck|*YSE-PZ*>,,
ANT2025ssrtrjbq9jht,---,---,,,333.9808430999999,0.7267676000000591,19.85763931274414,0.1791684719210025,early_lightgbm_02_2025,svi,SLSN-I,0.6206172259612152,9906621787875176,0.85626,,False,-20.36297208560084,0.999999999999982,decals,1.0,True,SLSN-I,0.5,-23.21587767154065,,0.85626,,1.0,468.A,<https://ziggy.ucolick.org/yse/transient_detail/15EYSEcjl|*YSE-PZ*>,,
ANT2024tbh9gc0i8sly,2024addf,---,,,222.32940793459764,10.972046603589163,19.27359962463379,163.09824257189757,full_lightgbm_02_2025,svi,SN IIn,3.0772007048195555,9906625605536492,0.107405,,False,-20.5227597266436,0.9999999999999316,decals,1.0,True,SN IIn,0.981,-19.16638397833204,,0.107405,,1.0,527.C,<https://ziggy.ucolick.org/yse/transient_detail/2024addf|*YSE-PZ*>,,
ANT202533wxa4y7tp1z,2025gyv,---,,,159.60038603843984,68.04026954182743,18.43344116210937,15.293230972107269,early_lightgbm_02_2025,svi,SN IIn,0.9909634835520515,9907741074719392,0.215996,,False,-19.32450655539079,0.9998988661567824,decals,1.0,True,SLSN-I,0.595,-21.565807701854723,,0.215996,,1.0,418.D,<https://ziggy.ucolick.org/yse/transient_detail/2025gyv|*YSE-PZ*>,,
ANT20250hb2beoz62u9,2025mgx,SN Ic,0.091,,242.80350160000003,29.5302278,20.057905197143555,5.32117077181465,early_lightgbm_02_2025,svi,SN Ibc,4.6940271159686695,SDSSJ161113.07+29314,0.0903227844863639,,False,-20.18000260948444,0.8711233044295816,glade,0.966,False,SN Ibc,0.69,-18.01468892491016,,0.091,,1.0,674.C,<https://ziggy.ucolick.org/yse/transient_detail/2025mgx|*YSE-PZ*>,,
ANT2025l2zj8gar89mu,2025kny,SN Ia,0.073,,190.17423339715,-7.655487932404625,18.836715698242188,5.332374472025549,early_lightgbm_02_2025,dynesty,SN Ibc,0.8938437441490569,9906618548356925,0.127446,,False,-21.388803836373768,0.9999970176740096,decals,0.91,True,SN Ibc,0.816,-18.748719775778245,,0.073,,0.982,423.A,<https://ziggy.ucolick.org/yse/transient_detail/2025kny|*YSE-PZ*>,,
ANT2025wtpbqn1r7wp1,2025hjm,SN Ia,0.0308,,323.3995335,1.2623412728705858,17.35324478149414,34.16239767227671,full_lightgbm_02_2025,svi,SN Ibc,2.3617413690053164,9906621973862007,0.036898,,False,-20.920350688864225,0.0002035912586687,decals,0.812,False,SN Ibc,0.777,-18.33667231931125,,0.0308,,0.8140000000000001,468.A,<https://ziggy.ucolick.org/yse/transient_detail/2025hjm|*YSE-PZ*>,,
ANT2025osqwu0mz4mfs,2025kyb,CV,0.0,,271.53337186579364,31.629980016545616,16.63909912109375,19.37298552750872,full_lightgbm_02_2025,dynesty,SLSN-I,,,,,False,,,,0.937,False,,,,,,,1.0,674.A,<https://ziggy.ucolick.org/yse/transient_detail/2025kyb|*YSE-PZ*>,,
ANT20257cdzyqiyph5z,2025mxo,---,,,295.1700525,55.73690421696205,17.1903018951416,7.340617517809733,early_lightgbm_02_2025,svi,SLSN-I,,,,,False,,,,0.721,False,,,,,,,0.997,,<https://ziggy.ucolick.org/yse/transient_detail/2025mxo|*YSE-PZ*>,,
ANT20254asot065emth,2025myy,---,,,340.3981486,-5.460510585536738,19.41110038757324,0.2595874176913639,early_lightgbm_02_2025,svi,SLSN-I,0.7874766004019764,9906619431981712,0.211426,,False,-18.909724898054044,0.999999999999926,decals,0.609,True,SN Ia,0.484,-20.54017465001244,,0.211426,,1.0,423.E,<https://ziggy.ucolick.org/yse/transient_detail/2025myy|*YSE-PZ*>,,
ANT20257urjuwn2qgao,---,---,,,329.30027345,54.34441747289956,18.35357093811035,8.140375082562969,early_lightgbm_02_2025,dynesty,SLSN-I,,,,,False,,,,0.524,False,,,,,,,1.0,,,,
ANT2025g1jwukcxy7vm,2025mbn,---,,,173.9637262515913,37.75081369349284,19.40486717224121,0.3899325526435859,early_lightgbm_02_2025,svi,SN IIn,0.9190904467411624,9907734235253810,0.139693,,False,-18.52931216599529,0.999999999999976,decals,0.913,True,SN Ibc,0.993,-19.619688563175213,,0.139693,,0.913,719.A,<https://ziggy.ucolick.org/yse/transient_detail/2025mbn|*YSE-PZ*>,,
ANT20257dcy3d38rfuc,2025hcj,---,,,288.8659181917424,54.07483206480358,18.70322036743164,68.17442325252341,full_lightgbm_02_2025,svi,SN IIn,1.3917971591790284,9907738524123488,0.114522,,False,-18.3322153475418,0.7292497004517656,decals,0.905,True,SN II,1.0,-19.87923163215532,,0.114522,,1.0,,<https://ziggy.ucolick.org/yse/transient_detail/2025hcj|*YSE-PZ*>,,
ANT2025x78b3r12pwdr,---,---,,,303.64329407930234,25.274001070054737,16.625123977661133,4.241344552312512,full_lightgbm_02_2025,dynesty,SLSN-I,,,,,False,,,,0.784,False,,,,,,,1.0,618.A,,,
ANT2025yt5rwfmyot3m,---,---,,,257.9060359888873,46.98201967760584,20.037731170654297,0.3557543524657376,early_lightgbm_02_2025,svi,SN Ibc,,,,,False,,,,0.723,False,,,,,,,0.881,749.E,,,
ANT2025lg8naglbrqhl,2025ktn,---,,,256.5426247491802,33.60437541464009,19.09447860717773,17.27107835264178,full_lightgbm_02_2025,svi,SN Ibc,3.043554329524711,2035484.0,0.0824398780328896,,False,-21.599999995284147,0.9999999999999868,glade,0.573,True,SN Ibc,0.954,-18.75957004116893,,0.0824398780328896,,1.0,674.D,<https://ziggy.ucolick.org/yse/transient_detail/2025ktn|*YSE-PZ*>,,
ANT2025td02774hgiye,2025nku,---,,,188.2619811444269,16.37674406331668,19.43604278564453,5.734692645848554,early_lightgbm_02_2025,svi,SLSN-I,3.121851066795552,9906627615002972,0.211806,,False,-20.597297610169203,0.9920410203741972,decals,1.0,True,SN Ia,0.906,-20.519260143049067,,0.211806,,1.0,423.A,<https://ziggy.ucolick.org/yse/transient_detail/2025nku|*YSE-PZ*>,,
ANT2025dy66r3vumjcw,2025nav,---,,,263.0678283,63.0570192,19.688995361328125,6.690479745746416,full_lightgbm_02_2025,dynesty,SN Ibc,3.5795708094058782,9907740299103745,0.112005,,False,-21.75106352630553,0.8045706237923687,decals,0.812,True,SN Ibc,0.979,-18.844092919284016,,0.112005,,0.833,,<https://ziggy.ucolick.org/yse/transient_detail/2025nav|*YSE-PZ*>,,
ANT2025xphuse50lmmu,2025mlb,SN II,0.041,,213.63203726171545,-10.703579949344617,18.81098365783692,8.36349616546795,full_lightgbm_02_2025,svi,SN Ibc,14.958839090881424,50864,0.0438515357757754,,False,-21.910004604843166,0.999999999999964,glade,1.0,False,SN Ibc,1.0,-17.50554293654208,,0.041,,1.0,477.C,<https://ziggy.ucolick.org/yse/transient_detail/2025mlb|*YSE-PZ*>,,
ANT2025v6ale8q6a4p6,2025brg,SN II,0.13,,266.7873101379205,17.22901803389348,18.561500549316406,122.0756605651477,full_lightgbm_02_2025,svi,SN IIn,2.4787006067359343,9906627905915060.0,0.106899,,False,-20.75833502845111,0.9999719479740352,decals,1.0,True,SN IIn,0.971,-20.302870191483905,,0.13,,1.0,575.A,<https://ziggy.ucolick.org/yse/transient_detail/2025brg|*YSE-PZ*>,,
ANT2025x13c3m79yspy,2025mze,---,,,217.94139260476496,73.03393950310652,19.173940658569336,8.353287865153106,full_lightgbm_02_2025,svi,SN Ibc,1.60380562491947,9907741714353729,0.034332,,False,-19.700800877994773,0.999999999999984,decals,1.0,True,SN Ibc,1.0,-16.753618886798634,,0.034332,,1.0,719.A,<https://ziggy.ucolick.org/yse/transient_detail/2025mze|*YSE-PZ*>,,
ANT20259109qbvyl7mk,2025nkm,---,,,211.1132579657842,61.3795700536852,18.8830680847168,0.4220031655640923,early_lightgbm_02_2025,svi,SLSN-I,0.2090747016137456,9907740027914530,0.185609,,False,-18.867517658978,0.9999999999999936,decals,1.0,True,SN Ia,0.898,-20.77635432565543,,0.185609,,1.0,,<https://ziggy.ucolick.org/yse/transient_detail/2025nkm|*YSE-PZ*>,,
ANT20251iu48yebo6ar,2025koz,SN Ic-BL,0.1,,242.323517077418,9.679567200022348,19.04135704040528,23.2621304655695,full_lightgbm_02_2025,svi,SN Ibc,1.3043234516284117,9906625146065893,0.093951,,False,-17.506379496431887,0.9976349106784396,decals,1.0,True,SN Ibc,0.999,-19.24016906414126,,0.1,,1.0,527.C,<https://ziggy.ucolick.org/yse/transient_detail/2025koz|*YSE-PZ*>,,
ANT2025q08uajwyl8kb,2025fmr,SN Ib,0.04,,232.3122427,80.78211194618913,17.711862564086914,39.33737346551061,full_lightgbm_02_2025,svi,SN IIn,5.81374283716168,9907742385374386.0,0.077116,,False,-19.52515940323222,0.9728912989343456,decals,1.0,True,SN IIn,0.983,-18.550517015721,,0.04,,1.0,,<https://ziggy.ucolick.org/yse/transient_detail/2025fmr|*YSE-PZ*>,,
ANT2025p94rzjq462ma,2025nkl,---,,,276.0699538,34.746410999999995,19.003480911254883,0.3721882651807391,early_lightgbm_02_2025,svi,SLSN-I,0.4120803755384001,9907733341868186,0.167833,,False,-19.02077613237829,0.7828453156476523,decals,1.0,True,SN Ia,0.931,-20.430719302196504,,0.167833,,1.0,674.D,<https://ziggy.ucolick.org/yse/transient_detail/2025nkl|*YSE-PZ*>,,
ANT2025zkbrxgzuo45q,2025mqc,SN Ib,0.0087,,190.9676593,-0.5609082998514623,17.657611846923828,10.385625765404257,full_lightgbm_02_2025,svi,SN Ibc,19.79332481668106,NGC4653,0.0077568948518267,,False,-19.85003222049025,0.9896921097495393,glade,0.987,True,SN Ibc,0.947,-15.274876518728906,,0.0087,,0.987,423.A,<https://ziggy.ucolick.org/yse/transient_detail/2025mqc|*YSE-PZ*>,,
ANT20250qqt7uaiyai7,2025mpf,---,,,244.11341978383567,39.65218920968748,19.599937438964844,10.33783646554366,full_lightgbm_02_2025,svi,SLSN-I,0.4222943385190277,9907734839823206,0.624425,,False,-19.71088901362304,0.999999999999977,decals,0.984,True,SN Ia,0.867,-22.78068141808129,,0.624425,,0.991,719.A,<https://ziggy.ucolick.org/yse/transient_detail/2025mpf|*YSE-PZ*>,,
ANT2025xowppwlmpacm,2025nkn,---,,,218.3782663,70.98719250000002,19.612468719482425,2.3754637653255486,early_lightgbm_02_2025,svi,SN Ibc,1.4432792353621016,9907741479535608,0.088898,,False,-18.27231048350334,0.9999489820133796,decals,0.984,True,SN Ibc,0.954,-18.408398027893604,,0.088898,,0.991,719.D,<https://ziggy.ucolick.org/yse/transient_detail/2025nkn|*YSE-PZ*>,,
ANT20259k5br2epunvk,2025lsl,---,,,247.3555804351098,37.83420830890052,19.797069549560547,17.223970765458944,early_lightgbm_02_2025,svi,SLSN-I,32.01022296627026,9907734250523680.0,0.602667,,False,-22.68867955906142,0.9456193527253792,decals,0.974,True,SN Ibc,0.633,-22.50484300606952,,0.602667,,1.0,719.A,<https://ziggy.ucolick.org/yse/transient_detail/2025lsl|*YSE-PZ*>,,
ANT2025xd087a4p3uqa,2025nov,---,,,322.03463869128734,6.232350906602335,19.684999465942383,2.1746072654859745,early_lightgbm_02_2025,svi,SLSN-I,7.214168606294105,9906623857563461,0.093341,,False,-21.6959184232233,0.6045285511099616,decals,0.838,False,,,,,,,0.883,Virgo.B,<https://ziggy.ucolick.org/yse/transient_detail/2025nov|*YSE-PZ*>,,
ANT2025j4jmtns0xg3n,2025knr,---,,,307.64577751183845,31.00010729018876,18.36226272583008,0.286389665423485,early_lightgbm_02_2025,svi,SN IIn,,,,,False,,,,0.765,False,,,,,,,1.0,674.A,<https://ziggy.ucolick.org/yse/transient_detail/2025knr|*YSE-PZ*>,,
ANT2025nsm0cjy2na0r,---,---,,,269.4942814758575,17.962666520209154,19.80610084533692,9.26154016538203,early_lightgbm_02_2025,svi,SN IIn,0.1870349460931813,9906628176839521,0.661345,,False,-21.65517486732352,0.9992909759548014,decals,0.722,True,SN IIn,0.53,-22.70168005590007,,0.661345,,1.0,575.A,,,
ANT2025tiee8xot6047,2025imr,SLSN-I,0.09,,340.4047161,-3.177205961294746,16.510852813720703,39.1395031653592,full_lightgbm_02_2025,dynesty,SN IIn,1.5043034353469384,9906620279623516.0,0.116295,,False,-17.480502259157458,0.99856913086209,decals,0.708,True,SN Ibc,0.536,-21.53728114820937,,0.09,,1.0,423.E,<https://ziggy.ucolick.org/yse/transient_detail/2025imr|*YSE-PZ*>,,
ANT2025nohp5ls4uq6z,2025lzg,---,,,251.5766321306094,44.92036160294919,19.49957847595215,4.273820265407267,full_lightgbm_02_2025,svi,SN Ibc,5.885518626695136,3130793.0,0.0739094387450784,,False,-20.659999741710045,0.9999999999999768,glade,0.591,True,SN Ibc,0.841,-18.11318438014644,,0.0739094387450784,,0.944,749.E,<https://ziggy.ucolick.org/yse/transient_detail/2025lzg|*YSE-PZ*>,,
ANT2025b1lrd9fasqoo,2025iv,SN Ic,0.0173,,31.86353722424649,19.193560682803096,16.811540603637695,124.44109905770893,full_lightgbm_02_2025,svi,SN Ibc,7.151640505880465,PGC008104,0.0164189865695685,,False,-18.622643943822155,0.7773712778359478,glade,1.0,False,SN Ibc,1.0,-17.618436022054834,,0.0173,,1.0,577.B,<https://ziggy.ucolick.org/yse/transient_detail/2025iv|*YSE-PZ*>,,
ANT20254502eay5gglv,---,---,,,241.69947843719348,20.697813891785728,19.943099975585938,2.3187495575184585,early_lightgbm_02_2025,svi,SLSN-I,2.0635362708204785,9906629150572753,0.694744,,False,-21.131262610490065,0.9999999999999768,decals,1.0,True,SN Ia,0.616,-22.673399466557736,,0.694744,,1.0,577.B,,,
ANT2025s75z8xml6yqn,2025kyy,SN Ia,0.06,,340.6997355,51.50387229148582,16.454500198364258,15.28452495745296,full_lightgbm_02_2025,svi,SLSN-I,,,,,False,,,,1.0,False,SN Ia,1.0,-20.698645533062365,,0.06,,1.0,749.F,<https://ziggy.ucolick.org/yse/transient_detail/2025kyy|*YSE-PZ*>,,
ANT2025u4goludznrgg,---,---,,,261.3123073243397,60.565492017149566,19.807790756225582,2.204374557630217,early_lightgbm_02_2025,svi,SLSN-I,0.2080688862480962,9907739850575186,0.494516,,False,-19.242668074237656,0.9994771464083227,decals,1.0,True,SN IIn,0.596,-22.052981669675223,,0.494516,,1.0,,,,
ANT2025itfbd71ytc36,2025bco,SN II,0.036,,198.9304659452804,-0.4718305499511217,15.79794979095459,85.20243005760858,full_lightgbm_02_2025,svi,SN IIn,1.82791971430848,1142503,0.0363386370446518,,False,-18.500002664975373,0.7744076428527233,glade,1.0,False,SN IIn,0.918,-20.233518548185497,,0.036,,1.0,423.B,<https://ziggy.ucolick.org/yse/transient_detail/2025bco|*YSE-PZ*>,,
ANT2024ojhmbm6uwyrc,2024zxj,SN II,0.11,,239.2403984817892,19.47485148836093,17.753223419189453,196.07634215735743,full_lightgbm_02_2025,svi,SN IIn,1.6464449587651804,9906628706241877,0.16869,,False,-19.667416798635223,0.9996337512699628,decals,1.0,True,SN IIn,0.883,-20.739754964624915,,0.11,,1.0,577.B,<https://ziggy.ucolick.org/yse/transient_detail/2024zxj|*YSE-PZ*>,,
ANT20256c5arlnwu1ph,2025nyr,---,,,193.07625166705847,15.377058925256875,19.13404655456543,0.3771754575791419,early_lightgbm_02_2025,svi,SLSN-I,0.6797994093053176,9906627252914384,0.676771,,False,-20.45701941339794,0.999999999999965,decals,0.999,True,SN II,0.955,-23.424656091785344,,0.676771,,1.0,423.D,<https://ziggy.ucolick.org/yse/transient_detail/2025nyr|*YSE-PZ*>,,
ANT2025imb6lh4fk9kw,2025hkd,SN Ia,0.031,,194.5125812465381,9.72333629011102,19.039306640625,8.333379157622403,full_lightgbm_02_2025,svi,SN Ibc,3.3759457794910106,9906625133741341,0.034106,,False,-19.11293761466952,0.9999757117233324,decals,0.998,True,SN Ibc,0.996,-16.664773403704082,,0.031,,0.998,527.C,<https://ziggy.ucolick.org/yse/transient_detail/2025hkd|*YSE-PZ*>,,
ANT2025l6ixso7811qr,2025ixn,SN Ia,0.038224,,268.71737156222923,64.7847666324668,17.739469528198242,39.24994165756653,full_lightgbm_02_2025,svi,SN Ibc,23.27659489910993,9907740591850698.0,0.114512,,False,-19.72893146078091,0.3087849030618943,decals,0.997,False,SN Ibc,0.999,-18.42335037460121,,0.038224,,0.997,,<https://ziggy.ucolick.org/yse/transient_detail/2025ixn|*YSE-PZ*>,,
ANT2025l105hk07u87p,2025iew,SN II,0.023,,198.9916614316924,17.165715128217826,17.605289459228516,41.27562455766747,full_lightgbm_02_2025,svi,SN Ibc,18.355984226175423,9906627888877200,0.074677,,False,-16.352604847258217,0.4228556452846165,decals,0.994,True,SN Ibc,0.952,-17.446257485354703,,0.023,,1.0,575.A,<https://ziggy.ucolick.org/yse/transient_detail/2025iew|*YSE-PZ*>,,
ANT2025qaen0uq3g51t,2025jyl,SN II,0.034033,,339.68887620521224,37.59928403382537,18.088584899902344,44.14225645762781,full_lightgbm_02_2025,svi,SN Ibc,13.406829730255737,UGC12131,0.0345882075618042,,False,-21.59000352293184,0.9603546699639582,glade,0.991,False,SN Ibc,0.851,-17.81982004561594,,0.034033,,1.0,719.A,<https://ziggy.ucolick.org/yse/transient_detail/2025jyl|*YSE-PZ*>,,
ANT20256u5tpotzbthr,2025npc,---,,,186.0589604516456,7.954969993814089,18.83213806152344,1.3786569575677277,early_lightgbm_02_2025,svi,SN Ibc,6.832008540515939,IC3271,0.0227600150391606,,False,-20.592142411855924,0.999999999999986,glade,0.983,False,,,,,,,0.995,Virgo.B,<https://ziggy.ucolick.org/yse/transient_detail/2025npc|*YSE-PZ*>,,
ANT20256qqa5axr4b7l,2025mhx,SN Ia-91T-like,0.05,,279.65850453642764,62.52666486545439,17.533599853515625,4.328008757707721,early_lightgbm_02_2025,svi,SN IIn,,,,,False,,,,0.659,False,SN II,0.521,-19.21854852891394,,0.05,,0.918,,<https://ziggy.ucolick.org/yse/transient_detail/2025mhx|*YSE-PZ*>,,
ANT2025bsis666p200d,2025eqe,SLSN-II,0.127,,240.2758757,-0.0438864000214209,18.4742431640625,64.16525498441479,full_lightgbm_02_2025,svi,SN IIn,,,,,False,,,,1.0,False,SN IIn,0.991,-20.33816185808177,,0.127,,1.0,423.B,<https://ziggy.ucolick.org/yse/transient_detail/2025eqe|*YSE-PZ*>,,
ANT2025116k7f69zbl1,2025cdx,SN II,0.057,,228.1746022360637,-5.831679304349677,17.44827651977539,89.17854208442441,full_lightgbm_02_2025,svi,SN IIn,4.744997384413762,9906619308709938.0,0.069366,,False,-19.15812497966193,0.994204644058574,decals,1.0,True,SN IIn,1.0,-19.591973155435532,,0.057,,1.0,423.E,<https://ziggy.ucolick.org/yse/transient_detail/2025cdx|*YSE-PZ*>,,
ANT202541d3yleur2l6,2025oes,---,,,211.9894052579583,50.53870106106014,19.962276458740234,4.292257284643711,early_lightgbm_02_2025,svi,SLSN-I,0.21603442689310537,9907737700534700,0.545049,,False,-20.132832827109493,0.9999999999999862,decals,1.0,True,SN Ia,0.682,-22.115925488649175,,0.545049,,1.0,749.D,<https://ziggy.ucolick.org/yse/transient_detail/2025oes|*YSE-PZ*>,,
ANT20254jqi345kbl4h,2025nqv,---,,,245.29056271522785,26.02823447367724,19.250871658325195,6.295984184733243,early_lightgbm_02_2025,svi,SLSN-I,0.1676564289268987,9906630972342607,1.11404,,False,-20.32705485563849,0.999999999999986,decals,1.0,True,SN II,0.631,-24.38550462380001,,1.11404,,1.0,618.A,<https://ziggy.ucolick.org/yse/transient_detail/2025nqv|*YSE-PZ*>,,
ANT2025mxvcewdu74c1,2025nzc,---,,,219.71570369810684,10.241169366796427,18.752727508544922,2.272673984421999,early_lightgbm_02_2025,dynesty,SLSN-I,4.095296311232904,9906625326287337,0.219053,,False,-19.71375017968178,0.6682268638584364,decals,1.0,True,SN II,0.981,-21.278056342638987,,0.219053,,1.0,527.C,<https://ziggy.ucolick.org/yse/transient_detail/2025nzc|*YSE-PZ*>,,
ANT20256izq4zhvcuhc,2025nrd,---,,,228.1670769500002,-4.770281384301072,19.2987117767334,0.3074424843216548,early_lightgbm_02_2025,svi,SLSN-I,0.7156327196512821,9906619685012556,0.302194,,False,-19.233587006379054,0.9957073754156789,decals,1.0,True,SN Ia,0.632,-21.455292939194013,,0.302194,,1.0,423.E,<https://ziggy.ucolick.org/yse/transient_detail/2025nrd|*YSE-PZ*>,,
ANT2025yqy4vtfltvk4,2025ino,SN IIb,0.019,,208.6455612864368,38.44782348737548,18.132518768310547,46.17053278432286,full_lightgbm_02_2025,svi,SN Ibc,6.793042545877356,NGC5361,0.0181597015642947,,False,-19.6843113993274,0.9342477404174288,glade,1.0,False,SN Ibc,0.995,-16.50194289818203,,0.019,,1.0,719.A,<https://ziggy.ucolick.org/yse/transient_detail/2025ino|*YSE-PZ*>,,
ANT20251ox8zmihbglk,2025dke,SN IIn,0.0558,,214.8415533,-1.7857065000000034,17.035099029541016,62.23278978456801,full_lightgbm_02_2025,svi,SN IIn,23.4112476909734,9906620812953900.0,0.161038,,False,-19.333803432130235,0.7161568162433812,decals,1.0,False,SN IIn,1.0,-19.95833856015762,,0.0558,,1.0,719.A,<https://ziggy.ucolick.org/yse/transient_detail/2025dke|*YSE-PZ*>,,
ANT2025y1re24244p31,2025org,---,,,225.6012289067512,26.877190336810898,19.57219886779785,2.249456384583027,early_lightgbm_02_2025,svi,SLSN-I,0.42308509411678163,9906631306056651,0.59096,,False,-19.353474483355555,0.8634496470533106,decals,0.999,True,SN Ia,0.9,-22.68612188777169,,0.59096,,1.0,618.B,<https://ziggy.ucolick.org/yse/transient_detail/2025org|*YSE-PZ*>,,
ANT2025hzc1lndgxqr9,2025nmk,SN Ib,0.032389,,241.6653462,-2.3569927703596107,18.726612091064453,0.24504668441659305,early_lightgbm_02_2025,svi,SN Ibc,11.24082413083604,16063911-0221325,0.0324790884171751,,False,-21.13000366022584,0.9999999999999708,glade,0.999,False,SN Ibc,0.986,-17.073396176298463,,0.032389,,1.0,423.B,<https://ziggy.ucolick.org/yse/transient_detail/2025nmk|*YSE-PZ*>,,
ANT2025o7oudsc5thdh,2025mmb,---,,,272.5652878599336,52.16352094483119,19.390928268432617,6.252245784635306,early_lightgbm_02_2025,svi,SN Ibc,7.215957044309978,9907738123964407,0.068782,,False,-20.470667036503173,0.9999999999998764,decals,0.996,True,SN Ibc,0.93,-18.063202924187983,,0.068782,,1.0,749.F,<https://ziggy.ucolick.org/yse/transient_detail/2025mmb|*YSE-PZ*>,,
ANT2025nmvunvl6zcog,---,---,,,194.5031640377476,31.175902505013163,19.554513931274414,2.3146878843108425,early_lightgbm_02_2025,svi,SN Ibc,11.418984870945991,44363,0.05239668962929,,False,-21.610001813871914,0.9999999999999704,glade,0.986,True,SN Ibc,0.98,-17.300535395012865,,0.05239668962929,,1.0,423.D,,,
ANT2025ldrjm81m3fdx,2025ngk,---,,,224.924225691118,50.90982057722064,19.121570587158203,0.2403128844598541,early_lightgbm_02_2025,svi,SLSN-I,0.5599723795875854,9907737822496872,0.238145,,False,-19.29423911321885,0.9999999999999916,decals,0.983,True,SN Ia,0.489,-21.096836574734187,,0.238145,,1.0,749.D,<https://ziggy.ucolick.org/yse/transient_detail/2025ngk|*YSE-PZ*>,,
ANT2024tpdlq46on5ag,2024aeog,---,,,339.94288191234773,-16.156521542833232,18.96116065979004,184.46655128466955,early_lightgbm_02_2025,svi,SN Ibc,,nan,,,False,,,,0.953,False,,,,,,,0.993,,<https://ziggy.ucolick.org/yse/transient_detail/2024aeog|*YSE-PZ*>,,
ANT2025kg74qj2kx9vf,2025gvs,SN II,0.007165,,237.59751634056192,25.919466175990635,15.565068244934082,43.243183284430415,full_lightgbm_02_2025,svi,SN IIn,30.66470264043544,9906630970509329,0.073182,,False,-19.14132170198712,0.4108649997057215,decals,0.944,True,SN IIn,1.0,-16.945027737624006,,0.007165,,1.0,618.A,<https://ziggy.ucolick.org/yse/transient_detail/2025gvs|*YSE-PZ*>,,
ANT2025mmevyfsbhu9o,2025odj,---,,,215.74990859999747,36.05925052043226,19.34048080444336,0.29268558452895377,early_lightgbm_02_2025,svi,SN Ibc,4.946151769446225,2074268,0.0980670426400877,,False,-20.520001425254243,0.9999999999999232,glade,0.931,False,,,,,,,0.995,719.A,<https://ziggy.ucolick.org/yse/transient_detail/2025odj|*YSE-PZ*>,,
ANT2025o4qkvmhptm2k,2025lib,---,,,238.4427707121365,16.299618850088905,19.18084144592285,21.24789388467616,full_lightgbm_02_2025,svi,SLSN-I,1.2160001844623702,9906627537014952,0.475955,,False,-19.61474767377115,0.9286048512901804,decals,0.926,True,SN Ibc,0.906,-22.594259938560935,,0.475955,,1.0,575.A,<https://ziggy.ucolick.org/yse/transient_detail/2025lib|*YSE-PZ*>,,
ANT2025lom9b8arrila,2025naj,---,,,266.3094774389361,53.27875041474724,19.391088485717773,4.260208684383542,early_lightgbm_02_2025,svi,SN Ibc,4.290992171315653,9907738352159513,0.048028,,False,-16.620134055008823,0.9556256337340848,decals,0.887,True,SN Ibc,0.974,-17.27266343000762,,0.048028,,1.0,749.F,<https://ziggy.ucolick.org/yse/transient_detail/2025naj|*YSE-PZ*>,,
ANT2025cu57q2srd1zf,2025kjd,SN IIn,0.085,,270.486467683256,66.08674405108165,18.989599227905273,20.23111148447788,early_lightgbm_02_2025,svi,SN Ibc,0.9927572634417364,9907740789507404.0,0.367623,,False,-19.108618259065945,0.9986481524830756,decals,0.866,True,SN Ibc,0.873,-18.93207032690435,,0.085,,1.0,,<https://ziggy.ucolick.org/yse/transient_detail/2025kjd|*YSE-PZ*>,,
ANT2025hvhpptt8dc89,2025nzg,---,,,328.554101,-13.117914022010638,19.625022888183594,6.200613784501911,early_lightgbm_02_2025,svi,SN IIn,0.6072345224937158,9906616632936438,0.695469,,False,-20.14035517052418,0.9999999999999184,decals,0.843,True,SN Ibc,0.954,-22.993774477626438,,0.695469,,0.999,,<https://ziggy.ucolick.org/yse/transient_detail/2025nzg|*YSE-PZ*>,,
ANT2025cgr4up8erigu,2025jqx,SN II,0.08332,,195.00706265226265,28.424642265508545,18.88437271118164,8.39989618434629,full_lightgbm_02_2025,svi,SN IIn,2.6107653508010107,9906631800786762,0.104449,,False,-19.558898131092352,0.9997260510326602,decals,0.778,True,SN II,0.77,-18.993153424678045,,0.08332,,0.878,674.C,<https://ziggy.ucolick.org/yse/transient_detail/2025jqx|*YSE-PZ*>,,
ANT2025mwv4k56x26l1,2025etv,---,,,219.122464328069,36.00546109182362,18.43553352355957,94.24201428460947,full_lightgbm_02_2025,svi,SN IIn,1.029958503094283,9907733715095889,0.081294,,False,-17.726628660107824,0.9998396953476052,decals,0.642,True,SN II,1.0,-19.3875754307399,,0.081294,,1.0,719.D,<https://ziggy.ucolick.org/yse/transient_detail/2025etv|*YSE-PZ*>,,
ANT2025tkkpvsbz6aeo,2025maw,---,,,295.9294345363479,-25.05148869752152,18.689838409423828,4.24035918469599,early_lightgbm_02_2025,svi,SN IIn,,,,,False,,,,0.627,False,,,,,,,1.0,,<https://ziggy.ucolick.org/yse/transient_detail/2025maw|*YSE-PZ*>,,
ANT20255n2z708rfthq,2025mcq,---,,,241.8004785067237,26.320650601797794,19.280899047851562,14.331470284509123,early_lightgbm_02_2025,svi,SLSN-I,0.6629676025796348,9906631056360053,0.917422,,False,-20.844798320020544,0.9989261286008944,decals,0.624,True,SN II,0.998,-23.941684510483192,,0.917422,,1.0,618.B,<https://ziggy.ucolick.org/yse/transient_detail/2025mcq|*YSE-PZ*>,,
ANT2025nnmefvqf46tw,2025nre,---,,,213.51456953267413,45.96484528681236,19.373746871948242,2.2528012845577905,early_lightgbm_02_2025,svi,SN IIn,2.104869560959961,9907736566499102,0.068066,,False,-18.170621616706867,0.9994799773814058,decals,0.596,True,SN Ia,0.781,-18.05730894211698,,0.068066,,1.0,477.C,<https://ziggy.ucolick.org/yse/transient_detail/2025nre|*YSE-PZ*>,,
ANT2025m46r9upihtkr,2025nse,---,,,267.5530825054348,14.571282109457144,19.013599395751953,0.2228822846809635,early_lightgbm_02_2025,svi,SN Ibc,1.4781136241668231,9906626906757052,0.051164,,False,-20.24996691457993,0.9986388269173072,decals,0.533,True,SN Ia,0.474,-17.789120537976707,,0.051164,,0.993,527.F,<https://ziggy.ucolick.org/yse/transient_detail/2025nse|*YSE-PZ*>,,
