,tns_name,tns_class,tns_redshift,superphot_plus_class_prob,ra,dec,peak_mag,peak_phase,superphot_plus_classifier,superphot_plus_sampler,superphot_plus_class,host_sep_arcsec,host_name,host_redshift,host_redshift_type,posted_before,host_absmag,host_prob,best_host_catalog,transient_ra_deg,transient_dec_deg,superphot_plus_prob,high_host_confidence,superphot_plus_class_no_z,superphot_plus_prob_no_z,superphot_plus_class_without_redshift,superphot_plus_prob_without_redshift,peak_abs_mag,nuclear,best_redshift,superphot_nonIa_prob,superphot_non_Ia_prob,yse_field,yse_pz
ANT2025h50kqhgrn3vp,2025yz,SN Ia,0.038353,0.796,154.2254352999998,-5.866450341787783,17.238122940063477,0.5239103986459668,early_lightgbm_12_2024,svi,SN Ibc,15.727394588517418,MCG -01-26-038,0.038353,SPEC,False,,,,,,,,,,,,,,,,,,
ANT2025sabcxhn0tajb,2025qe,SN Iax[02cx-like],0.0075,0.785,139.61737875204278,73.76248750823903,16.217947006225586,0.4645353984597022,early_lightgbm_12_2024,svi,SN Ibc,21.04813744949054,PSO J091834.824+734536.004,,PHOT,False,,,,,,,,,,,,,,,,,,
ANT2025ehgowafw9hz9,2025nb,---,,0.777,246.04217199425955,25.66922420897704,16.95515251159668,0.2601950984026189,early_lightgbm_12_2024,svi,SN Ibc,7.71261165874143,WISEA J162409.72+254014.6,0.040413,SPEC,False,,,,,,,,,,,,,,,,,,
ANT20253kuwjeql3ll8,2025oq,SN Ic,0.01133,0.606,136.1601387938907,18.466676101494528,15.463980674743652,5.493701998660981,early_lightgbm_12_2024,svi,SN Ibc,11.241799061362752,NGC 2744 NED02,0.01133,SPEC,False,,,,,,,,,,,,,,,,,,
ANT2025gmfu4kei74jl,2025afh,SN Ia,0.031,0.785,46.9537354,-4.260345100000009,18.07210159301757,0.6495132997370092,early_lightgbm_12_2024,svi,SN Ibc,12.642081908461323,WISEA J030748.23-041544.9,0.030961,SPEC,False,,,,,,,,,,,,,,,,,,
ANT202513552bjcitqg,2025arw,---,,0.603,9.494102580353346,8.637095363417842,17.961477279663086,0.6274183999485103,early_lightgbm_12_2024,svi,SN Ibc,15.15680713268702,NGC 0180,0.017616,SPEC,False,,,,,,,,,,,,,,,,,,
ANT2025dg1jatint1wl,2025yn,SN II,0.017,0.458,31.0779061,-8.740994400000005,17.684696197509766,0.6490387997328071,early_lightgbm_12_2024,svi,SN Ibc,20.935382476882417,NGC 0809,0.017812,SPEC,False,,,,,,,,,,,,,,,,,,
ANT2025xcatqkg8otbt,2025zt,---,,0.45,14.9264152,26.651368899999994,18.266075134277344,0.6426729999220697,early_lightgbm_12_2024,svi,SN II,2.4664623943474218,2MASX J00594231+2639026,0.047183,SPEC,False,,,,,,,,,,,,,,,,,,
ANT2025j3bdbx7etlm0,2025adj,SN II,0.011389,0.719,224.93529980748872,51.46307850737459,16.313596725463867,8.071678754204186,early_lightgbm_12_2024,svi,SN II,13.167595747143675,KUG 1458+516,0.011389,SPEC,False,,,,,,,,,,,,,,,,,,
ANT2025hlmql2x4acfh,---,---,,0.458,158.9880427,-19.772405300000003,16.48605728149414,16.081019054428907,early_lightgbm_12_2024,svi,SN II,,,,PHOT,False,,,,,,,,,,,,,,,,,,
ANT20254foj83jfeko0,---,---,,0.426,120.277859,-1.587960803993255,15.915590286254885,4.268924154603155,early_lightgbm_12_2024,svi,SN II,,,,PHOT,False,,,,,,,,,,,,,,,,,,
ANT2025ue8s101sn69x,2025acj,SN Ia,0.04712,0.454,195.5398065,3.104163974482546,17.802200317382812,5.109603704717301,early_lightgbm_12_2024,svi,SN II,20.3027283856422,CGCG 043-105,0.047188,SPEC,False,,,,,,,,,,,,,,,,,,
ANT20252errpy946dbb,2025arb,SN Ia,0.02635,0.469,136.99827688040375,41.20915083015545,16.855615615844727,0.1349518985516624,early_lightgbm_12_2024,svi,SN II,2.3570200234731047,WISEA J090759.69+411229.7,0.02635,SPEC,False,,,,,,,,,,,,,,,,,,
ANT20253c5ns42olf2n,2025acu,SN Ia,0.029,0.423,158.3589315,1.84142080237487,16.312692642211914,0.1187365983641939,early_lightgbm_12_2024,svi,SN II,24.852800853180945,SDSS J103324.82+015043.9,0.5936150457959741,PHOT,False,,,,,,,,,,,,,,,,,,
ANT2025ky1mg2m2gjco,2025azi,SN Ia,0.082,0.658,230.0837496698894,10.78553649325103,18.453332901000977,0.0168184537105844,early_lightgbm_12_2024,svi,SN II,5.683909782543756,WISEA J152020.15+104713.5,0.085798,SPEC,False,,,,,,,,,,,,,,,,,,
ANT2025k40je2t7dk3i,2025bei,---,,0.444,175.74651629072162,-16.79576865823205,16.164384841918945,0.1057082317420281,early_lightgbm_12_2024,svi,SN II,1.6444995497466874,WISEA J114259.07-164747.5,0.029892,SPEC,False,,,,,,,,,,,,,,,,,,
ANT2025ealzghq69oy8,2025awg,---,,0.821,136.74321350410173,22.22595607808464,18.474424362182617,0.1512995026787393,early_lightgbm_12_2024,svi,SN Ibc,3.653061400144151,GALEXASC J090658.18+221331.7,0.1393329124168258,PHOT,False,,,,,,,,,,,,,,,,,,
ANT2025p7gxd8bsjyc0,2025bag,SN Ia,0.032,0.713,154.61377666839388,-26.73289302960877,16.553485870361328,1.123081902951526,early_lightgbm_12_2024,svi,SN II,2.526831572193704,2MASX J10182722-2643567,0.030905,SPEC,False,,,,,,,,,,,,,,,,,,
ANT2025voj6knquv1e1,2025ard,SN Ia,0.0478,0.552,119.26475158722108,22.522240776697345,17.77016258239746,1.287537903037446,early_lightgbm_12_2024,svi,SN Ibc,4.130302664044563,CGCG 118-025,0.047833,SPEC,False,,,,,,,,,,,,,,,,,,
ANT2025bmp680sdehku,2025azh,SN Ia,0.056,0.503,116.90005,5.625724599999998,18.052040100097656,1.2438805028577915,early_lightgbm_12_2024,svi,SN II,1.366018005434987,GALEXASC J074736.05+053730.0,0.2979935798946327,PHOT,False,,,,,,,,,,,,,,,,,,
ANT2025ilgbsve3qja1,2025aph,SN II,0.022,0.428,37.98288351738397,3.522226472561769,17.668357849121094,0.4225147031029337,early_lightgbm_12_2024,svi,SN II,2.1080486880624045,WISEA J023155.97+033121.4,0.0801502068494972,PHOT,False,,,,,,,,,,,,,,,,,,
ANT20254irpno7fbwy6,2025bod,---,,0.422,83.06112628219894,-19.090858525752186,18.301958084106445,2.284771702696162,early_lightgbm_12_2024,svi,SN II,14.42055391390506,WISEA J053215.56-190534.8,0.085066,SPEC,False,,,,,,,,,,,,,,,,,,
ANT20250cn90sl6cnmp,2025apl,SN Ia,0.04,0.416,144.13909455000004,-5.110317550000005,17.538480758666992,7.135292503029632,early_lightgbm_12_2024,svi,SN II,17.38290455949202,PSO J093632.444-050626.912,0.3025348808003527,PHOT,False,,,,,,,,,,,,,,,,,,
ANT2025jqv1nsybpjni,2025aot,SN Ic,0.02183,0.756,151.8057375,2.9031239665452944,17.831253051757812,0.2043089565486298,early_lightgbm_12_2024,svi,SN Ibc,4.449588081770283,[EKL2017] ECO 5514,0.021363,SPEC,False,,,,,,,,,,,,,,,,,,
ANT2025dcqioe7c0e2y,2025ail,---,,0.685,133.25637774092206,41.82464923381295,18.175573348999023,0.2789038565606461,early_lightgbm_12_2024,svi,SN II,2.905865672871073,SDSS J085301.74+414927.1,0.042596,SPEC,False,,,,,,,,,,,,,,,,,,
ANT2025g5rvwtyrgflr,---,---,,0.5,106.32832238910004,58.14432422722045,18.44036674499512,0.3505936564542935,early_lightgbm_12_2024,svi,SN II,0.958696768024716,WISEA J070518.98+580839.1,0.1083333333337215,PHOT,False,,,,,,,,,,,,,,,,,,
ANT2025zsenwxl95b0w,2025ayo,SN Ia,0.052,0.427,210.69239854999995,-2.0855054787451763,18.126903533935547,4.051670056454896,early_lightgbm_12_2024,svi,SN II,8.946474599345155,WISEA J140246.54-020500.9,0.051173,SPEC,False,,,,,,,,,,,,,,,,,,
ANT2025xmj9lacbigol,2025asr,SN Ia,0.04,0.419,237.4983199858208,17.415737815614904,16.9124813079834,4.014459356818406,early_lightgbm_12_2024,svi,SN II,30.81556212317322,WISEA J154957.42+172458.2,0.3872699503464763,PHOT,False,,,,,,,,,,,,,,,,,,
ANT2025btu34ywtc47v,---,---,,0.414,108.1129122,50.29321430000002,18.35136604309082,0.3990542564206407,early_lightgbm_12_2024,svi,SN Ibc,,,,PHOT,False,,,,,,,,,,,,,,,,,,
ANT2025126xyn9r51se,2025atg,---,,0.576,192.57508427257943,14.410103378423456,18.281694412231445,3.206270622795273,early_lightgbm_12_2024,svi,SN II,1.1266590088702972,SDSS J125017.99+142437.4,0.1441490300882062,PHOT,False,,,,,,,,,,,,,,,,,,
ANT202544tqeax6gvy7,2025azl,SN IIb,0.02,0.404,195.98289351961216,-20.942297412547006,17.63871955871582,0.1841294227706384,early_lightgbm_12_2024,svi,SN Ibc,12.48313731937202,WISEA J130355.04-205635.2,0.0368304662099485,PHOT,False,,,,,,,,,,,,,,,,,,
ANT2025j5ptbie5rvaj,2025arz,---,,0.448,151.70233761328444,39.53041630722888,17.848012924194336,2.28572249050194,early_lightgbm_12_2024,svi,SN II,34.214802111504405,WISEA J100645.80+393202.7,0.2967045894358093,PHOT,False,,,,,,,,,,,,,,,,,,
ANT20257gdjsdb8bok4,2025bvs,---,,0.438,272.5405626067705,50.25002766764694,18.02128028869629,0.0529562906449427,early_lightgbm_12_2024,svi,SN II,20.40919355159957,WISEA J181008.30+501444.3,0.054142,SPEC,False,,,,,,,,,,,,,,,,,,
ANT2025a0h600hbim8a,2025bzk,---,,0.404,255.06616713833705,36.22638594219979,17.976085662841797,2.0914400905458024,early_lightgbm_12_2024,svi,SN II,3.316953288879852,WISEA J170016.13+361336.1,0.073793,SPEC,False,,,,,,,,,,,,,,,,,,
ANT2025d9cxwedw713l,2025boh,---,,0.585,45.81833465000001,-2.348073333906868,18.012216567993164,0.4189241537533235,early_lightgbm_12_2024,svi,SN II,3.505075408135649,WISEA J030316.25-022055.4,0.1265073490032557,PHOT,False,,,,,,,,,,,,,,,,,,
ANT2025ky3d8ji8k1n1,2025bvg,---,,0.537,173.48266315,1.637608656329391,18.05795669555664,4.141875553847058,early_lightgbm_12_2024,svi,SN II,3.033685409685609,2MASX J11335592+0138126,0.073906,SPEC,False,,,,,,,,,,,,,,,,,,
ANT2025ghbxrk74c0ur,---,---,,0.516,235.5124204,-19.47902560000001,11.14108657836914,5.024167153955204,early_lightgbm_12_2024,svi,SN Ibc,8.366580587163986,PSO J154203.549-192846.932,0.3112242020579107,PHOT,False,,,,,,,,,,,,,,,,,,
ANT2025qy0ic7ksn8dj,---,---,,0.465,209.1987163,-13.42134680000001,17.978321075439453,0.0763546540110837,early_lightgbm_12_2024,svi,SN Ibc,6.990250711538231,,0.503937908489831,PHOT,False,,,,,,,,,,,,,,,,,,
ANT2025ea4ob5fk7aud,2025bvc,---,,0.452,150.80452808120648,9.595449951301418,18.3945255279541,0.2102782539732288,early_lightgbm_12_2024,svi,SN II,1.5788102425139838,2MASS J10031312+0935447,0.077991,SPEC,False,,,,,,,,,,,,,,,,,,
ANT2025kf9exnh34ymi,2025buw,---,,0.595,85.4683241888324,62.90781403706242,18.142662048339844,4.349676048877882,early_lightgbm_12_2024,svi,SN II,9.064105335874451,PSO J054151.773+625436.146,0.1139385041336132,PHOT,False,,,,,,,,,,,,,,,,,,
ANT2025r24q78e8suww,2025aue,SN Ia-91T-like,0.019,0.573,64.62663820109367,33.77111156573143,15.644068717956545,2.3366552489169408,early_lightgbm_12_2024,svi,SN II,8.997671097012745,2MASS J04183048+3346250,,PHOT,False,,,,,,,,,,,,,,,,,,
ANT2025pzpe1snbjuy7,2025baq,SN Iax[02cx-like],0.025,0.541,215.574552367754,50.50837490508925,17.448400497436523,6.091551048710244,early_lightgbm_12_2024,svi,SN II,29.26768676015657,PSO J142218.836+503004.951,0.0255284778683885,PHOT,False,,,,,,,,,,,,,,,,,,
ANT2025jnb3bwd5txiv,2025bbw,SN Ia,0.081,0.538,230.260664893914,33.09477588843689,18.21800994873047,4.119525648682611,early_lightgbm_12_2024,svi,SN II,2.06531654614114,WISEA J152102.45+330539.6,0.1915636958915,PHOT,False,,,,,,,,,,,,,,,,,,
ANT2025p5sxhvynbko3,---,---,,0.506,212.5306946,-8.715098340807572,18.02653884887696,1.088657548680203,early_lightgbm_12_2024,svi,SN II,2.9781473177703783,WISEA J141007.49-084256.4,0.056052,SPEC,False,,,,,,,,,,,,,,,,,,
ANT2025jrxkj96bk8e9,2025axg,---,,0.558,201.527237770847,24.726402031509608,17.996999740600586,15.100835479810485,early_lightgbm_12_2024,svi,SN II,3.329832619768745,WISEA J132606.75+244333.8,0.063758,SPEC,False,,,,,,,,,,,,,,,,,,
ANT2025vmj1ywpmh76x,2025bzq,---,,0.484,216.82039015,-0.9214662473490876,17.974319458007812,0.0743770799745107,early_lightgbm_12_2024,svi,SN II,1.4129220616267957,WISEA J142716.96-005516.4,0.053697,SPEC,False,,,,,,,,,,,,,,,,,,
ANT2025ywlyx3m6aa0j,2025bsi,---,,0.461,118.29861877004684,13.02886531608469,18.33703994750977,0.3519928800087655,early_lightgbm_12_2024,svi,SN II,13.174504967249806,WISEA J075312.26+130133.5,0.029937,SPEC,False,,,,,,,,,,,,,,,,,,
ANT20259s79g1qtyjf6,---,---,,0.586,231.71932641481305,-17.637895714770124,17.903291702270508,0.0842754449913627,early_lightgbm_12_2024,svi,SN II,,,,PHOT,False,,,,,,,,,,,,,,,,,,
ANT2025eygcicaouoc4,2025brs,SN Ia,0.00952,0.848,94.74628405794115,-24.6275112067313,15.999297142028809,0.8555908053676831,early_lightgbm_12_2024,svi,SN Ibc,10.574253917723032,PSO J094.7462-24.6246,0.2819522805025218,,False,-24.217843956138992,0.9572883658799468,panstarrs,,,,,,,,,,,,,,,
ANT2025ncm86pb8j6bt,---,---,,0.753,116.10828672326411,-27.47967692567434,18.32047462463379,0.8890051054331707,early_lightgbm_12_2024,svi,SN II,6.4057794889315405,PSO J116.1102-27.4803,0.152017824441982,,False,-21.44962440979772,0.714421829206848,panstarrs,,,,,,,,,,,,,,,
ANT2025kocrxv2ht9m4,2025bbe,SN Ia,0.026833,0.41,213.5369053,3.2246806984178704,16.443954467773438,6.679063005329226,early_lightgbm_12_2024,svi,SN II,18.570756110554,,0.861288,,False,-21.391229429784342,0.9209125914758818,decals,,,,,,,,,,,,,,,
ANT20257jkmek8h4vst,2025bdr,SN Ia-91T-like,,0.601,154.96488443846795,55.43174094739368,16.41605567932129,0.7749310056242393,early_lightgbm_12_2024,svi,SN II,,,,,False,,,,,,,,,,,,,,,,,,
ANT20252stindehk72s,2025cuf,SN Ia,0.023717,,138.4435764006232,34.83940328358819,18.275619506835938,2.6257452236968675,full_lightgbm_02_2025,svi,SN IIn,13.102215296693377,9907733312176456.0,0.241178,,False,-18.97460922961256,0.1284325894111057,decals,,,0.576,False,,,SN Ibc,0.435,,,,,,,
ANT2025t44laia9g4av,---,---,,,202.9028451,-23.3772972,15.328700065612791,1.53031702372391,full_lightgbm_02_2025,svi,SN IIn,0.5129328592524645,7.994202902889778e+16,0.0559579476275738,,False,-22.464227820902536,0.9995393373094608,panstarrs,,,0.468,True,,,SN Ibc,0.359,,,,,,,
ANT20254by4lubsaq2o,---,---,,,102.4650505813846,23.36657703651659,17.26288414001465,2.6835346234511235,early_lightgbm_02_2025,svi,SN Ibc,13.126445329329531,1.3604102461745293e+17,0.1185715508625265,,False,-23.181799423873528,0.1531357865747191,panstarrs,,,0.448,False,,,,,,,,,,,
ANT2025iv1gpyq933g0,---,---,,,108.74294841286168,22.451769571228,17.969722747802734,2.67970362338383,early_lightgbm_02_2025,svi,SN Ibc,,,,,False,,,,,,0.444,False,,,,,,,,,,,
ANT2025f8976axes9hb,---,---,,,102.33522979999996,22.5156145,17.60202980041504,2.6835346234511235,early_lightgbm_02_2025,svi,SN Ibc,,,,,False,,,,,,0.417,False,,,,,,,,,,,
ANT20258zj355b1djys,2025cbq,SN Ia-pec,0.024764,,292.0927085857608,56.580051586748695,17.697341918945312,7.94728940508503,full_lightgbm_02_2025,svi,SN IIn,13.07621087601242,9907739063684432.0,0.16605,,False,-18.970149574151893,0.6668081866673262,decals,,,0.644,False,,,SN Ibc,0.722,-17.515639393627342,,,,,,
ANT2025hjhfcz4a9gpg,2025bol,SN Ia,0.03,,62.47651746784037,-12.412846457727651,16.310733795166016,7.353713005475583,early_lightgbm_02_2025,svi,SN IIn,0.3309767918827668,9906616749131892.0,0.190249,,False,-18.15391050290092,0.999053657143746,decals,,,0.444,True,,,SN Ia,0.625,-19.32160323921912,,,,,,
ANT2025q56lnmnbe1a2,2025cff,SN Ia,0.041,,271.2270721572381,39.6806120251928,17.89651870727539,7.0917531158047495,early_lightgbm_02_2025,svi,SN IIn,19.543835147753,9907734845327166,0.213679,,False,-20.92518921588023,0.2393250383768169,decals,,,0.401,True,,,SN Ia,0.36,-18.420007887103605,,,,,,
ANT2025wguvdcxdl8y8,2025bwp,SN II,0.041433,,151.16069049728864,37.07625590522574,18.33254051208496,0.1419104249653173,early_lightgbm_02_2025,svi,SLSN-I,2.453909867491284,29227,0.0417493271994491,,False,15.45,0.66272896270414,glade,,,0.873,False,,,SN Ibc,0.409,-18.0070267843073,,,,,,
ANT20256ql7ndtaexm9,2025cac,SN Ia,0.048,,199.2120047,-3.05763600341426,17.297813415527344,12.017790024678106,full_lightgbm_02_2025,svi,SN IIn,9.84582944914528,9906620336967314.0,0.048612,,False,-18.79556365457602,0.9844539877556964,decals,,,0.574,True,,,SN Ia,0.705,-19.364657673524807,,,,,,
ANT20254u6c2m13t948,2025cku,SN II,0.08,,147.6865543732341,27.30245656217328,17.788949966430664,0.2004521247436059,early_lightgbm_02_2025,svi,SN IIn,1.3317205657304374,9906631371985622.0,0.08428,,False,-19.609279476603795,0.9999647074484196,decals,,,0.419,True,,,SN Ia,0.622,-19.99869859551825,,,,,,
ANT2025qk1tnnusmn9t,---,---,,,144.7115575999462,50.85770125001579,18.17102432250977,0.2177322251227451,early_lightgbm_02_2025,svi,SLSN-I,1.0865784910342189,9907737749423628.0,0.068347,,False,-20.56749488816028,0.9999950528981107,decals,,,0.406,True,,,SN Ia,0.335,-19.269116054455537,,,,,,
ANT2025bzg7m67e1n9u,2025cxh,---,,,152.9125083,-25.15170895548877,17.397220611572266,0.1721419250097824,early_lightgbm_02_2025,svi,SN IIn,9.02595651033575,7.781152910918602e+16,0.1102010628538925,,False,-22.8619816247015,0.999942510769318,panstarrs,,,0.404,True,,,SN Ia,0.558,-21.099812343903693,,,,,,
ANT2025y4z0mj5ubs3a,2025coe,SN Ib-pec,0.00472,,158.28301271018975,28.43682009379585,16.28291130065918,11.103310924998368,full_lightgbm_02_2025,svi,SN IIn,,,,,False,,,,,,0.662,False,,,SN Ibc,0.255,-15.319409882730376,,,,,,
ANT202501x9gluo5196,2025chq,---,,,131.29703731357677,-8.414322782121204,18.232328414916992,5.290297732477484,early_lightgbm_02_2025,svi,SN IIn,9.252210357094958,9906618252526163,0.104995,,False,-22.19897356548888,0.9999913401801628,decals,,,0.496,True,,,SN Ia,0.616,-20.15729730137119,,,,,,
ANT202533lwx8et8su2,2025cfs,SN Ia,0.073,,136.50606770794815,51.41270205261615,18.120624542236328,5.170228232418594,early_lightgbm_02_2025,svi,SN IIn,3.789305720289674,2393686,0.0671066934032762,,False,16.67,0.9669538485745808,glade,,,0.433,True,,,SN Ia,0.575,-19.464810931784104,,,,,,
ANT20255d4vjyzn36j2,2025djk,---,,,296.8678855,74.4487061,17.243125915527344,5.948750213814492,early_lightgbm_02_2025,svi,SLSN-I,5.234363646507243,1.9734296865972083e+17,0.0828785112202658,,False,-23.018877312199493,0.9962759930491384,panstarrs,,,0.798,True,,,SLSN-I,0.27,-20.622654115271185,,,,,,
ANT2025sxnddgtnl2rz,2025cxg,SN Ia,0.02,,101.35131835,14.334924924520266,16.744192123413086,0.2134024459228385,early_lightgbm_02_2025,svi,SLSN-I,36.386329678198656,125211013458922806,0.0483521590919097,,False,-20.88163896484608,0.2322710330776697,panstarrs,,,0.424,True,,,SN Ia,0.541,-18.002207069099892,,,,,,
ANT20256r5qfc04fpxz,2025efc,SN Ia,0.0163,,143.6814434347721,-21.931089866693043,15.172727584838867,0.2272629728977335,early_lightgbm_02_2025,svi,SLSN-I,,,,,False,,,,,,0.467,False,,,SN Ia,0.362,-19.127397328594355,,,,,,
ANT20251nr4x6ngodbr,2025dyt,SN Ia,0.03369,,121.37316457863486,37.53672227338527,16.821964263916016,7.282540471285756,full_lightgbm_02_2025,svi,SN IIn,34.444050683574055,9907734149334500.0,0.09863,,False,-17.07961686959752,0.332160971735049,decals,,,0.779,False,,,SN Ia,0.357,-19.06426059187644,,,,,,
ANT20255b0trcbm5hmx,2025dkj,SN Ia,0.046864,,142.21638366668108,52.68586057758663,17.626710891723633,8.158350671168591,early_lightgbm_02_2025,svi,SN IIn,5.830043152019655,1.712214221901041e+17,0.0543084119086112,,False,-21.375893827191,0.9994245212343156,panstarrs,,,0.583,True,,,SN Ia,0.601,-18.98316149695936,,,,,,
ANT2025yuw5hex5udy3,2025dyo,SN Ia,0.039,,234.3680823,5.819814902188611,17.19116973876953,5.964105137893057,full_lightgbm_02_2025,svi,SN IIn,7.651410389155541,1.1498234366046498e+17,0.0541401997443576,,False,-21.72649629084264,0.9984706335836236,panstarrs,,,0.759,True,,,SN Ia,0.398,-19.01570393071492,,,,,,
ANT20252ea000vd0uj0,2025dhv,SN Ia,0.04066,,225.8662894667251,10.60352921598465,17.0164852142334,5.977496337880439,early_lightgbm_02_2025,svi,SLSN-I,12.433967853995812,1.2072225866901066e+17,0.0367329807223007,,False,-21.494269397293543,0.0917109746182281,panstarrs,,,0.696,False,,,SN Ia,0.564,-19.281779700106792,,,,,,
ANT20251x7ndondxrb4,2025fmz,---,,,82.86916922923757,7.163298096582977,17.408437728881836,0.2866861380534828,early_lightgbm_02_2025,svi,SLSN-I,11.949984068555402,1.1659082867563986e+17,0.2210766375404401,,False,-21.299045482809102,0.5889827373056539,panstarrs,,,0.536,True,,,SN Ia,0.333,-22.64298316790544,,,,,,
ANT20250vkk88x9j3av,2025emr,---,,,112.8123742,21.10804327201637,18.42508888244629,2.254116637901461,early_lightgbm_02_2025,svi,SN IIn,5.332301131598704,9906629207201680.0,0.064121,,False,-18.58875197608037,0.99949426781292,decals,,,0.444,True,,,SN II,0.349,-18.874363524509487,,,,,,
ANT20252qv191mf4u2k,2025eum,SN Ia,0.065,,149.81005332952077,28.30182178744132,18.04827690124512,0.2129477381604374,early_lightgbm_02_2025,svi,SN IIn,3.691300301962346,9906631707199856.0,0.104758,,False,-18.510552727790223,0.998794110574864,decals,,,0.439,True,,,SN Ia,0.569,-19.28117783270853,,,,,,
ANT2025jirh0djhiqel,2025fpz,---,,,117.18533482127958,66.19744023364251,17.069440841674805,0.1780980220282799,early_lightgbm_02_2025,svi,SLSN-I,38.63609757240234,1.8742117166783843e+17,0.0952904954254885,,False,-21.328871268305228,0.7299276672155175,panstarrs,,,0.756,True,,,SN Ibc,0.478,-21.105179174333827,,,,,,
ANT20255xmfem0cmozn,---,---,,,118.62972299999994,-6.912980750000159,14.127507209777832,9.228271621766908,full_lightgbm_02_2025,svi,SN IIn,9.61627129974262,9.970118631907667e+16,0.1278375116835435,,False,-20.108147846533488,0.9159554938374824,panstarrs,,,0.543,True,,,SN Ibc,0.6,-24.699525609974323,,,,,,
ANT202591u1iz7oh3z0,2025fed,---,,,222.3480209980223,-6.64783515501351,18.35944557189941,0.0416976218330091,early_lightgbm_02_2025,svi,SLSN-I,3.922587455118877,9906618931613344.0,0.047598,,False,-21.053911369303847,0.9999061815560114,decals,,,0.438,True,,,SN Ia,0.331,-18.28455451056517,,,,,,
ANT2025evohk94wsq49,2025dyv,SN Ia,0.038,,101.17865197274485,77.72600004920525,17.259429931640625,3.2616165220024413,early_lightgbm_02_2025,svi,SN Ibc,11.000190359699666,9907742164189764.0,0.049255,,False,-21.27198610071038,0.9986021861076848,decals,,,0.409,True,,,SN Ia,0.379,-18.890508393240367,,,,,,
ANT2025iw9e26bzlxlx,2025fwb,---,,,287.6644021162723,37.16985819783163,15.374244689941406,7.995689521332679,full_lightgbm_02_2025,svi,SN IIn,5.862505644198766,1.526028766252252e+17,0.0921931512213045,,False,-22.648166587082244,0.9574119901165744,panstarrs,,,0.752,True,,,SN Ia,0.371,-22.727189932107,,,,,,
ANT2025siz9fptwdok4,2025fwc,---,,,268.9959593502925,7.710316413981161,17.292877197265625,10.980087721509337,full_lightgbm_02_2025,svi,SN IIn,7.599224307392326,1.17252689938253e+17,0.2156353950973031,,False,-22.09115000977617,0.0731780058924122,panstarrs,,,0.746,True,,,SN Ia,0.435,-22.702622773436808,,,,,,
ANT2025lpnbdv0gg15d,2025eqm,SN Ia,0.065,,279.24366741763885,30.70701530581377,17.710346221923828,7.994277521291224,early_lightgbm_02_2025,svi,SLSN-I,10.520897080233658,1.4485279240465014e+17,0.0675254268383541,,False,-21.57984500837753,0.9573236010150884,panstarrs,,,0.556,True,,,SN II,0.346,-19.61910851202981,,,,,,
ANT2025ligvy1kcapke,2025fbc,---,,,281.3833603405634,23.82471252104125,16.31990623474121,10.948525221341695,full_lightgbm_02_2025,svi,SN IIn,5.481125949377854,1.36592813829892e+17,0.1182924117854229,,False,-22.745284588899366,0.9929783455455315,panstarrs,,,0.482,True,,,SN Ia,0.419,-22.33452922943297,,,,,,
ANT20251v25arvi9yvg,2025fae,---,,,281.9505958346305,44.42404946431108,18.149375915527344,2.325069838414493,early_lightgbm_02_2025,svi,SN IIn,2.03952948213584,9907736179512004.0,0.056321,,False,-19.41026686224564,0.9990632856036824,decals,,,0.387,True,,,SN Ia,0.481,-18.864507010196007,False,0.056321,0.744,,,
ANT2025utyzppwyovkp,2025fax,---,,,281.0539454963832,46.23049076350181,18.18577003479004,2.325069838414493,early_lightgbm_02_2025,svi,SLSN-I,6.096196923097245,9907736644424512.0,0.067951,,False,-19.77299146632392,0.9973715924630202,decals,,,0.489,True,,,SN Ia,0.411,-19.24155721461856,False,0.067951,,0.932,,
ANT20250132sf3eq1px,2025fds,SN,0.026,,128.47170575370936,57.53953208625379,17.558143615722656,12.219110308353264,full_lightgbm_02_2025,svi,SN IIn,34.09183852330612,9907739246659880.0,0.158873,,False,-19.110755467740667,0.3520506799758812,decals,,,0.639,False,,,SN Ia,0.26,-17.761277333547568,False,0.026,,0.992,,
ANT202532i2knf0ue79,2025fdq,SN II,0.02,,205.2517976616165,39.05818558813938,18.19776153564453,11.03447687940934,early_lightgbm_02_2025,svi,SN II,8.055176643168148,9907734612609694.0,0.189447,,False,-20.71810614639829,0.9994919405235524,decals,,,1.0,True,,,SN II,0.991,-16.548637656868447,False,0.02,,1.0,,
ANT2025qp6fr9ktow4h,---,---,,,301.5204069121369,6.7726162613698335,16.78860092163086,4.341688697706559,early_lightgbm_02_2025,svi,SN IIn,1.954473344417956,1.1612301520132816e+17,0.118024753106536,,False,-20.243285460121,0.4622245568253927,panstarrs,,,0.351,False,,,,,,False,,,0.915,,
ANT2025fxo0srn0dudi,---,---,,,114.9641093,-10.646275433445012,17.60425567626953,0.2152556143482797,early_lightgbm_02_2025,svi,SN II,9.316447874084242,9.522114961519555e+16,0.0751676909406135,,False,-20.6504555373021,0.9957236518849196,panstarrs,,,0.347,False,,,,,,False,,,0.78,376.E,<https://ziggy.ucolick.org/yse/transient_detail/2023vtr|*YSE-PZ*>
ANT20252y3jds8senev,---,---,,,101.6888132,15.640689259683723,17.40227508544922,7.298304493786418,early_lightgbm_02_2025,svi,SN II,11.68381460287686,1.2677101691382184e+17,0.0411777584865546,,False,-21.815366442826864,0.6358814704939357,panstarrs,,,0.715,False,,,,,,,,,0.831,781P2.E_1,
ANT2025u32sbpe29pz3,2025hdw,---,,,105.5716979834205,59.42812471961883,18.23553276062012,0.4708285365923075,early_lightgbm_02_2025,svi,SN II,1.391557705249023,9907739640398884.0,0.045633,,False,-18.777837377882776,0.999495051463016,decals,,,0.971,True,,,SN II,0.698,-18.315897525774574,,0.045633,,0.994,,<https://ziggy.ucolick.org/yse/transient_detail/2025hdw|*YSE-PZ*>
ANT2025t6j00bpd9g9t,2025gxc,---,,,185.0548795651488,29.07018447178672,18.09980010986328,0.065052657846536,early_lightgbm_02_2025,svi,SN II,4.983570782975658,1854725.0,0.0662270265630582,,False,16.56,0.9330218200775446,glade,,,0.892,True,,,SN II,0.517,-19.270872515421576,,0.0662270265630582,,0.894,628P2.F,<https://ziggy.ucolick.org/yse/transient_detail/2025gxc|*YSE-PZ*>
ANT2025ycqqkvkpg1bz,---,---,,,295.459705759304,38.29761901626176,16.617399215698242,4.422935536880686,full_lightgbm_02_2025,svi,SN II,3.845414160945399,1.5395295459673907e+17,0.1368659691355546,,False,-22.504496466320305,0.5772682199860086,panstarrs,,,0.837,False,,,,,,,,,1.0,712P2.E,
ANT2025kg74qj2kx9vf,2025gvs,SN II,0.007165,,237.59751472480824,25.91947016754188,15.873748779296877,0.0858848240823135,early_lightgbm_02_2025,svi,SN II,30.647985687654145,9906630970509328.0,0.073182,,False,-19.141321701987096,0.4351995968544562,decals,,,0.895,True,,,SN Ia,0.757,-16.636347203261213,,0.007165,,1.0,628P2.C,<https://ziggy.ucolick.org/yse/transient_detail/2025gvs|*YSE-PZ*>
ANT2025apo0kdeb5l7s,2025gtd,---,,,126.21842025,2.8943666401835912,15.614639282226562,15.263801524102746,full_lightgbm_02_2025,svi,SN IIn,16.726156106839042,9906622582756664.0,0.179768,,False,-21.73452132423716,0.6122277323555649,decals,,,0.867,False,,,,,,,,,0.935,311P2.F,<https://ziggy.ucolick.org/yse/transient_detail/2025gtd|*YSE-PZ*>
ANT2025178e4gnx8q3u,2025hyz,---,,,297.87579384977766,12.554716195970784,16.775501251220703,2.0583415184592013,early_lightgbm_02_2025,svi,SLSN-I,7.482131052601267,123062978750253856,0.069199655427439,,False,-20.189828049758283,0.8386991301220323,panstarrs,,,0.985,True,,,SLSN-I,0.783,-20.69198094556066,,0.069199655427439,,1.0,529P2.F,<https://ziggy.ucolick.org/yse/transient_detail/2025hyz|*YSE-PZ*>
ANT20259ial3uag14vv,2025hlm,SN Ia-91bg-like,0.019764,,107.79784108208166,50.17436498968673,17.192262649536133,0.3161972145098843,early_lightgbm_02_2025,svi,SN II,90.53830829733695,9907737622614126.0,0.184315,,False,-19.805902163554347,0.8122817051461454,decals,,,0.55,True,,,SN Ibc,0.42,-17.528229802430673,,0.019764,,0.982,757P2.F,<https://ziggy.ucolick.org/yse/transient_detail/2025hlm|*YSE-PZ*>
ANT2025xtf1c7rqceth,2025hxf,SN II,0.0262,,238.27085546308373,20.6357006605609,17.90317726135254,6.1342029186707805,full_lightgbm_02_2025,svi,SN II,,,,,False,,,,,,0.581,False,,,SN II,0.685,-17.43299273897691,,0.0262,,0.997,577.B,<https://ziggy.ucolick.org/yse/transient_detail/2025hxf|*YSE-PZ*>
ANT202563m521ig3c0d,2025idz,---,,,145.40098975571124,-11.45793718630263,18.182491302490234,0.2090300391937489,early_lightgbm_02_2025,svi,SN IIn,,,,,False,,,,,,0.459,False,,,,,,,,,0.915,365.E,<https://ziggy.ucolick.org/yse/transient_detail/2025idz|*YSE-PZ*>
ANT2025foeio780x4eh,2025idy,---,,,175.3421073397653,-26.578977603116755,17.34117317199707,0.2003724140377016,early_lightgbm_02_2025,svi,SN Ibc,,,,,False,,,,,,0.939,False,,,,,,,,,0.994,523.D,<https://ziggy.ucolick.org/yse/transient_detail/2025idy|*YSE-PZ*>
ANT20252oa2azuwpbk2,---,---,,,282.5583479,-14.20116920000001,15.833348274230955,15.22635292650375,full_lightgbm_02_2025,svi,SN II,,,,,False,,,,,,0.868,False,,,,,,,,,1.0,,<https://ziggy.ucolick.org/yse/transient_detail/2025ivl|*YSE-PZ*>
ANT20252utvhs0lqnnw,2025hxt,---,,,313.7154443511767,65.16043071892933,18.23820304870605,0.1260880629633902,early_lightgbm_02_2025,svi,SN II,7.983101289448015,PGC065702,0.0085784809007128,,False,-19.740010685060284,0.9999999999999803,glade,,,0.54,False,,,,,,,,,0.971,,<https://ziggy.ucolick.org/yse/transient_detail/2025hxt|*YSE-PZ*>
ANT2025tdk31m4d460s,2025khg,---,,,172.3125629676857,-7.183121579128667,18.38804244995117,0.2473927476094104,early_lightgbm_02_2025,svi,SLSN-I,1.7048684497502813,9906618731071794,0.277181,,False,-19.457485310646213,0.9838750115995588,decals,,,0.995,True,,,SN Ia,0.654,-22.17157957942367,,0.277181,,1.0,523.A,<https://ziggy.ucolick.org/yse/transient_detail/2025khg|*YSE-PZ*>
ANT2025l8r141d2y6iz,2025jpl,---,,,288.2960578729364,37.05665155660133,17.02307891845703,7.991111326249666,full_lightgbm_02_2025,svi,SN II,,,,,False,,,,,,0.934,False,,,,,,,,,1.0,707.A,<https://ziggy.ucolick.org/yse/transient_detail/2025jpl|*YSE-PZ*>
ANT2025l105hk07u87p,2025iew,SN II,0.023,,198.991664942996,17.16571948279389,17.605289459228516,0.1172591795038897,early_lightgbm_02_2025,svi,SN Ibc,18.377576836055017,9906627888877200,0.074677,,False,-16.352604847258217,0.4200741242675377,decals,,,0.92,True,,,SN Ibc,0.983,-17.446257485354703,,0.023,,1.0,575.A,<https://ziggy.ucolick.org/yse/transient_detail/2025iew|*YSE-PZ*>
ANT2025xavmrranlqi3,2025khl,---,,,251.36159147003963,65.59108457620619,18.3681697845459,2.302460589038674,early_lightgbm_02_2025,svi,SN IIn,1.5224125309818275,9907740709488115,0.125205,,False,-17.60981145160539,0.9926107072154536,decals,,,0.73,True,,,SN II,0.675,-20.41256184312902,,0.125205,,0.74,,<https://ziggy.ucolick.org/yse/transient_detail/2025khl|*YSE-PZ*>
ANT2025tp1lqjvumk5d,2025jpj,---,,,281.8958990437756,29.099457573797,16.304424285888672,8.025418879260542,full_lightgbm_02_2025,svi,SN II,,,,,False,,,,,,0.999,False,,,,,,,,,1.0,674.C,<https://ziggy.ucolick.org/yse/transient_detail/2025jpj|*YSE-PZ*>
ANT2025xirqle64z9e9,2025iqz,---,,,233.5086115043255,3.918216452610409,17.816814422607422,0.136009014051524,early_lightgbm_02_2025,svi,SN IIn,,,,,False,,,,,,0.558,False,,,,,,,,,0.992,477.C,<https://ziggy.ucolick.org/yse/transient_detail/2025iqz|*YSE-PZ*>
ANT20257x2xmyx5s3c2,2025kej,---,,,273.7838590461204,41.36491874535134,14.762127876281738,3.994716839049943,full_lightgbm_02_2025,dynesty,SLSN-I,0.1465472138754989,9907735277147732,0.692078,,False,-19.17782350272465,0.9999999999999876,decals,,,0.896,True,,,SN II,0.759,-27.845899527014915,,0.692078,,0.986,719.D,<https://ziggy.ucolick.org/yse/transient_detail/2025kej|*YSE-PZ*>
ANT2025q30oradsstlz,2025kdt,---,,,216.30416070000004,-7.145912635591401,18.08989143371582,0.616941950218461,early_lightgbm_02_2025,svi,SLSN-I,2.698392900453975,9906618742539532,0.493685,,False,-20.62834601931648,0.9546243272818182,decals,,,0.993,True,,,SN Ia,0.673,-23.767116583720657,,0.493685,,1.0,719.A,<https://ziggy.ucolick.org/yse/transient_detail/2025kdt|*YSE-PZ*>
ANT20251dcjunevbg2v,2025ljt,---,,,253.33621395,-8.425645109826817,16.841211318969727,10.674921814512343,full_lightgbm_02_2025,svi,SN II,,,,,False,,,,,,0.984,False,,,,,,,,,1.0,365.F,<https://ziggy.ucolick.org/yse/transient_detail/2025ljt|*YSE-PZ*>
ANT2025osqwu0mz4mfs,2025kyb,CV,0.0,,271.53337186579364,31.629980016545616,16.639135360717773,12.66994501480076,full_lightgbm_02_2025,svi,SLSN-I,,,,,False,,,,,,0.964,False,,,,,,,,,1.0,674.A,<https://ziggy.ucolick.org/yse/transient_detail/2025kyb|*YSE-PZ*>
ANT2025vtrhkvlex97q,---,---,,,303.3066692888818,11.90071668620986,14.987582206726074,13.54611391450453,full_lightgbm_02_2025,svi,SN II,,,,,False,,,,,,0.963,False,,,,,,,,,1.0,527.F,
ANT2025horrkys8e0mj,2025lyf,SN Ia,0.034,,226.32222164573744,-10.303817008818314,17.98699188232422,2.6731394144444494,early_lightgbm_02_2025,svi,SN Ibc,,,,,False,,,,,,0.944,False,,,SN Ibc,0.577,-17.919288786188204,,0.034,,0.977,365.E,<https://ziggy.ucolick.org/yse/transient_detail/2025lyf|*YSE-PZ*>
ANT2025zji4cmog8qs6,2025kvd,CV,0.0,,303.8224375710279,-12.490715990869065,16.984161376953125,13.549447314508145,full_lightgbm_02_2025,svi,SLSN-I,,,,,False,,,,,,0.697,False,,,,,,,,,1.0,365.E,<https://ziggy.ucolick.org/yse/transient_detail/2025kvd|*YSE-PZ*>
ANT2025s75z8xml6yqn,2025kyy,SN Ia,0.06,,340.6997355,51.50387229148582,16.46373748779297,3.178267880706698,early_lightgbm_02_2025,svi,SLSN-I,,,,,False,,,,,,1.0,False,,,SN Ia,0.98,-20.68940824363365,,0.06,,1.0,749.F,<https://ziggy.ucolick.org/yse/transient_detail/2025kyy|*YSE-PZ*>
ANT2025zkbrxgzuo45q,2025mqc,SN Ib,0.0087,,190.9676593,-0.5609082998514623,17.657611846923828,0.4800058267210261,early_lightgbm_02_2025,svi,SN Ibc,19.79332481668106,NGC4653,0.0077568948518267,,False,-19.85003222049025,0.9896921097495393,glade,,,0.932,True,,,SN Ibc,0.873,-15.274876518728906,,0.0087,,1.0,423.A,<https://ziggy.ucolick.org/yse/transient_detail/2025mqc|*YSE-PZ*>
ANT202593i4uler93t5,2025lic,SN,0.042,,231.6608121695108,6.107438710786255,18.13098526000977,7.386204111659026,early_lightgbm_02_2025,svi,SN II,0.969408664049742,9906623740121198,0.150731,,False,-18.224037435429825,0.6580448020046592,decals,,,1.0,False,,,SN II,1.0,-18.23839489169796,,0.042,,1.0,468.D,<https://ziggy.ucolick.org/yse/transient_detail/2025lic|*YSE-PZ*>
ANT2025gufo1p55ngt2,---,---,,,279.97182423564936,12.344129804783025,17.599668502807617,4.246215711616969,early_lightgbm_02_2025,svi,SN II,,,,,False,,,,,,0.998,False,,,,,,,,,1.0,527.F,
ANT20257cdzyqiyph5z,2025mxo,---,,,295.1700525,55.73690421696205,17.1903018951416,7.339780511603749,early_lightgbm_02_2025,svi,SLSN-I,,,,,False,,,,,,0.721,False,,,,,,,,,0.997,,<https://ziggy.ucolick.org/yse/transient_detail/2025mxo|*YSE-PZ*>
ANT20255xsc225zhv3b,---,---,,,264.2400028339593,-17.272864269129045,16.302204132080078,11.26357781844854,full_lightgbm_02_2025,svi,SN II,,,,,False,,,,,,0.97,False,,,,,,,,,1.0,,
ANT2025vgvk79ybf1h0,2025okm,---,,,191.45791154999785,40.81939445000072,18.452226638793945,0.3201037630569772,early_lightgbm_02_2025,svi,SN II,1.41433296537077,9907735118023930,0.05539,,False,-21.03017198422916,0.8413729097733335,decals,,,0.786,True,,,SN II,0.876,-18.524988358395,,0.05539,,0.8220000000000001,719.D,<https://ziggy.ucolick.org/yse/transient_detail/2025okm|*YSE-PZ*>
ANT2025tsetaly18abg,2025nqz,---,,,231.5889467050997,44.784915809738806,18.191797256469727,0.2291083633099333,early_lightgbm_02_2025,svi,SN II,2.7974310455620444,9907736237441156,0.028762,,False,-16.739715893550358,0.9951950432055742,decals,,,0.551,True,,,SN Ia,0.795,-17.34835754753105,,0.028762,,1.0,749.E,<https://ziggy.ucolick.org/yse/transient_detail/2025nqz|*YSE-PZ*>
ANT2025ylwiogjafi4v,2025nda,---,,,278.71356712579245,22.15477244532117,16.19190216064453,19.199385620195244,full_lightgbm_02_2025,dynesty,SN II,,,,,False,,,,,,0.911,False,,,,,,,,,1.0,577.D,<https://ziggy.ucolick.org/yse/transient_detail/2025nda|*YSE-PZ*>
ANT2025p54aeuilllxs,2025nqb,SN Ic,0.015109,,187.9181616,3.927078949249804,18.01448440551757,0.5176974377172883,early_lightgbm_02_2025,svi,SN Ibc,8.110126655057371,NGC4496B,0.0141250568980155,,False,-19.552088846803606,0.9597786380311708,glade,,,0.862,True,,,SN Ibc,0.68,-16.12021328422739,,0.015109,,1.0,423.A,<https://ziggy.ucolick.org/yse/transient_detail/2025nqb|*YSE-PZ*>
ANT2025gqfhxy3022w9,2025few,SN Ib,0.025,,188.33676185231903,27.10959375593653,16.860641479492188,11.561447437437891,full_lightgbm_02_2025,svi,SN Ibc,4.188635469731832,SDSSJ123320.65+27063,0.0258080496195997,,False,-17.480004905361156,0.6106134472440377,glade,,,0.611,False,,,SN II,0.833,-18.37306529898157,,0.025,,1.0,423.A,<https://ziggy.ucolick.org/yse/transient_detail/2025few|*YSE-PZ*>
ANT20253p2wqcrpe3cv,2025ngs,SN II,0.0063,,233.81951547727093,30.86548382826578,15.501531600952148,7.281416444675415,early_lightgbm_02_2025,svi,SN Ibc,11.850705243290376,NGC5961,0.0056284082992874,,False,-18.119973941924464,0.9064962928123422,glade,,,0.592,False,,,SN Ibc,0.794,-16.728690457787792,,0.0063,,1.0,674.A,<https://ziggy.ucolick.org/yse/transient_detail/2025ngs|*YSE-PZ*>
ANT2025x78b3r12pwdr,2025oax,---,,,303.64329407930234,25.274001070054737,16.625123977661133,16.149448066898913,full_lightgbm_02_2025,svi,SN II,,,,,False,,,,,,0.966,False,,,,,,,,,1.0,618.A,<https://ziggy.ucolick.org/yse/transient_detail/2025oax|*YSE-PZ*>
ANT202581qsgg0y932e,2025oay,---,,,307.8275150129826,19.720971874989218,15.802903175354004,12.249691166864068,full_lightgbm_02_2025,svi,SN II,,,,,False,,,,,,0.948,False,,,,,,,,,1.0,577.B,<https://ziggy.ucolick.org/yse/transient_detail/2025oay|*YSE-PZ*>
ANT2025tnv60d155baz,2025ozw,---,,,269.6888455916928,12.834072410576011,17.093490600585938,4.25536246685806,early_lightgbm_02_2025,svi,SN II,,,,,False,,,,,,0.909,False,,,,,,,,,1.0,527.F,<https://ziggy.ucolick.org/yse/transient_detail/2025ozw|*YSE-PZ*>
ANT2025jvmdpw48467n,2025obr,---,,,254.95640633616893,74.06957236179919,18.4627628326416,0.1494124107994139,early_lightgbm_02_2025,svi,SLSN-I,0.9526385365997,9907741825106926,0.237167,,False,-19.14248594842857,0.93705094195734,decals,,,1.0,True,,,SN Ia,0.958,-21.74640060069166,,0.237167,,1.0,,<https://ziggy.ucolick.org/yse/transient_detail/2025obr|*YSE-PZ*>
ANT20259c2hiagz72wk,2025osq,---,,,351.5070333466245,47.108903810579335,18.017534255981445,0.2130466108210384,early_lightgbm_02_2025,svi,SN Ibc,,,,,False,,,,,,0.982,False,,,,,,,,,0.998,749.E,<https://ziggy.ucolick.org/yse/transient_detail/2025osq|*YSE-PZ*>
ANT2025r2sht05zfv3u,2025ocy,SN Ic-BL,0.022452,,257.1788913065224,4.051587099674123,17.39719009399414,6.189050818014948,full_lightgbm_02_2025,svi,SN Ibc,6.132917510163532,IC1242,0.0218254901877707,,False,-21.019577840310795,0.9999999999999832,glade,,,0.997,False,,,SN Ibc,0.99,-17.60169078213495,,0.022452,,0.997,477.C,<https://ziggy.ucolick.org/yse/transient_detail/2025ocy|*YSE-PZ*>
ANT20257nfgzys0s1w1,2025odc,---,,,263.08861458268234,-11.432305944377632,17.077192306518555,16.162435654521687,full_lightgbm_02_2025,svi,SN II,,,,,False,,,,,,0.992,False,,,,,,,,,1.0,365.E,<https://ziggy.ucolick.org/yse/transient_detail/2025odc|*YSE-PZ*>
ANT2025k0l7gudyd4qc,2025pgh,---,,,294.03972706239784,12.151641748985412,17.47258949279785,12.099657854501856,early_lightgbm_02_2025,svi,SLSN-I,,,,,False,,,,,,0.668,False,,,,,,,,,0.998,527.F,<https://ziggy.ucolick.org/yse/transient_detail/2025pgh|*YSE-PZ*>
ANT20258m7sc7nojqei,2025omy,CV,,,293.47522811115186,42.33359324204323,14.080777168273926,14.195082523590829,full_lightgbm_02_2025,svi,SLSN-I,,,,,False,,,,,,0.967,False,,,,,,,,,1.0,719.D,<https://ziggy.ucolick.org/yse/transient_detail/2025omy|*YSE-PZ*>
ANT202528o7dvgcrqkf,2025qfe,---,,,295.0365453,-3.4750404338010554,17.540790557861328,5.09637882347306,early_lightgbm_02_2025,dynesty,SN II,,,,,False,,,,,,0.965,False,,,,,,,,,1.0,423.E,<https://ziggy.ucolick.org/yse/transient_detail/2025qfe|*YSE-PZ*>
ANT20251708q978wr2w,2025pgi,---,,,299.69556482638234,-19.63638832921022,16.594276428222656,10.087985617639788,full_lightgbm_02_2025,svi,SN II,,,,,False,,,,,,0.97,False,,,,,,,,,1.0,,<https://ziggy.ucolick.org/yse/transient_detail/2025pgi|*YSE-PZ*>
ANT2025mjm5rlljdfk0,---,---,,,287.6037776865384,-22.90974593584208,18.469701766967773,0.1180435177593608,early_lightgbm_02_2025,svi,SN II,,,,,False,,,,,,0.926,False,,,,,,,,,0.995,,
ANT2025kskt59pjeowh,2025oss,---,,,268.82601279984215,12.167094599366024,15.29287815093994,18.3226429569404,full_lightgbm_02_2025,svi,SN II,,,,,False,,,,,,0.899,False,,,,,,,,,1.0,527.F,<https://ziggy.ucolick.org/yse/transient_detail/2025oss|*YSE-PZ*>
ANT20258ir1gu782680,2025pks,SN Ia,0.036,,321.37726696655926,20.50403466834264,18.03618431091309,2.166818713274552,early_lightgbm_02_2025,svi,SN Ibc,5.439554244970424,9906629081761032,0.049201,,False,-21.395371576418235,0.9999746313139412,decals,,,0.926,True,,,SN Ibc,0.966,-17.995284028227,,0.036,,0.927,577.B,<https://ziggy.ucolick.org/yse/transient_detail/2025pks|*YSE-PZ*>
ANT202537qof1ja2xih,---,---,,,296.9671689,-3.0905111000000005,17.36515235900879,4.279646339186002,early_lightgbm_02_2025,svi,SN II,,,,,False,,,,,,0.969,False,,,,,,,,,0.996,423.E,
ANT2025ceks3t17az45,2025pgc,---,,,278.3380032431073,-11.161222073424,16.429399490356445,17.205387039401103,full_lightgbm_02_2025,svi,SN II,,,,,False,,,,,,0.645,False,,,,,,,,,1.0,365.E,<https://ziggy.ucolick.org/yse/transient_detail/2025pgc|*YSE-PZ*>
ANT2025s91h0fpm1cnv,2025qtt,SN II,0.012839,,292.7750177043788,54.10100107877413,16.79823112487793,0.2605244529477204,early_lightgbm_02_2025,svi,SN II,18.46300081537597,UGC11453,0.0131338781946765,,False,-21.87246792696404,0.995524020151728,glade,,,1.0,False,,,SN II,0.999,-16.981665768065476,,0.012839,,1.0,,<https://ziggy.ucolick.org/yse/transient_detail/2025qtt|*YSE-PZ*>
ANT2025f1hscztcglwe,---,---,,,286.5268039515061,55.57957414506849,15.55368995666504,18.21297815330763,full_lightgbm_02_2025,svi,SLSN-I,0.149267379054859,9907738851282923,0.481252,,False,-19.12686951273489,0.9999999999999908,decals,,,0.975,True,,,SN II,0.909,-26.246205672383624,,0.481252,,0.975,,
ANT2025k4ocl4x181fz,2025pgx,CV,,,282.837063,16.28370840000001,14.48141098022461,16.25418185331364,full_lightgbm_02_2025,svi,SLSN-I,,,,,False,,,,,,0.952,False,,,,,,,,,1.0,575.A,<https://ziggy.ucolick.org/yse/transient_detail/2025pgx|*YSE-PZ*>
ANT20252c1y3fmw6ogl,2025qrb,---,,,279.67575198126605,37.04836218190503,17.190805435180664,0.2581054529218818,early_lightgbm_02_2025,svi,SN Ibc,2.258369239516298,UGC11311,0.0206351048436501,,False,-19.705849633582982,0.9999999999999946,glade,,,0.925,False,,,,,,,,,0.969,707.A,<https://ziggy.ucolick.org/yse/transient_detail/2025qrb|*YSE-PZ*>
ANT20251avuk5sjt7o5,---,---,,,314.8452580214247,38.76252715040497,16.966411590576172,4.223221252956137,early_lightgbm_02_2025,dynesty,SN IIn,,,,,False,,,,,,0.774,False,,,,,,,,,1.0,719.A,
ANT2025po72i82li6pz,2025rcf,---,,,314.5535267648787,29.919404414948403,16.100801467895508,5.163659122910758,early_lightgbm_02_2025,dynesty,SN IIn,,,,,False,,,,,,1.0,False,,,,,,,,,1.0,674.C,<https://ziggy.ucolick.org/yse/transient_detail/2025rcf|*YSE-PZ*>
ANT2025sw43zub00bs2,2025qqz,---,,,272.77663452611023,15.288504761477723,18.36461067199707,0.2429878228795132,early_lightgbm_02_2025,svi,SN II,,,,,False,,,,,,0.983,False,,,,,,,,,0.987,,<https://ziggy.ucolick.org/yse/transient_detail/2025qqz|*YSE-PZ*>
ANT2025st0286ospk2f,2025soz,---,,,255.50578200668065,-24.855538861197672,16.14850425720215,8.300955091763171,full_lightgbm_02_2025,svi,SN II,,,,,False,,,,,,0.284,False,,,,,,,,,0.944,,<https://ziggy.ucolick.org/yse/transient_detail/2025soz|*YSE-PZ*>
ANT202551za4wb64gbg,---,---,,,293.4726650085389,-12.89554436482196,17.196788787841797,8.327971023391001,full_lightgbm_02_2025,svi,SN II,,,,,False,,,,,,0.86,False,,,,,,,,,1.0,365.E,
ANT20256wwg8rq00n3x,---,---,,,279.7436171,-3.8637470500000006,12.216059684753418,4.337855323567055,early_lightgbm_02_2025,dynesty,SN IIn,,,,,False,,,,,,0.679,False,,,,,,,,,1.0,423.E,
ANT20250abj309ti4zq,2025sig,---,,,290.75235163613684,-8.435922207985655,16.516626358032227,10.62552803048311,full_lightgbm_02_2025,svi,SN II,,,,,False,,,,,,0.917,False,,,,,,,,,1.0,365.F,<https://ziggy.ucolick.org/yse/transient_detail/2025sig|*YSE-PZ*>
ANT2025j5fuh2gqq6x1,2025rmx,SN IIn,0.032349,,328.0558583505492,-23.37805004068169,18.23225784301757,1.1237092027877225,early_lightgbm_02_2025,svi,SN IIn,,,,,False,,,,,,1.0,False,,,SN IIn,0.733,-17.565045492764185,,0.032349,,1.0,,<https://ziggy.ucolick.org/yse/transient_detail/2025rmx|*YSE-PZ*>
ANT2025s2taddyny9bz,2025sem,SN II,0.0242,,281.4834356119246,15.820564778357692,18.02672004699707,2.134866602762486,early_lightgbm_02_2025,svi,SN II,,,,,False,,,,,,1.0,False,,,SN II,0.99,-17.135924574047102,,0.0242,,1.0,575.A,<https://ziggy.ucolick.org/yse/transient_detail/2025sem|*YSE-PZ*>
ANT2025mwcypunhf31r,2025ryz,SN II,0.016201,,332.1869220514757,-27.85361095212957,17.850709915161133,8.340908064907126,early_lightgbm_02_2025,svi,SN II,15.062070316274514,IC5168,0.0157228527979004,,False,-19.73742488795726,0.999999999999982,glade,,,0.981,True,,,SN II,0.978,-16.436130649599257,,0.016201,,1.0,,<https://ziggy.ucolick.org/yse/transient_detail/2025ryz|*YSE-PZ*>
ANT2025l740v13llrce,2025ruw,---,,,311.2888017871037,23.39811251987946,17.904375076293945,3.409033064664982,early_lightgbm_02_2025,svi,SN IIn,,,,,False,,,,,,0.962,False,,,,,,,,,0.999,618.A,<https://ziggy.ucolick.org/yse/transient_detail/2025ruw|*YSE-PZ*>
ANT2025i11et1499qsc,---,---,,,304.3035094976128,11.949697306053809,15.696681022644045,19.439993764674,full_lightgbm_02_2025,svi,SLSN-I,,,,,False,,,,,,0.716,False,,,,,,,,,1.0,527.F,
ANT2025g8nvjcsgdrd2,2025rut,---,,,284.2174362093056,14.28644102891056,16.120990753173828,16.276046457751363,full_lightgbm_02_2025,svi,SN II,,,,,False,,,,,,0.965,False,,,,,,,,,1.0,527.F,<https://ziggy.ucolick.org/yse/transient_detail/2025rut|*YSE-PZ*>
ANT2025bowd9yep10jm,2025rwm,---,,,334.74147030390884,13.40195573518922,18.336631774902344,0.0938731255228049,early_lightgbm_02_2025,svi,SLSN-I,0.5566658210873784,9906626557316462,0.138618,,False,-20.05845931362211,0.9999999999999908,decals,,,1.0,True,,,SN IIn,0.592,-20.67070710244014,,0.138618,,1.0,527.F,<https://ziggy.ucolick.org/yse/transient_detail/2025rwm|*YSE-PZ*>
ANT2025jlulig455ip6,2025shf,---,,,347.52794903697804,3.153367971833788,17.585357666015625,2.2801494685336365,early_lightgbm_02_2025,svi,SN IIn,0.1758883457273165,9906622735057745,0.089483,,False,-17.37326721577914,0.9999999999999902,decals,,,0.912,True,,,SN Ibc,0.645,-20.450025174183978,,0.089483,,1.0,477.C,<https://ziggy.ucolick.org/yse/transient_detail/2025shf|*YSE-PZ*>
ANT2025gga3wpise1ri,---,---,,,260.1132432756376,-22.899921018242708,15.8936185836792,15.423181868471149,full_lightgbm_02_2025,svi,SN II,,,,,False,,,,,,0.868,False,,,,,,,,,1.0,,<https://ziggy.ucolick.org/yse/transient_detail/2025sqc|*YSE-PZ*>
ANT2025pf610xmq43n9,---,---,,,276.9073202747893,-22.41425641171737,17.7161865234375,3.3782374389120378,early_lightgbm_02_2025,svi,SLSN-I,,,,,False,,,,,,0.64,False,,,,,,,,,0.989,,
ANT2025pij81xlhbq0x,2025shi,SN Ibn,0.031952,,342.17617531881666,27.582795744437256,18.27939987182617,2.359718997780874,early_lightgbm_02_2025,svi,SN II,25.376047053926413,UGC12193,0.0324790884171751,,False,-21.72000366022584,0.9915502360831036,glade,,,0.999,False,,,SN Ia,1.0,-17.49087556581243,,0.031952,,1.0,674.C,<https://ziggy.ucolick.org/yse/transient_detail/2025shi|*YSE-PZ*>
ANT2025slvvtga1cq0l,2025snb,SN Ia,0.011,,337.9814077750166,32.67869397524838,16.678590774536133,0.3678786976306583,early_lightgbm_02_2025,svi,SN II,0.9368549769770176,9906633215250169,0.116127,,False,-17.883021967047643,0.999590961249726,decals,,,0.845,True,,,SN Ia,0.996,-16.76457286873721,,0.011,,1.0,674.A,<https://ziggy.ucolick.org/yse/transient_detail/2025snb|*YSE-PZ*>
ANT2025y1gj2n7w1rpb,2025rab,---,,,351.0162496328933,8.802826716610369,17.18975257873535,16.186851991973526,full_lightgbm_02_2025,svi,SN Ibc,2.9324242191783307,9906624801409933,0.056747,,False,-21.88271766121111,0.6842987671364271,decals,,,0.995,True,,,SN Ibc,1.0,-19.840709148144903,,0.056747,,0.995,527.C,<https://ziggy.ucolick.org/yse/transient_detail/2025rab|*YSE-PZ*>
ANT20255svy1up8l3si,2025sss,CV,,,324.621140543916,41.7719185551836,14.11910629272461,16.250474692024,full_lightgbm_02_2025,svi,SLSN-I,,,,,False,,,,,,0.963,False,,,,,,,,,1.0,719.D,<https://ziggy.ucolick.org/yse/transient_detail/2025sss|*YSE-PZ*>
ANT2025iwzfi3tcfsnx,2025txr,---,,,246.9726885017047,-14.563386558358232,18.3231258392334,2.3168732483463828,early_lightgbm_02_2025,svi,SN IIn,,,,,False,,,,,,0.645,False,,,,,,,,,0.96,,<https://ziggy.ucolick.org/yse/transient_detail/2025txr|*YSE-PZ*>
ANT202533o31e1grbfi,2025txq,---,,,273.3739117298169,43.96553858085992,18.059600830078125,0.3657465059295646,early_lightgbm_02_2025,svi,SLSN-I,0.613759977191457,9907736042476183,0.105178,,False,-19.2128705867718,0.8191735043770048,decals,,,1.0,True,,,SN Ia,0.522,-20.333888464340905,,0.105178,,1.0,749.C,<https://ziggy.ucolick.org/yse/transient_detail/2025txq|*YSE-PZ*>
ANT2025p660a4lwadb0,---,---,,,283.7609853304339,-21.088321397415683,18.10472869873047,3.3410706058130017,early_lightgbm_02_2025,svi,SN II,,,,,False,,,,,,0.858,False,,,,,,,,,0.996,,
ANT2025k9piupfg86h2,2025trj,SN Ia,0.02927,,247.59923481871084,40.660112590982365,17.76044273376465,8.41506534400105,full_lightgbm_02_2025,svi,SN Ibc,20.22666423458988,58378,0.0300866080105645,,False,-20.280005363383506,0.7399563898058731,glade,,,0.994,False,,,SN Ibc,1.0,-17.81800600704169,,0.02927,,0.994,719.A,<https://ziggy.ucolick.org/yse/transient_detail/2025trj|*YSE-PZ*>
ANT2025ltcca1fv3blb,---,---,,,263.7211870699618,32.187558285545904,17.79560089111328,7.366062837769277,full_lightgbm_02_2025,dynesty,SLSN-I,,,,,False,,,,,,0.662,False,,,,,,,,,0.855,674.A,<https://ziggy.ucolick.org/yse/transient_detail/2025wfl|*YSE-PZ*>
ANT20258215ymfezuax,---,---,,,262.4133637142977,1.9507902012148577,16.552913665771484,18.32426490339276,full_lightgbm_02_2025,dynesty,SLSN-I,,,,,False,,,,,,0.925,False,,,,,,,,,0.976,477.C,<https://ziggy.ucolick.org/yse/transient_detail/15HYSEelr|*YSE-PZ*>
ANT2025tkn23hkn9osw,2025wbw,---,,,242.45538634149727,15.60028591765142,18.25056838989257,0.3624944346229313,early_lightgbm_02_2025,svi,SN II,12.299350316736067,57336,0.0464685880361752,,False,-20.81000010138869,0.9999999999999452,glade,,,0.737,False,,,,,,,,,0.8200000000000001,,<https://ziggy.ucolick.org/yse/transient_detail/2025wbw|*YSE-PZ*>
ANT2025xn5ie8k247nl,2025wda,---,,,340.5016835695928,40.161814521668646,17.772674560546875,4.22751381580747,early_lightgbm_02_2025,dynesty,SN II,,,,,False,,,,,,0.975,False,,,,,,,,,1.0,719.A,<https://ziggy.ucolick.org/yse/transient_detail/2025wda|*YSE-PZ*>
ANT2025ntaxm0t7bbm4,2025voc,---,,,323.386460182734,37.067162929566095,16.880069732666016,7.247143415799655,full_lightgbm_02_2025,dynesty,SN II,,,,,False,,,,,,0.685,False,,,,,,,,,1.0,707.A,<https://ziggy.ucolick.org/yse/transient_detail/2025voc|*YSE-PZ*>
ANT2025aiujgumdoutr,2025tzp,SN Ia,0.026512,,264.03501753699226,68.1516098127817,17.31381607055664,7.292354715085821,full_lightgbm_02_2025,svi,SN Ibc,21.60375305987596,NGC6419,0.0274920801500683,,False,-20.99999200232262,0.8388860834791219,glade,,,0.953,False,,,SN Ibc,0.825,-18.048230383326807,,0.026512,,0.953,,<https://ziggy.ucolick.org/yse/transient_detail/2025tzp|*YSE-PZ*>
ANT2025f9p0ys7no9f0,2025wgb,---,,,62.76569366905822,21.063940420782583,17.8532657623291,5.187347892759135,early_lightgbm_02_2025,svi,SN II,,,,,False,,,,,,0.836,False,,,,,,,,,1.0,577.D,<https://ziggy.ucolick.org/yse/transient_detail/2025wgb|*YSE-PZ*>
ANT2025kn8fx1361r21,2025wft,---,,,292.0958993,-4.9121395699381765,17.744831085205078,6.252139492513379,full_lightgbm_02_2025,svi,SLSN-I,,,,,False,,,,,,0.692,False,,,,,,,,,0.986,423.E,<https://ziggy.ucolick.org/yse/transient_detail/2025wft|*YSE-PZ*>
ANT20252xov3zp4b772,2025vny,---,,,110.1025117832038,30.345289424883862,17.88619041442871,0.0809407681081211,early_lightgbm_02_2025,svi,SLSN-I,1.0690018779018846,9906632358167098,0.10759,,False,-18.41737932007083,0.9999999999999782,decals,,,0.882,True,,,SN Ia,0.598,-20.55761274220048,,0.10759,,1.0,674.C,<https://ziggy.ucolick.org/yse/transient_detail/2025vny|*YSE-PZ*>
ANT2025woqtaky3du9n,2025uuw,SN Ia,0.030088,,249.2317487050854,44.38002448201187,17.915666580200195,2.3272558227035915,early_lightgbm_02_2025,dynesty,SN Ibc,6.578388787199526,2242967,0.0309105814656819,,False,-19.78000093343492,0.8788600517873875,glade,,,0.881,False,,,SN Ibc,0.94,-17.72307842752703,,0.030088,,0.894,749.C,<https://ziggy.ucolick.org/yse/transient_detail/2025uuw|*YSE-PZ*>
ANT2025r8xnu183vl7w,2025wwm,---,,,317.6318528932521,43.12855521836545,18.041231155395508,3.2525034032951226,early_lightgbm_02_2025,dynesty,SN II,,,,,False,,,,,,0.991,False,,,,,,,,,1.0,719.D,<https://ziggy.ucolick.org/yse/transient_detail/2025wwm|*YSE-PZ*>
ANT2025uo8uyosz0cj0,2025vef,SN Ic-BL,0.03,,21.304399550000007,1.9845856931641488,17.789127349853516,2.178047403525852,early_lightgbm_02_2025,svi,SN Ibc,30.44875371980037,94068,0.0323333446199059,,False,-19.410003797722204,0.9999999999996618,glade,,,0.941,True,,,SN II,0.54,-17.84320968453162,,0.03,,1.0,477.C,<https://ziggy.ucolick.org/yse/transient_detail/2025vef|*YSE-PZ*>
ANT20251994otf7kgpj,2025wfz,SN Ic-BL,0.3,,350.0194697402404,16.284149956145143,18.32048225402832,2.1937766036207904,early_lightgbm_02_2025,svi,SLSN-I,17.572635281209536,9906627565128941,0.277878,,False,-20.87611615771036,0.5102755554975893,decals,,,0.614,False,,,SN II,0.96,-22.41712562522723,,0.3,,0.999,575.A,<https://ziggy.ucolick.org/yse/transient_detail/2025wfz|*YSE-PZ*>
ANT20253rlgftq2o24d,2025usz,Nova,,,333.4737498,30.26168152778408,14.227083206176758,18.352485207760765,full_lightgbm_02_2025,svi,SLSN-I,0.2475213834209124,9906632408827133,0.249772,,False,-17.66557498162601,0.9999999999999782,decals,,,0.976,True,,,SN II,0.914,-26.098428794968203,,0.249772,,0.976,674.C,<https://ziggy.ucolick.org/yse/transient_detail/2025usz|*YSE-PZ*>
ANT2025tuivu8wy2rj8,2025wwe,Nova,,,10.795491647099462,41.77019929838425,17.34231948852539,2.2565130078364746,early_lightgbm_02_2025,dynesty,SN II,,,,,False,,,,,,0.825,False,,,,,,,,,0.995,719.D,<https://ziggy.ucolick.org/yse/transient_detail/2025wwe|*YSE-PZ*>
ANT2025d1kycvvsdkbf,2025wdz,SN Ia,,,335.3035596,23.716787548622108,18.294246673583984,0.1939149002646445,early_lightgbm_02_2025,svi,SLSN-I,0.552957511072591,9906630222350793,1.135614,,False,-20.83714574029742,0.999999999999929,decals,,,1.0,True,,,SN II,0.906,-25.382496063654177,,1.135614,,1.0,618.A,<https://ziggy.ucolick.org/yse/transient_detail/2025wdz|*YSE-PZ*>
ANT20258fjyg7rlub71,2025uso,---,,,244.2393878366795,35.05578897127894,18.073806762695312,0.3250607002628385,early_lightgbm_02_2025,svi,SN Ibc,0.8337040043660918,9907733412515622,0.033129,,False,-17.6793213813912,0.9999999999999892,decals,,,0.939,True,,,SN Ibc,0.918,-17.775653433204436,,0.033129,,1.0,674.D,<https://ziggy.ucolick.org/yse/transient_detail/2025uso|*YSE-PZ*>
ANT20257a5qa4w7vxuy,2025vfa,---,,,246.2516414684093,45.05373029893403,18.08397674560547,2.28327830015769,early_lightgbm_02_2025,svi,SLSN-I,1.455318229043706,9907736307237244,0.126386,,False,-18.108421408955323,0.9999999999998744,decals,,,0.616,True,,,SN Ia,0.986,-20.71764387132353,,0.126386,,1.0,749.E,<https://ziggy.ucolick.org/yse/transient_detail/2025vfa|*YSE-PZ*>
ANT2025hzuqkayur5t4,2025vgt,SN II,0.019547,,310.3106902753075,-25.353478973232924,17.158571243286133,11.29474469327397,early_lightgbm_02_2025,svi,SN II,23.56968612804558,ESO528-032,0.0185003591809941,,False,-19.575226663144097,0.9999999999999448,glade,,,1.0,False,,,SN II,1.0,-17.537827038239985,,0.019547,,1.0,,<https://ziggy.ucolick.org/yse/transient_detail/2025vgt|*YSE-PZ*>
ANT2025nr6nbmhhrqe5,2025vjw,---,0.068,,347.2532908515579,-7.518813589804978,17.937984466552734,0.2835524930342217,early_lightgbm_02_2025,svi,SN IIn,0.3757426875083459,9906618682902153,0.212612,,False,-22.25126557751216,0.999148195151355,decals,,,0.994,True,,,SLSN-I,0.997,-19.49093223684688,,0.068,,0.994,365.F,<https://ziggy.ucolick.org/yse/transient_detail/2025vjw|*YSE-PZ*>
ANT2025j4g5hdnca2jc,2025wvv,---,,,284.07513778299,-8.837298068476343,17.820087432861328,6.334524693033018,early_lightgbm_02_2025,dynesty,SN Ibc,,,,,False,,,,,,0.716,False,,,,,,,,,0.861,365.F,<https://ziggy.ucolick.org/yse/transient_detail/2025wvv|*YSE-PZ*>
ANT2025jnqbfrpmquze,2025vob,CV,,,329.88548249393256,51.30989020983459,15.49276065826416,18.32782339311234,full_lightgbm_02_2025,dynesty,SN Ibc,,,,,False,,,,,,0.691,False,,,,,,,,,1.0,749.F,<https://ziggy.ucolick.org/yse/transient_detail/2025vob|*YSE-PZ*>
ANT2025wl203qn04gl8,2025xdt,---,,,246.8044375815861,33.472179634351605,18.37388610839844,0.419020876113791,early_lightgbm_02_2025,svi,SLSN-I,1.023667124017314,9907732944193738,0.173433,,False,-20.40362100714196,0.9999999999999702,decals,,,1.0,True,,,SN Ia,0.8,-21.133703693244776,,0.173433,,1.0,674.D,<https://ziggy.ucolick.org/yse/transient_detail/2025xdt|*YSE-PZ*>
ANT2025mcd69ptxv4t5,---,---,,,291.1543991,-3.2639171999999945,15.87156867980957,19.235479176335502,full_lightgbm_02_2025,svi,SN II,,,,,False,,,,,,0.916,False,,,,,,,,,1.0,423.E,
ANT2025epf4y6xge9bf,---,---,,,331.3602143107958,25.822619576441767,18.467395782470703,3.391390736811445,early_lightgbm_02_2025,svi,SLSN-I,0.5377551334891254,9906630907662056,0.131844,,False,-18.89294164042663,0.9998174858628612,decals,,,0.996,True,,,SN Ia,0.974,-20.42833429193904,,0.131844,,1.0,618.A,<https://ziggy.ucolick.org/yse/transient_detail/2025wrq|*YSE-PZ*>
ANT202559h00v47onqg,2025xgj,---,,,71.6045236494663,-6.913404737669211,17.85397720336914,0.3503953368781367,early_lightgbm_02_2025,svi,SN Ibc,0.7122034038204452,1027023,0.0454444441070086,,False,-20.46999541569976,0.9999999999999946,glade,,,0.725,False,,,,,,,,,0.8220000000000001,365.F,<https://ziggy.ucolick.org/yse/transient_detail/2025xgj|*YSE-PZ*>
ANT2025l4b9qaquyhga,2025wxl,---,,,77.53173841933422,51.38045915591718,16.790586471557617,0.3862865368282655,early_lightgbm_02_2025,dynesty,SN IIn,,,,,False,,,,,,0.509,False,,,,,,,,,0.995,749.F,<https://ziggy.ucolick.org/yse/transient_detail/2025wxl|*YSE-PZ*>
ANT2025munczq21ydjq,2025wxm,---,,,281.445596043965,59.62226754249481,18.2705020904541,0.2437420227579423,early_lightgbm_02_2025,svi,SLSN-I,0.6566254708131785,9907739663863954,0.935781,,False,-20.864308351985592,0.9999999999998505,decals,,,1.0,True,,,SN Ia,0.957,-24.994705673505887,,0.935781,,1.0,,<https://ziggy.ucolick.org/yse/transient_detail/2025wxm|*YSE-PZ*>
ANT202585mgy4paskw2,2025xgf,---,,,340.249193,-1.3064310010396412,18.231586456298828,0.2144133226029225,early_lightgbm_02_2025,svi,SLSN-I,0.5878208814726282,9906621034538323,0.124249,,False,-20.02778508419656,0.9993332412267972,decals,,,0.989,True,,,SN Ia,0.976,-20.532093421110805,,0.124249,,1.0,423.B,<https://ziggy.ucolick.org/yse/transient_detail/2025xgf|*YSE-PZ*>
ANT2025vszcjzn39yg5,2025xdo,---,,,294.6521758820144,58.72937564257691,17.38468360900879,6.2618207229315885,early_lightgbm_02_2025,svi,SN II,3.052827191672386,9907739519948800,0.600418,,False,-20.44794250617512,0.99999999999016,decals,,,0.596,True,,,SN II,0.78,-24.90892390383718,,0.600418,,1.0,,<https://ziggy.ucolick.org/yse/transient_detail/2025xdo|*YSE-PZ*>
ANT20258ysd2tpqspl6,2025xdz,---,,,290.2608759,-8.061530000596122,16.82823944091797,7.399586922583694,full_lightgbm_02_2025,svi,SN II,,,,,False,,,,,,0.423,False,,,,,,,,,0.992,365.F,<https://ziggy.ucolick.org/yse/transient_detail/2025xdz|*YSE-PZ*>
ANT2025loo7h163l7k7,2025xdk,---,,,289.3121166513283,-14.659589374506766,17.23716163635254,9.340972523343224,full_lightgbm_02_2025,svi,SN II,,,,,False,,,,,,0.99,False,,,,,,,,,1.0,,<https://ziggy.ucolick.org/yse/transient_detail/2025xdk|*YSE-PZ*>
ANT2025lg89h9mkekix,2025vzq,SN Ic,0.007452,,349.76998063658164,-8.477636769008384,15.844038963317873,6.185081323281338,early_lightgbm_02_2025,svi,SN Ibc,27.007507026179848,NGC7606,0.0075812842963868,,False,-21.54001441187029,0.9987945949906628,glade,,,0.834,True,,,SN Ibc,0.928,-16.751504515657153,,0.007452,,1.0,365.F,<https://ziggy.ucolick.org/yse/transient_detail/2025vzq|*YSE-PZ*>
ANT20253nktpll19xu0,2025wwk,SN Ia,0.020514,,5.342307908131635,22.43362477064916,15.922611236572266,1.055289723117312,early_lightgbm_02_2025,svi,SN Ibc,3.405747938412106,NGC0083,0.0193197332968149,,False,-21.390672490427672,0.9999999999999936,glade,,,0.795,True,,,SN Ibc,0.919,-18.879174760895715,,0.020514,,0.876,577.D,<https://ziggy.ucolick.org/yse/transient_detail/2025wwk|*YSE-PZ*>
ANT2025v3pn6fpu1wp0,2025xea,---,,,298.36072351384007,-9.33003438259628,16.65310287475586,14.220470531465253,full_lightgbm_02_2025,svi,SN II,,,,,False,,,,,,0.877,False,,,,,,,,,1.0,365.F,<https://ziggy.ucolick.org/yse/transient_detail/2025xea|*YSE-PZ*>
ANT2025x1auhdhl03sd,2025wzy,SN II,0.019,,61.51035882496279,25.954522372090352,18.368423461914062,9.125875107936736,early_lightgbm_02_2025,svi,SN II,,,,,False,,,,,,1.0,False,,,SN II,1.0,-16.266038204578514,,0.019,,1.0,618.A,<https://ziggy.ucolick.org/yse/transient_detail/2025wzy|*YSE-PZ*>
ANT2025k2dj14efel5b,2025xjm,---,,,297.42879716297074,-23.659530556360167,18.23946952819824,1.348988507867034,early_lightgbm_02_2025,svi,SN Ibc,1.3224714489660716,798517,0.0438515357757754,,False,-20.560004604843165,0.9999999999999948,glade,,,0.961,False,,,,,,,,,0.995,,<https://ziggy.ucolick.org/yse/transient_detail/2025xjm|*YSE-PZ*>
ANT2025984cjofdjn9f,2025xqf,---,,,29.198882199997303,-14.50288004919166,18.114246368408203,0.1635140078069525,early_lightgbm_02_2025,svi,SLSN-I,0.5140251301154377,9906616006019334,0.143668,,False,-20.59982512315665,0.9993910130929848,decals,,,0.959,True,,,SN Ia,0.963,-20.97285918437789,,0.143668,,0.999,,<https://ziggy.ucolick.org/yse/transient_detail/2025xqf|*YSE-PZ*>
ANT20255uu11wwukgzc,2025yeh,---,,,42.52676120000001,1.353202800641384,17.77981948852539,9.22822819603607,full_lightgbm_02_2025,svi,SLSN-I,0.6628070086687763,9906621900260486,0.430865,,False,-20.77430460514772,0.9999999999999304,decals,,,0.998,True,,,SLSN-I,0.531,-23.772029127143284,,0.430865,,0.998,477.C,<https://ziggy.ucolick.org/yse/transient_detail/2025yeh|*YSE-PZ*>
ANT2025rh9v7wfs4yrr,2025xuo,---,,,303.66284205,3.8806585738180095,15.33630084991455,18.385505079102582,full_lightgbm_02_2025,svi,SN II,,,,,False,,,,,,0.977,False,,,,,,,,,1.0,477.C,<https://ziggy.ucolick.org/yse/transient_detail/2025xuo|*YSE-PZ*>
ANT202560lo4gxp3am2,2025ytn,---,,,105.35493765000008,56.5348514,17.925048828125,2.107215227217239,early_lightgbm_02_2025,svi,SLSN-I,4.610563849988501,9907739036551821,0.191812,,False,-19.20849073148133,0.7419557268706107,decals,,,1.0,True,,,SN II,0.81,-21.80799163950121,,0.191812,,1.0,,<https://ziggy.ucolick.org/yse/transient_detail/2025ytn|*YSE-PZ*>
ANT2025tfq70fgngiec,2025xqu,SN Ic,0.0388,,2.7971247,1.804064390782841,17.5389461517334,2.227458227083844,early_lightgbm_02_2025,svi,SN Ibc,2.974669299205889,9906622078584372,0.035404,,False,-18.74785798966668,0.9916584807280509,decals,,,0.997,True,,,SN Ibc,0.997,-18.65665715645892,,0.0388,,0.997,477.C,<https://ziggy.ucolick.org/yse/transient_detail/2025xqu|*YSE-PZ*>
ANT20254vv98r2phe6u,---,---,,,284.02578355,-1.1914011982059378,17.6796932220459,2.393442027394485,early_lightgbm_02_2025,dynesty,SN IIn,,,,,False,,,,,,0.551,False,,,,,,,,,1.0,423.B,
ANT2025lx6ru7hxqhhb,2025zox,SN Ia,0.016,,86.14873044838372,58.561161851016806,17.191417694091797,0.1953418251359835,early_lightgbm_02_2025,svi,SN II,,,,,False,,,,,,0.994,False,,,SN II,0.612,-17.068201079394225,,0.016,,1.0,,<https://ziggy.ucolick.org/yse/transient_detail/2025zox|*YSE-PZ*>
ANT20258ywqb4o5x4jt,2025yao,SN II,0.014343,,96.51637504168282,64.73055253658107,16.72007179260254,6.098385824938305,early_lightgbm_02_2025,svi,SN Ibc,65.57620316107338,9907740572453498,0.062471,,False,-24.691188073550173,0.9973957976816564,decals,,,0.966,True,,,SN Ibc,0.99,-17.3012167545217,,0.014343,,0.966,,<https://ziggy.ucolick.org/yse/transient_detail/2025yao|*YSE-PZ*>
ANT2025ghmulzs9c9cu,2025ymx,---,,,336.8961383000003,29.73111860000003,18.11616325378418,5.313827205711277,early_lightgbm_02_2025,svi,SLSN-I,2.679476468437543,9906632245973540,0.524959,,False,-22.16664561141998,0.9999999999616502,decals,,,1.0,True,,,SN Ia,0.781,-23.878197814851426,,0.524959,,1.0,674.C,<https://ziggy.ucolick.org/yse/transient_detail/2025ymx|*YSE-PZ*>
ANT2025z31whgvve7ka,2025yvg,SN Ia,0.028673,,25.420399899999985,5.853766373546009,17.783187866210938,4.030882487510098,early_lightgbm_02_2025,svi,SN Ibc,2.9918107053032528,6246,0.0286312869593865,,False,-20.92999795110994,0.9999999999999905,glade,,,0.989,False,,,SN Ibc,0.978,-17.750188858479987,,0.028673,,0.999,468.D,<https://ziggy.ucolick.org/yse/transient_detail/2025yvg|*YSE-PZ*>
ANT2025tdbccqhzmres,2025yiu,SN Ia,0.023453,,151.02545720935473,45.035910773819374,17.798091888427734,12.06196031532454,full_lightgbm_02_2025,dynesty,SN Ibc,14.265837118524272,PGC029195,0.0224307403140639,,False,-19.879961737271,0.8141932050889108,glade,,,1.0,False,,,SN Ibc,0.986,-17.296057281252008,,0.023453,,1.0,468.A,<https://ziggy.ucolick.org/yse/transient_detail/2025yiu|*YSE-PZ*>
ANT20256ysdczpibinm,2025ziv,SN II,0.014677,,53.03326177927177,41.59599230824558,18.206329345703125,0.1342983152644592,early_lightgbm_02_2025,svi,SN II,31.008629658690623,UGC02775,0.0144360124597691,,False,-20.08988644525663,0.9999999999997032,glade,,,0.999,False,,,SN II,0.981,-15.86513350312857,,0.014677,,1.0,719.D,<https://ziggy.ucolick.org/yse/transient_detail/2025ziv|*YSE-PZ*>
ANT2025u1o5yadhyhot,2025zwm,---,,,57.681710200000005,-2.452358986451572,17.817628860473633,0.1752474154272931,early_lightgbm_02_2025,svi,SLSN-I,0.9385916618689976,9906620488617937,1.014485,,False,-22.30721402747945,0.8007838895648774,decals,,,0.987,True,,,SN II,0.688,-25.620387648040904,,1.014485,,1.0,423.B,<https://ziggy.ucolick.org/yse/transient_detail/2025zwm|*YSE-PZ*>
ANT2025utwvxe784eo6,2025zpi,SN II,0.015,,145.1725414514972,2.2659615587241007,17.60132598876953,8.001752015195962,early_lightgbm_02_2025,svi,SN II,6.905486593154755,9906622304621055,0.02344,,False,-18.33663677630481,0.999983055046656,decals,,,0.936,True,,,SN II,0.849,-16.517588175975526,,0.015,,1.0,477.C,<https://ziggy.ucolick.org/yse/transient_detail/2025zpi|*YSE-PZ*>
ANT20256u315d9wk2pl,2025zky,---,,,131.41493039314136,25.004944084988125,18.045026779174805,10.023592315141286,full_lightgbm_02_2025,svi,SN Ibc,2.22026028010163,1722601,0.043461686532307,,False,-18.84999804410375,0.9999999999999865,glade,,,0.881,True,,,SN Ibc,0.945,-18.39940688057208,,0.043461686532307,,0.903,618.A,<https://ziggy.ucolick.org/yse/transient_detail/2025zky|*YSE-PZ*>
ANT2025ttnbu6p6j6jq,2025zoy,---,,,264.5846041930086,41.16974284295376,18.025041580200195,9.424110028026917,early_lightgbm_02_2025,svi,SN IIn,0.1155772391633134,9907735275373378,0.114071,,False,-20.893196345947324,0.9999999999999946,decals,,,1.0,True,,,SN Ibc,0.967,-20.54864436768227,,0.114071,,1.0,719.D,<https://ziggy.ucolick.org/yse/transient_detail/2025zoy|*YSE-PZ*>
ANT2025slr0c90t6alx,2025aaak,---,,,274.37354082090246,22.4978603710448,17.80582046508789,9.44913322811044,full_lightgbm_02_2025,svi,SN II,,,,,False,,,,,,0.868,False,,,,,,,,,1.0,577.D,<https://ziggy.ucolick.org/yse/transient_detail/2025aaak|*YSE-PZ*>
ANT2025r05vxm7zlfu2,---,---,,,288.0592782499999,26.62594045,17.39109230041504,4.401552228322544,early_lightgbm_02_2025,dynesty,SN IIn,,,,,False,,,,,,0.438,False,,,,,,,,,0.958,618.B,
ANT2025sh2vlenl1s9q,2025zmx,SN Ic,0.020431,,28.22549019273169,36.05539049436793,17.944229125976562,5.225690476290765,full_lightgbm_02_2025,svi,SN Ibc,10.13701239604102,NGC0710,0.0164413056253434,,False,-20.69563037888821,0.9999999999999856,glade,,,1.0,True,,,SN Ibc,0.999,-16.84870723293416,,0.020431,,1.0,674.D,<https://ziggy.ucolick.org/yse/transient_detail/2025zmx|*YSE-PZ*>
ANT2025mj2qtvsl1785,2025zqi,SN Ia,0.02,,359.84359886338314,51.94659175757021,17.652681350708008,4.37390952178248,early_lightgbm_02_2025,svi,SN II,,,,,False,,,,,,0.93,False,,,SN Ia,0.936,-17.09371784180497,,0.02,,1.0,749.F,<https://ziggy.ucolick.org/yse/transient_detail/2025zqi|*YSE-PZ*>
ANT2025zoc3b5k2azka,---,---,,,295.5928081069968,-27.417909146625306,17.34078025817871,7.358643321720592,full_lightgbm_02_2025,svi,SLSN-I,,,,,False,,,,,,0.381,False,,,,,,,,,0.962,,
ANT20253if69qw63bnf,2025zqm,SN Ia,0.026537,,149.497926608282,15.463086780794043,17.443805694580078,5.070626924243697,early_lightgbm_02_2025,svi,SN Ibc,21.278302153432595,28793,0.0266371161416024,,False,-19.750007395135626,0.7283797584082512,glade,,,0.997,False,,,SN Ibc,0.773,-17.92030107873748,,0.026537,,1.0,468.A,<https://ziggy.ucolick.org/yse/transient_detail/2025zqm|*YSE-PZ*>
ANT2025mwqd65qnifde,---,---,,,259.7253783161299,13.37557042921597,14.979439735412598,13.436969524213056,full_lightgbm_02_2025,svi,SN II,,,,,False,,,,,,0.915,False,,,,,,,,,0.935,527.F,
ANT2025zh88kbzmq4pz,2025abby,---,,,329.38724586381386,44.16411105481004,18.44892120361328,0.308123813381826,early_lightgbm_02_2025,svi,SN II,,,,,False,,,,,,0.935,False,,,,,,,,,0.992,749.C,<https://ziggy.ucolick.org/yse/transient_detail/2025abby|*YSE-PZ*>
ANT20253ubkhva7il24,2025abdx,---,,,356.0659361629791,9.050088957742076,18.28913688659668,0.2415150132947019,early_lightgbm_02_2025,svi,SN II,5.515952575134495,9906624896043379,0.03702,,False,-22.35467909528297,0.9999999999999905,decals,,,0.705,True,,,SN Ia,0.911,-17.803544573245155,,0.03702,,0.982,527.C,<https://ziggy.ucolick.org/yse/transient_detail/2025abdx|*YSE-PZ*>
ANT20256yw4ihmexy37,2025aaqq,SN Ia,0.0277,,38.38353055,-7.767027350000006,17.274307250976562,0.1684283918584697,early_lightgbm_02_2025,svi,SN Ibc,4.035512351311625,1013346,0.0274920801500683,,False,-19.85999200232262,0.9999999999999868,glade,,,0.983,False,,,SN Ibc,0.906,-18.183573442627413,,0.0277,,0.986,365.F,<https://ziggy.ucolick.org/yse/transient_detail/2025aaqq|*YSE-PZ*>
ANT2025k41oko32hxsm,2025zwn,SN II,0.04,,65.25690918875381,-9.28955792868571,18.269346237182617,1.1455927284041536,early_lightgbm_02_2025,svi,SN Ibc,6.57358208164864,9906617955455141,0.215051,,False,-19.45401280060925,0.555527859851667,decals,,,1.0,False,,,SN Ibc,0.971,-17.993033342625296,,0.04,,1.0,365.F,<https://ziggy.ucolick.org/yse/transient_detail/2025zwn|*YSE-PZ*>
ANT2025rtbfkpwgtgs5,2025aapj,Nova,,,10.0252763,40.81528914877939,17.08869743347168,10.32928482839634,full_lightgbm_02_2025,dynesty,SN II,,,,,False,,,,,,0.72,False,,,,,,,,,1.0,719.D,<https://ziggy.ucolick.org/yse/transient_detail/2025aapj|*YSE-PZ*>
ANT2025tiy7rhn4x0ok,2025abbp,---,,,290.736816440461,39.59673845804374,16.90790367126465,9.385407549969386,full_lightgbm_02_2025,svi,SN II,,,,,False,,,,,,0.989,False,,,,,,,,,1.0,719.A,<https://ziggy.ucolick.org/yse/transient_detail/2025abbp|*YSE-PZ*>
ANT20252jd5fr3ro7xu,2025aads,---,,,323.4473944,33.08676013575377,16.459848403930664,18.344759349885862,full_lightgbm_02_2025,dynesty,SN II,,,,,False,,,,,,0.944,False,,,,,,,,,1.0,674.A,<https://ziggy.ucolick.org/yse/transient_detail/2025aads|*YSE-PZ*>
ANT2025w8og945n2zqe,2025aapt,---,,,123.04116539999995,-19.099530695181613,16.03162384033203,14.090129750024062,full_lightgbm_02_2025,svi,SN IIn,,,,,False,,,,,,0.703,False,,,,,,,,,0.8109999999999999,,<https://ziggy.ucolick.org/yse/transient_detail/2025aapt|*YSE-PZ*>
ANT2025t4zwhjgbonk9,2025aauj,SN Ia,0.020654,,151.02755435000077,31.18237283185411,16.640317916870117,2.0531555575871607,early_lightgbm_02_2025,dynesty,SN Ibc,20.310297940976053,NGC3106,0.0196976593472644,,False,-21.53335794218539,0.9999999999999548,glade,,,0.939,True,,,SN Ibc,0.889,-18.17631476014565,,0.020654,,1.0,674.A,<https://ziggy.ucolick.org/yse/transient_detail/2025aauj|*YSE-PZ*>
ANT2025u5pzqyayov4x,2025ztn,SN IIb,0.012879,,30.752067499999995,-9.663898900000008,16.071876525878906,2.2035491576971253,early_lightgbm_02_2025,dynesty,SN Ibc,31.295408739587845,PGC007806,0.0124311120645722,,False,-20.331892352298773,0.9811489830677318,glade,,,0.932,True,,,SN Ibc,0.904,-17.71479767295575,,0.012879,,1.0,365.F,<https://ziggy.ucolick.org/yse/transient_detail/2025ztn|*YSE-PZ*>
ANT2025ryjj1j6ug7i3,2025abxe,---,,,12.42412173503234,45.35188624265576,16.814390182495117,2.1801272660377435,early_lightgbm_02_2025,svi,SLSN-I,,,,,False,,,,,,0.73,False,,,,,,,,,1.0,749.E,<https://ziggy.ucolick.org/yse/transient_detail/2025abxe|*YSE-PZ*>
ANT2025bh0pi68pr7q4,2025abkt,---,,,298.4333900345893,21.199423987537457,17.439895629882812,11.314641166187355,full_lightgbm_02_2025,svi,SN II,,,,,False,,,,,,0.603,False,,,,,,,,,0.99,577.D,<https://ziggy.ucolick.org/yse/transient_detail/2025abkt|*YSE-PZ*>
ANT2025l25b0e9d1oqp,2025aavs,---,,,85.71102304694823,41.805770111054336,15.502555847167969,17.12921022552473,full_lightgbm_02_2025,svi,SN II,,,,,False,,,,,,0.977,False,,,,,,,,,1.0,719.D,<https://ziggy.ucolick.org/yse/transient_detail/2025aavs|*YSE-PZ*>
ANT202510pjs96v3vna,2025acet,---,,,282.61728394999983,26.620748500000005,16.786203384399414,4.384560069018335,early_lightgbm_02_2025,svi,SN II,,,,,False,,,,,,0.895,False,,,,,,,,,1.0,618.B,<https://ziggy.ucolick.org/yse/transient_detail/2025acet|*YSE-PZ*>
ANT2025b3rjqgkgg2cj,2025abds,SN Ia,0.02,,143.30219775000052,27.59787716368864,17.035131454467773,2.1143054686908727,early_lightgbm_02_2025,svi,SN Ibc,4.5208732144632,27127,0.033367138240179,,False,-20.75000319823952,0.9999999999999896,glade,,,0.865,False,,,SN Ia,0.659,-17.711267738045205,,0.02,,1.0,674.C,<https://ziggy.ucolick.org/yse/transient_detail/2025abds|*YSE-PZ*>
ANT2025j2vptmxzau8b,2025abmf,---,,,139.050383,49.064874,18.04700469970703,0.1832753689450328,early_lightgbm_02_2025,svi,SLSN-I,,,,,False,,,,,,0.862,False,,,,,,,,,0.994,618.C,<https://ziggy.ucolick.org/yse/transient_detail/2025abmf|*YSE-PZ*>
ANT2025kxfwovesotg0,---,---,,,291.2713191621812,38.256239188230026,17.876537322998047,19.38807856891799,full_lightgbm_02_2025,dynesty,SN II,,,,,False,,,,,,0.563,False,,,,,,,,,1.0,719.A,
ANT202511r57vr7nnlq,2025aaxz,SN II,0.025443,,146.14527097136647,55.7621082390432,18.253278732299805,7.090209187226719,early_lightgbm_02_2025,svi,SN II,3.580538031590532,UGC05201,0.0261601823337199,,False,-20.160003172453088,0.9999999999999922,glade,,,1.0,False,,,SN II,0.988,-17.018812288717246,,0.025443,,1.0,365.C,<https://ziggy.ucolick.org/yse/transient_detail/2025aaxz|*YSE-PZ*>
ANT20257io4dvmp24z4,2025aarn,SN II,0.0157,,69.3315595,-8.776649500000005,16.502023696899414,17.18406328720448,full_lightgbm_02_2025,svi,SN II,5.049994123151347,9906618143082083,0.038827,,False,-17.225183505345534,0.8946167980417883,decals,,,0.999,True,,,SN II,0.691,-17.716325271426015,,0.0157,,1.0,365.F,<https://ziggy.ucolick.org/yse/transient_detail/2025aarn|*YSE-PZ*>
ANT2025x782o18bz5ax,2025abbt,---,,,30.623259967131084,17.28865850023584,18.378507614135746,0.1990169875643914,early_lightgbm_02_2025,svi,SLSN-I,1.716443247643514,9906627846669266,0.143403,,False,-20.012796017178133,0.9999999999997836,decals,,,0.974,True,,,SN Ia,0.702,-20.704481230706527,,0.143403,,1.0,575.A,<https://ziggy.ucolick.org/yse/transient_detail/2025abbt|*YSE-PZ*>
ANT2025m9u4c6kfhpiy,2025abnd,---,,,306.1295126401023,-23.593665125261083,16.564395904541016,11.38986198719067,full_lightgbm_02_2025,svi,SN II,,,,,False,,,,,,0.967,False,,,,,,,,,1.0,,<https://ziggy.ucolick.org/yse/transient_detail/2025abnd|*YSE-PZ*>
ANT2025ssfd29fh3onk,2025aaui,SN IIn,0.035,,115.0505052,-5.6812528666597615,18.08938407897949,5.146725387530751,early_lightgbm_02_2025,dynesty,SN Ibc,,,,,False,,,,,,0.662,False,,,SN IIn,0.551,-17.8803777590405,,0.035,,1.0,423.E,<https://ziggy.ucolick.org/yse/transient_detail/2025aaui|*YSE-PZ*>
ANT202511lxabcqs5r0,---,---,,,287.4668296244424,-2.9408093860815256,17.024465560913086,4.4551234064638265,early_lightgbm_02_2025,svi,SN II,,,,,False,,,,,,1.0,False,,,,,,,,,1.0,423.E,
ANT20254l0fx2wkusns,---,---,,,290.31848625102134,-6.768970699750639,16.602394104003906,4.4438503064229735,early_lightgbm_02_2025,svi,SN II,,,,,False,,,,,,0.982,False,,,,,,,,,1.0,365.F,
ANT2025m15bj1zc9lww,2025abdd,SN Ic,0.01,,118.20410485877312,69.00411294743293,16.351816177368164,0.1611882062643417,early_lightgbm_02_2025,svi,SN II,8.12753903126078,9907741210315567,0.024347,,False,-19.761378614213985,0.4570705724353161,decals,,,0.832,False,,,SN Ibc,0.619,-16.883816191446833,,0.01,,1.0,707.C,<https://ziggy.ucolick.org/yse/transient_detail/2025abdd|*YSE-PZ*>
ANT2025ufgl7u4arwfw,2025abbu,SN Ia,0.032,,12.21782310043429,-14.302920362520254,17.77265739440918,5.29314583013911,full_lightgbm_02_2025,svi,SN Ibc,0.5163535752460039,9906616093182427,0.0327,,False,-19.94633564632072,0.9999999999999918,decals,,,0.986,True,,,SN Ibc,0.998,-18.00090356250614,,0.032,,0.986,,<https://ziggy.ucolick.org/yse/transient_detail/2025abbu|*YSE-PZ*>
ANT2025elmlyadgqb1x,---,---,,,302.7228433,14.529074732874491,14.676013946533203,6.4265833304743865,early_lightgbm_02_2025,dynesty,SN Ibc,,,,,False,,,,,,0.536,False,,,,,,,,,1.0,527.F,
ANT202537y9xkwk5rno,2025abul,---,,,322.92257322291573,41.198345207370416,16.55875587463379,8.432289330150525,full_lightgbm_02_2025,dynesty,SN IIn,,,,,False,,,,,,0.445,False,,,,,,,,,0.984,719.D,<https://ziggy.ucolick.org/yse/transient_detail/2025abul|*YSE-PZ*>
ANT2025dvi6yvhn68cz,2025acsn,SN Ia,0.015791,,346.82841373660045,42.19886423979587,17.144237518310547,0.4858002377150114,early_lightgbm_02_2025,svi,SN II,8.735342736655841,70518,0.0165491097700591,,False,-20.07999910987933,0.9315237922827496,glade,,,0.99,False,,,SN II,0.473,-17.086712375319795,,0.015791,,1.0,719.D,<https://ziggy.ucolick.org/yse/transient_detail/2025acsn|*YSE-PZ*>
ANT20254q4b2gmfr6l2,2025acsx,---,,,82.81159886103302,-21.949148498623984,17.425031661987305,2.148520237620687,early_lightgbm_02_2025,svi,SN II,,,,,False,,,,,,0.972,False,,,,,,,,,1.0,,<https://ziggy.ucolick.org/yse/transient_detail/2025acsx|*YSE-PZ*>
ANT2025c7sp3kvhh4zs,---,---,,,283.10504109803617,12.29104136944612,17.76493263244629,2.4912864373472985,early_lightgbm_02_2025,svi,SN II,,,,,False,,,,,,0.669,False,,,,,,,,,0.92,527.F,
ANT20257zup8joym90h,2025acsj,---,,,173.48315998180874,49.38396992375488,18.34642791748047,0.0314137375389691,early_lightgbm_02_2025,svi,SN IIn,,,,,False,,,,,,0.423,False,,,,,,,,,0.925,523.D,<https://ziggy.ucolick.org/yse/transient_detail/2025acsj|*YSE-PZ*>
ANT2025rygsv6oe87yz,2025acrt,---,,,124.24136886195396,-8.764072414564538,14.539961814880373,5.050648451091547,early_lightgbm_02_2025,dynesty,SN II,,,,,False,,,,,,1.0,False,,,,,,,,,1.0,365.F,<https://ziggy.ucolick.org/yse/transient_detail/2025acrt|*YSE-PZ*>
ANT20250ljld7ouikoq,2025abyc,SN II,0.02,,41.10545740139192,-24.56904332671523,17.2436580657959,6.255555850693781,early_lightgbm_02_2025,svi,SN II,17.011420531649396,9906612451744339,0.027111,,False,-18.35726862275279,0.9999999999752576,decals,,,0.999,True,,,SN II,0.955,-17.50274112671708,,0.02,,1.0,401.E,<https://ziggy.ucolick.org/yse/transient_detail/2025abyc|*YSE-PZ*>
ANT2025h22q6j5k26ne,2025abob,SN II,0.0372,,52.88426424999998,4.92705925147537,18.38580703735352,8.272083651048888,early_lightgbm_02_2025,svi,SN II,,,,,False,,,,,,0.997,False,,,SN II,0.915,-17.717502829409995,,0.0372,,1.0,468.D,<https://ziggy.ucolick.org/yse/transient_detail/2025abob|*YSE-PZ*>
ANT2025yewkyl8dmjcw,2025abmj,---,,,173.1333521445713,48.36442214631887,17.52724838256836,14.096886850667945,full_lightgbm_02_2025,svi,SN II,1.5851669687197276,2315850,0.035057201654762,,False,-18.199999376439383,0.9999999999999885,glade,,,0.945,False,,,,,,,,,0.945,523.D,<https://ziggy.ucolick.org/yse/transient_detail/2025abmj|*YSE-PZ*>
ANT2025ux4a8nbccy1o,2025acbh,---,,,134.7599709834919,-13.891754529211312,17.329700469970703,1.056400751003821,full_lightgbm_02_2025,svi,SN Ibc,1.4221494050849972,08590249-1353301,0.0299513059002074,,False,-19.520000174304045,0.9999999999999888,glade,,,0.638,False,,,,,,,,,1.0,618.A,<https://ziggy.ucolick.org/yse/transient_detail/2025acbh|*YSE-PZ*>
ANT2025j46fipbb4gsk,2025abwz,---,,,79.15628892859603,40.79501641474972,15.593587875366213,13.22936527361162,full_lightgbm_02_2025,svi,SN II,,,,,False,,,,,,0.996,False,,,,,,,,,1.0,719.D,<https://ziggy.ucolick.org/yse/transient_detail/2025abwz|*YSE-PZ*>
ANT2025ninwhhmc0dun,2025abyy,---,,,175.21213755158288,4.8081667471310965,17.97190284729004,1.0579069738741964,early_lightgbm_02_2025,dynesty,SN Ibc,9.057806834743197,PGC036237,0.0190836209556062,,False,-19.143584507845947,0.9999999999999856,glade,,,0.772,True,,,SN Ibc,0.701,-16.672141231618305,,0.0190836209556062,,1.0,468.D,<https://ziggy.ucolick.org/yse/transient_detail/2025abyy|*YSE-PZ*>
ANT2025iyci4mkg70se,2025acru,SN I,0.0115,,179.69030940110983,27.452336786025377,17.297100067138672,0.063254173612222,early_lightgbm_02_2025,svi,SN Ibc,0.6488673155874053,11584562+2727084,0.010981792607096,,False,-20.730311403259087,0.99641530647888,glade,,,0.704,True,,,SN Ibc,0.717,-16.242872759917894,,0.0115,,1.0,575.A,<https://ziggy.ucolick.org/yse/transient_detail/2025acru|*YSE-PZ*>
ANT2025fqoquiqmvi5o,2025acsf,---,,,330.15228263752186,41.47735295373603,17.086801528930664,6.402096773730591,early_lightgbm_02_2025,dynesty,SN II,,,,,False,,,,,,0.669,False,,,,,,,,,1.0,719.D,<https://ziggy.ucolick.org/yse/transient_detail/2025acsf|*YSE-PZ*>
ANT2025qs4bqv7dpx7n,2025acse,CV,,,322.9464720382473,38.429518616505945,14.698480606079102,6.501344473799691,full_lightgbm_02_2025,dynesty,SN II,,,,,False,,,,,,0.417,False,,,,,,,,,0.991,719.A,<https://ziggy.ucolick.org/yse/transient_detail/2025acse|*YSE-PZ*>
ANT2025o0zm84xmves7,2025acrr,---,,,78.6882285,-14.449696100000011,17.258930206298828,5.189342782374297,early_lightgbm_02_2025,svi,SN Ibc,,,,,False,,,,,,0.985,False,,,,,,,,,1.0,,<https://ziggy.ucolick.org/yse/transient_detail/2025acrr|*YSE-PZ*>
ANT2025szjq0t2qjub0,2025aedz,SN II,,,87.69429145819683,58.91478251706092,16.638132095336914,4.224989226582693,early_lightgbm_02_2025,svi,SN II,,,,,False,,,,,,0.899,False,,,,,,,,,0.943,,<https://ziggy.ucolick.org/yse/transient_detail/2025aedz|*YSE-PZ*>
ANT2025e9rphm07qs01,2025aeqy,---,,,167.7793602,2.48033989999999,17.489103317260742,4.104586146168003,full_lightgbm_02_2025,dynesty,SN Ibc,2.180615716102823,1228304,0.035057201654762,,False,-19.719999376439382,0.9999999999999912,glade,,,0.878,True,,,SN Ibc,0.938,-18.484235126486745,,0.035057201654762,,0.927,477.C,<https://ziggy.ucolick.org/yse/transient_detail/2025aeqy|*YSE-PZ*>
ANT2025mj7tm6wevxtu,2025aevo,---,,,109.48165051737968,-9.448590832382225,16.613677978515625,12.19331555980898,full_lightgbm_02_2025,svi,SN II,,,,,False,,,,,,0.978,False,,,,,,,,,1.0,365.F,<https://ziggy.ucolick.org/yse/transient_detail/2025aevo|*YSE-PZ*>
ANT20256ed1plfnfbqq,2025aeuo,---,,,53.0104788,5.175329299999987,18.41790008544922,0.2816141599760158,early_lightgbm_02_2025,svi,SN IIn,,,,,False,,,,,,0.756,False,,,,,,,,,0.88,468.D,<https://ziggy.ucolick.org/yse/transient_detail/2025aeuo|*YSE-PZ*>
ANT2025a9wnoek87cee,---,---,,,340.264358,38.96720820000001,15.676522254943848,8.270132659745286,full_lightgbm_02_2025,svi,SN IIn,,,,,False,,,,,,0.635,False,,,,,,,,,0.922,719.A,
ANT2025ob6zak1w8qgf,2025afaq,---,,,316.0552039,21.00502039492207,16.810815811157227,6.492077059854637,full_lightgbm_02_2025,svi,SN II,,,,,False,,,,,,0.582,False,,,,,,,,,0.985,577.D,<https://ziggy.ucolick.org/yse/transient_detail/2025afaq|*YSE-PZ*>
ANT2025vjrtt2tl6fl8,2025afut,---,,,126.66887262469504,-12.909303408442796,16.14279556274414,6.190308158031257,early_lightgbm_02_2025,svi,SN II,,,,,False,,,,,,0.974,False,,,,,,,,,1.0,365.E,<https://ziggy.ucolick.org/yse/transient_detail/2025afut|*YSE-PZ*>
ANT2025t2dt32nib522,2025afhd,---,,,13.350406321649196,22.4345384744515,18.221864700317383,0.4706669582301401,early_lightgbm_02_2025,svi,SN II,5.714372305297868,9906629709989747,0.035326,,False,-18.3228310320218,0.9978587142012842,decals,,,0.918,True,,,SN Ia,0.93,-17.768203538580817,,0.035326,,1.0,577.D,<https://ziggy.ucolick.org/yse/transient_detail/2025afhd|*YSE-PZ*>
ANT202585f0q8y0vm9u,---,---,,,36.7685167,55.37084449999999,16.20142936706543,14.286430858286622,full_lightgbm_02_2025,svi,SN II,,,,,False,,,,,,0.703,False,,,,,,,,,0.93,401.F,
ANT20253770n7xvyaok,2025afan,---,,,7.412187655470088,-11.864004153803949,17.94782829284668,2.494081258053484,early_lightgbm_02_2025,svi,SN IIn,0.2863250832279452,9906617011995055,0.10207,,False,-18.510421989453008,0.997774390590748,decals,,,0.545,True,,,SN Ia,0.931,-20.37912701169288,,0.10207,,0.999,365.E,<https://ziggy.ucolick.org/yse/transient_detail/2025afan|*YSE-PZ*>
ANT20250foj0gd4jnl8,2025agie,SN Ia,0.03,,106.87845745288618,24.631784416304527,17.320451736450195,0.517823355847213,early_lightgbm_02_2025,svi,SN II,,,,,False,,,,,,0.738,False,,,SN Ia,0.48,-18.31188529793494,,0.03,,0.832,618.A,<https://ziggy.ucolick.org/yse/transient_detail/2025agie|*YSE-PZ*>
ANT2025f7rnp8qlbjxu,---,---,,,316.9918897905619,-5.29516853048429,16.84938621520996,6.858378856086347,full_lightgbm_02_2025,dynesty,SN II,1.5504405216980686,9906619519994825,0.022269,,False,-19.056422903098067,0.921526098579886,decals,,,0.7,True,,,SN II,1.0,-18.13162211040236,,0.022269,,1.0,423.E,
ANT2025te20biyx9trm,2025afbi,SN II,0.031331,,150.1756590007988,15.283215208160158,17.620891571044922,15.423054855891678,full_lightgbm_02_2025,dynesty,SN II,16.51499596439734,28961,0.0314720575084806,,False,-20.099993284408136,0.8182153930944718,glade,,,0.669,False,,,SN II,0.535,-18.10643000483127,,0.031331,,0.935,468.A,<https://ziggy.ucolick.org/yse/transient_detail/2025afbi|*YSE-PZ*>
ANT2025d4xwsj7quskd,2025agra,---,,,178.84969068355667,31.9291537282214,17.510173797607422,12.005213791140704,full_lightgbm_02_2025,svi,SN Ibc,0.1921940284697875,9906632940454278,0.7773,,False,-21.76372784991311,0.9999999999999836,decals,,,0.533,True,,,SN Ibc,0.956,-25.352747097114488,,0.7773,,0.978,575.A,<https://ziggy.ucolick.org/yse/transient_detail/2025agra|*YSE-PZ*>
ANT2025ymunenzk4wxi,2025agik,---,,,23.679071358635124,36.96421751248951,18.4000186920166,0.3022660758942948,early_lightgbm_02_2025,svi,SN Ibc,,,,,False,,,,,,0.679,False,,,,,,,,,1.0,707.A,<https://ziggy.ucolick.org/yse/transient_detail/2025agik|*YSE-PZ*>
ANT20253owql4pqpuwa,2025agmm,---,,,10.5610558764634,41.29113172519454,16.40837287902832,4.3833887755536125,early_lightgbm_02_2025,svi,SLSN-I,,,,,False,,,,,,0.485,False,,,,,,,,,0.978,719.D,<https://ziggy.ucolick.org/yse/transient_detail/2025agmm|*YSE-PZ*>
ANT20254ierwpsi7lp4,2025ahds,---,,,328.01789452809135,33.57244362237751,18.127147674560547,0.4081832955707796,early_lightgbm_02_2025,svi,SN Ibc,,,,,False,,,,,,0.909,False,,,,,,,,,0.956,674.D,<https://ziggy.ucolick.org/yse/transient_detail/2025ahds|*YSE-PZ*>
ANT2025d9rj9xq2q4ak,2025agwf,Nova,,,10.823437502386568,41.23882081285039,16.466506958007812,6.3832527956110425,full_lightgbm_02_2025,svi,SN IIn,,,,,False,,,,,,0.894,False,,,,,,,,,0.912,719.D,<https://ziggy.ucolick.org/yse/transient_detail/2025agwf|*YSE-PZ*>
ANT202533yr580u9wwq,2025afhk,SN Ia,0.017,,198.19190015,-5.415071562913326,17.569150924682617,14.026377796020824,full_lightgbm_02_2025,svi,SN Ibc,3.0583868528300573,9906619394885890,0.028229,,False,-17.077825802321133,0.9419768080916504,decals,,,0.805,True,,,SN Ibc,0.84,-16.822672169597876,,0.017,,0.8160000000000001,423.E,<https://ziggy.ucolick.org/yse/transient_detail/2025afhk|*YSE-PZ*>
ANT20256cronz9xsex0,2025aftk,SN Ia,0.023144,,179.88751350259756,6.847312601162628,17.979419708251953,3.021227295801509,early_lightgbm_02_2025,svi,SN II,3.6441016582914094,PGC037765,0.0219603628669045,,False,-19.4431751377478,0.937091450966646,glade,,,0.792,False,,,SN Ibc,0.531,-17.085759464817105,,0.023144,,1.0,575.A,<https://ziggy.ucolick.org/yse/transient_detail/2025aftk|*YSE-PZ*>
ANT20259484rfksyku9,2025aglw,---,,,119.6520922,-15.5035769,16.13901710510254,13.124745795794295,full_lightgbm_02_2025,dynesty,SN IIn,,,,,False,,,,,,0.772,False,,,,,,,,,0.986,707.E,<https://ziggy.ucolick.org/yse/transient_detail/2025aglw|*YSE-PZ*>
ANT2025244wyxpqwv8q,2025acxu,SN Ia,0.03,,140.82215383237093,-27.895943433469384,17.521591186523438,15.018356895830948,full_lightgbm_02_2025,dynesty,SN II,,,,,False,,,,,,0.635,False,,,SN Ia,0.333,-18.110745847861697,,0.03,,0.8009999999999999,618.E,<https://ziggy.ucolick.org/yse/transient_detail/2025acxu|*YSE-PZ*>
ANT2025wt7zaqqq38bo,2025afrw,SN II,0.0248,,191.40994475826773,-7.767434157940556,17.808940887451172,16.987211095925886,full_lightgbm_02_2025,svi,SN II,12.025380381145595,43017,0.0250042976589804,,False,-21.62999932064526,0.9594151229805322,glade,,,0.491,False,,,SN II,0.491,-17.4072145962408,,0.0248,,0.976,423.B,<https://ziggy.ucolick.org/yse/transient_detail/2025afrw|*YSE-PZ*>
ANT2025hg1ezwb5c727,2021aicz,SN II,0.031514,,160.6978173,38.88110339999999,18.158939361572266,4.116463941572874,early_lightgbm_02_2025,svi,SN II,9.578122926972563,2138747,0.0320437692510037,,False,-19.24000381981641,0.9999999999999648,glade,,,1.0,False,,,SN II,0.9,-17.581127330154672,,0.031514,,1.0,719.A,<https://ziggy.ucolick.org/yse/transient_detail/2021aicz|*YSE-PZ*>
ANT20250qciepdes2k5,2025absa,SN Ia,0.016,,142.3136227547396,-20.37630927131015,16.39697265625,16.017887541609525,full_lightgbm_02_2025,svi,SN Ibc,19.390210446494745,ESO565-011,0.0144835227538927,,False,-20.64709949983978,0.973254860098864,glade,,,1.0,False,,,SN Ibc,1.0,-17.86264611723602,,0.016,,1.0,618.E,<https://ziggy.ucolick.org/yse/transient_detail/2025absa|*YSE-PZ*>
ANT20258zjs07wuiv0i,2025abov,SN Ia,0.01346,,46.73173984131292,-11.98207391173787,15.945534706115724,16.239125941465318,full_lightgbm_02_2025,dynesty,SN Ibc,7.024408274769219,PGC011671,0.0126856039346205,,False,-19.236318595238764,0.9682759299686928,glade,,,1.0,True,,,SN Ibc,1.0,-17.937281864046636,,0.01346,,1.0,365.E,<https://ziggy.ucolick.org/yse/transient_detail/2025abov|*YSE-PZ*>
ANT2025loprn9pmf6o8,2025afdy,SN Ia,0.014744,,214.4975177213628,26.41464725509919,15.909964561462402,17.00201944127184,full_lightgbm_02_2025,svi,SN Ibc,12.059396274330943,IC4397,0.0143471501215683,,False,-20.21633201519623,0.9602434138314968,glade,,,1.0,True,,,SN Ibc,1.0,-18.17142608589116,,0.014744,,1.0,719.A,<https://ziggy.ucolick.org/yse/transient_detail/2025afdy|*YSE-PZ*>
ANT20256x9myqjelxpw,2025afvq,---,,,358.82511270781816,15.935994281280273,17.752994537353516,0.4331421414899523,early_lightgbm_02_2025,svi,SLSN-I,1.34210251677685,9906627476654959,0.099993,,False,-18.746177372845647,0.999999999999984,decals,,,0.989,True,,,SLSN-I,0.966,-20.52837637629668,,0.099993,,1.0,575.A,<https://ziggy.ucolick.org/yse/transient_detail/2025afvq|*YSE-PZ*>
ANT2025l0epshoclgmx,2025ahkt,---,,,141.42688931734048,22.33493737242327,17.037464141845703,0.0972393416377599,early_lightgbm_02_2025,svi,SN II,28.65315372645123,26726,0.0265170721046967,,False,-20.410004951354725,0.9999999999998604,glade,,,0.965,True,,,SN II,0.698,-18.32500047435336,,0.0265170721046967,,0.972,577.D,<https://ziggy.ucolick.org/yse/transient_detail/2025ahkt|*YSE-PZ*>
ANT20251wnhagg7yl3s,2025aghr,SN Ia,0.021525,,87.8070547248071,37.90057789976634,17.769954681396484,2.238917641392618,early_lightgbm_02_2025,svi,SN Ibc,2.137091832459806,UGC03367,0.0219288044979457,,False,-22.450000937013595,0.9975897206751176,glade,,,0.934,False,,,SN Ibc,0.987,-17.13685494698934,,0.021525,,0.934,719.A,<https://ziggy.ucolick.org/yse/transient_detail/2025aghr|*YSE-PZ*>
ANT2025zaiq3dhrn9xg,2025agtl,---,,,120.1258483016362,-10.548736674065625,15.67056655883789,16.20587803242961,full_lightgbm_02_2025,svi,SN IIn,,,,,False,,,,,,0.747,False,,,,,,,,,0.837,365.E,<https://ziggy.ucolick.org/yse/transient_detail/2025agtl|*YSE-PZ*>
ANT202518vw3a5istct,2025ahoo,---,,,202.59631789073643,-10.098930388420795,18.032533645629883,0.0407545605703489,early_lightgbm_02_2025,svi,SN Ibc,189.3051035008492,PGC047448,0.0135184946300235,,False,-20.93577932451226,0.999999999891012,glade,,,0.739,False,,,,,,,,,0.962,527.C,<https://ziggy.ucolick.org/yse/transient_detail/2025ahoo|*YSE-PZ*>
ANT20254k4l8udz6ri2,---,---,,,37.40161522284474,24.09461015628598,16.609437942504883,0.3017036604724126,early_lightgbm_02_2025,svi,SN II,,,,,False,,,,,,0.53,False,,,,,,,,,0.8109999999999999,618.A,
ANT2025nljso91oit7d,2025aiiz,---,,,113.91294108507998,39.06989531279909,18.3476791381836,2.0921121040082653,early_lightgbm_02_2025,svi,SLSN-I,0.6749822307759193,9907734593994901,0.24619,,False,-18.21032037885508,0.9989446554727244,decals,,,1.0,True,,,SN Ia,0.72,-21.94537172444731,,0.24619,,1.0,719.A,<https://ziggy.ucolick.org/yse/transient_detail/2025aiiz|*YSE-PZ*>
ANT202609t6us992b5j,2026G,SN Ia,0.0321,,243.2925006007713,22.952061068652142,17.06570053100586,15.986600557007478,full_lightgbm_02_2025,svi,SN IIn,10.80240568482945,16130973+2256587,0.0326254694550747,,False,-20.070003183680647,0.8050373423111816,glade,,,0.47,False,,,SN II,0.47,-18.714689572617704,,0.0321,,0.8200000000000001,618.A,<https://ziggy.ucolick.org/yse/transient_detail/2026G|*YSE-PZ*>
ANT2026aqdperiqeewa,2026kc,SN Ia,0.022809,,155.6045216,4.000426425795126,17.04944610595703,0.1155829376002657,early_lightgbm_02_2025,svi,SN II,14.610655526986916,UGC05607,0.0213483645608024,,False,-21.46080305365569,0.9757538579755634,glade,,,1.0,True,,,SLSN-I,0.39,-17.98388765177071,,0.022809,,1.0,477.C,<https://ziggy.ucolick.org/yse/transient_detail/2026kc|*YSE-PZ*>
ANT2026qwxo05ssinpb,2026am,---,,,162.4402627958459,60.47681925890545,18.134296417236328,0.1118329374512541,early_lightgbm_02_2025,svi,SLSN-I,0.1302462666233035,9907739837793258,0.205013,,False,-18.55840931585376,0.9998818358532868,decals,,,1.0,True,,,SN Ia,0.82,-21.74790352090866,,0.205013,,1.0,418.F,<https://ziggy.ucolick.org/yse/transient_detail/2026am|*YSE-PZ*>
ANT2025rmc5dkp2z5at,2025aico,SN II,0.00478,,172.3181782,20.585702099999992,15.648268699645996,2.084541337324481,early_lightgbm_02_2025,svi,SN II,17.520550306759862,IC0700,0.0058177327372869,,False,-18.50213072523617,0.8089732077564062,glade,,,0.77,False,,,SN Ia,0.31,-15.981516522749075,,0.00478,,1.0,523.A,<https://ziggy.ucolick.org/yse/transient_detail/2025aico|*YSE-PZ*>
ANT2026vnc7p9wfxz3f,2026atb,---,,,218.61376368142447,21.949682960108305,18.34172821044922,0.9926798748783768,early_lightgbm_02_2025,svi,SN II,17.00259115590749,9906629584882237,0.017941,,False,-18.16302571411969,0.9793407169599616,decals,,,0.89,True,,,SN II,0.7,-16.16760887423978,,0.017941,,0.91,719.D,<https://ziggy.ucolick.org/yse/transient_detail/2026atb|*YSE-PZ*>
ANT2026kw3jnrubxmwf,2026bhr,---,,,141.9455332935146,7.3621247957457,18.325780868530273,0.24629796309454832,early_lightgbm_02_2025,svi,SLSN-I,130.47184355923272,SDSSJ092744.52+07193,0.2130547066752872,,False,-25.419996141653463,0.9999999999917646,glade,,,1.0,True,,,SN Ia,0.84,-21.64270795714319,,0.2130547066752872,,1.0,Virgo.B,<https://ziggy.ucolick.org/yse/transient_detail/2026bhr|*YSE-PZ*>
