name,superphot_plus_prob,peak_mag,yse_pz,yse_field,ra,dec,tns_name,tns_redshift,tns_class,host_redshift,host_prob,host_sep_arcsec,best_host_catalog,host_absmag,best_redshift,host_name,high_host_confidence,peak_abs_mag,peak_phase,superphot_plus_class,superphot_plus_class_without_redshift,superphot_plus_prob_without_redshift,superphot_plus_classifier,superphot_plus_sampler,superphot_non_Ia_prob,posted_before
ANT2026k6jocz0otqxw,1.0,22.198477888067046,<https://ziggy.ucolick.org/yse/transient_detail/2025alto|*YSE-PZ*>,477.C,150.2351959414891,3.225698970786709,---,,---,0.486463,0.9806914409561192,0.26990069922438986,decals,-19.252342957036365,0.486463,9906622683415236,True,-19.62553754964936,47.495446188157075,SN Ibc,SN Ibc,1.0,full_lightgbm_02_2025,svi,1.0,False
ANT202671ujinoloznp,1.0,21.77176049824415,,,61.17662782415348,-47.34688009453578,---,,---,0.271466,0.9999999999999939,0.11662397712253662,decals,-21.434920267404966,0.271466,9906605533697760,True,-18.741003109661197,1.7379348542744992,SN IIn,SLSN-I,1.0,early_lightgbm_02_2025,dynesty,1.0,False
ANT2026kb1ihrdp0haw,1.0,22.23784222201654,,,60.94026582419639,-50.08063232142155,---,,---,0.796707,0.9961334957800806,0.1321616824292114,decals,-22.633603708615663,0.796707,9906604846288840,True,-20.678921435489983,39.642312602256425,SLSN-I,SLSN-I,1.0,early_lightgbm_02_2025,svi,1.0,False
ANT2026iextrcgwxvm6,1.0,20.160861890328807,<https://ziggy.ucolick.org/yse/transient_detail/2026dd|*YSE-PZ*>,,64.28413859808771,-46.52928713258518,2026dd,,---,0.168783,0.9782864386336624,8.863581831000774,decals,-23.521394679118963,0.168783,9906605728141910,True,-19.28595653125844,53.751399668741215,SN Ia,SN Ia,1.0,full_lightgbm_02_2025,svi,0.0,False
ANT2026y8vluu5176td,1.0,22.490374994935152,,,62.29359361644488,-46.56805834863613,---,,---,1.150109,0.9999999999999903,0.10860989210037457,decals,-22.42099756517126,1.150109,9906605727755053,True,-21.213007043533636,1.7596359799645143,SLSN-I,SLSN-I,0.826,full_lightgbm_02_2025,svi,1.0,False
ANT2026aqox8fkblhks,1.0,22.407484228387496,,,64.1521095205332,-48.19398184547981,---,,---,0.245784,0.9983048627746479,0.514696778849631,decals,-20.052538265465703,0.245784,9906605280007294,True,-17.88185787920669,0.7217066273879027,SN II,SN II,1.0,full_lightgbm_02_2025,svi,1.0,False
ANT2026vc715jhx28aw,1.0,22.477179996220777,,,59.11016842094046,-48.53279141370686,---,,---,0.993769,0.9987357064166802,0.10854272039244335,decals,-22.30780305440383,0.993769,9906605216304672,True,-20.916830161997197,68.49046705378714,SN IIn,SN II,0.9,full_lightgbm_02_2025,svi,1.0,False
ANT2026qeewdzejcwa3,1.0,22.296100508344395,,,62.14172530366403,-49.31953285092871,---,,---,0.861624,0.9999999999999902,0.10816586226223864,decals,-21.263601305418327,0.861624,9906605030254519,True,-20.79094911129135,0.7708755503917928,SLSN-I,SLSN-I,1.0,early_lightgbm_02_2025,svi,1.0,False
ANT202650oti6g5yk5e,1.0,22.148685718509068,,,62.58432554560958,-46.62047427893879,---,,---,0.300889,0.9999103560347407,1.3522186959168598,decals,-20.07889842447892,0.300889,9906605727817097,True,-18.595580449317914,43.58469825977227,SN II,SN II,0.868,full_lightgbm_02_2025,svi,1.0,False
ANT2026yeuuvkq4kzqk,1.0,22.03324226681695,,,62.371232637201395,-47.75332689758662,---,,---,0.914067,0.9999999999999899,0.11393390371842342,decals,-22.338835391560554,0.914067,9906605406163313,True,-21.18145056225245,66.53032450511819,SLSN-I,SLSN-I,0.743,full_lightgbm_02_2025,svi,1.0,False
ANT2026mljv3hgs3qxc,1.0,21.824698801016943,<https://ziggy.ucolick.org/yse/transient_detail/2025altt|*YSE-PZ*>,,64.21548619635892,-46.57474856322128,---,,---,1.127113,0.9952975165618481,0.4486260085093512,decals,-20.17058292384218,1.127113,9906605728140115,True,-21.836241805461583,2.71688799601543,SN IIn,SN Ibc,0.394,early_lightgbm_02_2025,svi,1.0,False
ANT20265puy0gorjenf,1.0,20.67198461109259,,,62.923589330651126,-46.61735153161561,---,,---,0.127667,0.9999999999951215,1.4850046610300198,decals,-20.1783116426198,0.127667,9906605727882053,True,-18.152077746848537,6.764573354717868,SN Ibc,SN Ibc,1.0,full_lightgbm_02_2025,svi,1.0,False
ANT20264gfpkk2osxva,1.0,21.829136242600562,,,60.50731526608991,-48.42485532278232,---,,---,0.785348,0.9998993405868075,0.17637311615120932,decals,-18.86389784059752,0.785348,9906605216563567,True,-21.05628736354406,52.68602908603498,SN Ibc,SN Ibc,0.974,full_lightgbm_02_2025,svi,1.0,False
ANT2026sx7hlo75zlfw,0.984,22.291235780715432,,,59.66146524649029,-47.72228168091431,---,,---,0.710501,0.9999999999999928,0.1432859075794848,decals,-22.813508082893936,0.710501,9906605405701217,True,-20.374639162961323,40.60646124758932,SN IIn,SN IIn,1.0,full_lightgbm_02_2025,svi,1.0,False
ANT2026qpxwu5m6tca9,0.984,22.263396945482988,,,63.36847299428748,-47.692737540751125,---,,---,0.37051,0.9961199350505134,0.9679727001674729,decals,-22.43037188175711,0.37051,9906605406356460,True,-18.949239020358135,6.7221213929660735,SN II,SLSN-I,1.0,early_lightgbm_02_2025,svi,1.0,False
ANT2026c70rfgyrque6,0.981,20.42585788398398,<https://ziggy.ucolick.org/yse/transient_detail/2026ekf|*YSE-PZ*>,423.A,187.70773707120773,8.273931557308003,---,,---,0.293255,0.999945920236541,0.3511831621938634,decals,-19.218403478440987,0.293255,9906624572230448,True,-20.260582636577066,0.45962670315930154,SN Ia,SN Ia,0.453,early_lightgbm_02_2025,svi,0.019000000000000017,False
ANT2026h8f9u52bqnie,0.959,22.01314706409252,,477.C,149.50311023596612,3.6356269709642532,---,,---,0.342251,0.9999999999999892,0.12500386162232568,decals,-20.143583787078427,0.342251,9906622871700355,True,-19.020983099646646,6.633324398877448,SN II,SN II,0.699,full_lightgbm_02_2025,svi,1.0,False
ANT202616qig8shp9xy,0.958,22.32621519245655,,,63.96112543356422,-47.323364788633285,---,,---,0.86854,0.9825733385984033,0.29900533090798126,decals,-19.61614721395488,0.86854,9906605534217461,True,-20.77814740103415,6.728950730779616,SN IIn,SN IIn,0.375,early_lightgbm_02_2025,svi,1.0,False
ANT20269u1rsxz8079w,0.955,21.341098781208025,,477.C,148.96389300983844,3.312438858415234,---,,---,0.265278,0.9999999999999872,0.15427896140933423,decals,-18.40852325287214,0.265278,9906622683086994,True,-19.119810837016917,6.620399232211639,SN II,SN II,0.341,early_lightgbm_02_2025,svi,1.0,False
ANT2026w2qzfhbr11l6,0.954,21.74064976483841,,,58.23811121782808,-50.0924920916554,---,,---,0.365573,0.9999999999999897,0.46828021832405703,decals,-20.124849243664347,0.365573,9906604845829914,True,-19.441809107465772,43.581612458176096,SN Ibc,SN Ibc,0.985,full_lightgbm_02_2025,svi,0.954,False
ANT20262063nu7yo018,0.949,22.076971914477454,,,58.854060838006085,-48.07970468753959,---,,---,0.396923,0.9999486303412048,0.11972343568014684,decals,-20.87311001700369,0.396923,9906605342141706,True,-19.290522119064846,5.722901203887886,SN Ibc,SN Ibc,1.0,full_lightgbm_02_2025,svi,0.949,False
ANT2026eoykjn742wue,0.947,20.476803680588645,,,62.72956825322037,-49.11345868828138,---,,---,0.11509,0.9737355680467972,0.11976741760134402,decals,-20.027923696319903,0.11509,9906605092309002,True,-18.11664028204798,0.7862441920879064,SN Ibc,SN Ibc,0.93,early_lightgbm_02_2025,svi,0.965,False
ANT20262w47b4qio2mk,0.945,22.2720848653779,<https://ziggy.ucolick.org/yse/transient_detail/2026ejh|*YSE-PZ*>,,57.25022675192704,-49.353434593628265,---,,---,0.695758,0.9994124510029057,0.19136430328930903,decals,-19.3441634065843,0.695758,9906605029459303,True,-20.34762778906372,38.718500648821646,SN Ia,SN Ibc,1.0,full_lightgbm_02_2025,svi,0.05500000000000005,False
ANT2026mhs3x12gohm6,0.943,21.90248430435808,,468.A,150.82152019008078,1.0537310095425312,---,,---,0.364598,0.9952432026394615,0.7678140036051889,decals,-20.210828125581664,0.364598,9906621834266142,True,-19.273966456604338,38.51745131246571,SN Ibc,SN Ibc,0.957,full_lightgbm_02_2025,svi,0.971,False
ANT2026ml0vepybe8kd,0.932,21.286515661523808,,,65.08060078096013,-48.039726142635686,---,,---,0.391409,0.9928442297045494,0.8339200510886642,decals,-20.959369447307953,0.391409,9906605343251045,True,-20.049527500770708,38.7132905429462,SN Ia,SN Ia,0.689,full_lightgbm_02_2025,svi,0.06799999999999995,False
ANT2026alatpwm8jtgw,0.913,22.312047580049487,,,60.39249829768881,-48.89726136258599,---,,---,0.842948,0.9999999999999897,0.1163772025866962,decals,-22.59011315767585,0.842948,9906605091914170,True,-20.72748157965784,2.7212242227396928,SN IIn,SLSN-I,0.957,full_lightgbm_02_2025,svi,0.913,False
ANT2026zlb86lpnikap,0.911,21.93374939713248,,,62.43245851740939,-48.755537042951175,---,,---,0.404059,0.9933787887643568,1.4258730965223618,decals,-21.392056458065703,0.404059,9906605154436142,True,-19.473797220128965,43.581612458176096,SN Ibc,SN Ibc,1.0,full_lightgbm_02_2025,svi,0.911,False
ANT2026700io9gr6l05,0.911,21.947628686570564,,,57.55344021058708,-49.75245309082959,---,,---,0.392561,0.9999999999997671,2.7563038098231187,decals,-22.775444212140993,0.392561,9906604906712226,True,-19.39502213938055,27.734409024233173,SN Ia,SN Ia,0.5,full_lightgbm_02_2025,dynesty,0.08899999999999997,False
ANT20263cl5oi7jel5c,0.902,21.693335815389613,,,59.67675473349408,-48.52113138760009,---,,---,0.941429,0.9999999999999905,0.10868231987287648,decals,-22.280412309815272,0.941429,9906605216374975,True,-21.58479985949728,38.71519310405711,SLSN-I,SN Ibc,0.59,full_lightgbm_02_2025,svi,0.951,False
ANT2026hadg2596t6od,0.9,22.466467701433103,,,63.26348127297454,-46.063377596992666,---,,---,1.301588,0.9999999999999412,1.750041626497048,decals,-20.492928583600904,1.301588,9906605858754685,True,-21.49446788216775,2.71688799601543,SN IIn,SN II,0.8,full_lightgbm_02_2025,svi,1.0,False
ANT2026p4h2alu5ux43,0.896,21.704870178392362,,,57.59131211483973,-49.905433154405216,---,,---,0.351537,0.9999999999999256,0.5572716091920722,decals,-21.433799036300936,0.351537,9906604845702742,True,-19.389501047991146,40.606861571570334,SN Ibc,SN Ibc,0.938,full_lightgbm_02_2025,svi,0.896,False
ANT2026alvufy0e5jn6,0.875,22.463348018209597,,,60.374148467708046,-48.426257912909875,---,,---,0.603617,0.9999999999998167,0.6960732193221002,decals,-22.09385859279174,0.603617,9906605216506048,True,-19.84206290972458,2.7130213697673753,SN IIn,SLSN-I,0.925,early_lightgbm_02_2025,svi,1.0,False
ANT20264t2vv0xk38yl,0.872,22.363451645841742,,,65.11862115282152,-47.74775966144426,---,,---,0.204195,0.9999999999999584,3.2824336123633002,decals,-21.958395956799954,0.204195,9906605406625785,True,-17.509784659402058,0.7776897673611529,SN Ibc,SN Ibc,0.915,early_lightgbm_02_2025,svi,1.0,False
ANT2026h48a8c16bhym,0.87,22.304785209871323,,,62.788240539299814,-48.92939861720214,---,,---,0.175706,0.9999999999999928,0.11506242122142475,decals,-20.321165101540124,0.175706,9906605092310628,True,-17.231929412127872,0.7360194255306851,SN Ibc,SN Ibc,0.7,early_lightgbm_02_2025,svi,1.0,False
ANT2026nm22ob78pabn,0.87,22.41596368934627,,,57.815602111963024,-49.44894637304324,---,,---,1.078219,0.9999999999999878,0.1403384431131899,decals,-23.0223377690429,1.078219,9906604967991805,True,-21.151410152894744,0.7111686748976354,SLSN-I,SLSN-I,0.913,early_lightgbm_02_2025,svi,1.0,False
ANT2026ru7yanv5tkkr,0.868,22.00986261027719,,,62.13517582126631,-49.17840184491487,---,,---,0.429635,0.996954269274835,0.5848149159425354,decals,-18.99348954333641,0.429635,9906605030254351,True,-19.535566807470765,6.760229902152787,SN Ia,SN Ibc,0.925,full_lightgbm_02_2025,svi,0.132,False
ANT20267id0e5weflfb,0.857,21.3946211387035,,468.A,149.9368925038976,1.0827459339431584,---,,---,0.0321882378253671,0.9999999997931097,68.27158159838643,glade,-19.68000376143329,0.0321882378253671,3081674,True,-14.391777338613919,0.5323483170068357,SN II,SN II,0.857,full_lightgbm_02_2025,svi,1.0,False
ANT2026z2bo0dn7fb0l,0.847,20.1712048968678,,,57.421527882301184,-48.269294535261395,---,,---,1.002095,0.9974107797809506,0.23259134296154735,decals,-20.084207835091128,1.002095,9906605278827114,True,-23.240613334748296,68.49138995594694,SLSN-I,SN Ibc,0.556,full_lightgbm_02_2025,svi,1.0,False
ANT2026m6pri7fa4gnr,0.847,22.32279240161934,,,64.1744493498058,-48.6510982931878,---,,---,0.185753,0.9720679369374376,0.1473213112785949,decals,-18.218077875115252,0.185753,9906605154703850,True,-17.338366332922106,0.7506750059110345,SN IIn,SLSN-I,1.0,early_lightgbm_02_2025,svi,1.0,False
ANT2026ey6zxxqwyw3n,0.842,22.455938159007815,,423.B,149.97277433404693,0.44226167432024965,---,,---,0.781373,0.982144783069537,0.12571799193147679,decals,-20.9158907829791,0.781373,9906621645263572,True,-20.418402371950393,39.67662136962463,SN II,SLSN-I,0.667,early_lightgbm_02_2025,svi,0.842,False
ANT2026bsyxzl7suia7,0.833,21.894319722703834,,,58.60928678926863,-50.33988534260706,---,,---,0.438703,0.9999999999999853,0.4473318847747512,decals,-20.656642355399995,0.438703,9906604785274862,True,-19.698001232991455,52.68602908603498,SN Ia,SN Ibc,1.0,full_lightgbm_02_2025,svi,0.16700000000000004,False
ANT2026kwzsd3iqn6zb,0.833,22.006878682124803,,527.C,185.97553373709033,8.652804217328054,---,,---,0.261155,0.9998658441106565,0.43699716455012083,decals,-21.453658107572238,0.261155,9906624758615608,True,-18.41881065873118,0.4833314213465201,SN IIn,SN IIn,0.472,early_lightgbm_02_2025,svi,0.944,False
ANT2026bay53hmb6fsn,0.804,22.222378450907126,,,63.523989440528126,-48.083930709184386,---,,---,0.560892,0.9999999999999624,1.5109886403696153,decals,-20.171497634077447,0.560892,9906605342986721,True,-19.919708620524197,27.73397415666841,SN Ibc,SN Ibc,0.982,full_lightgbm_02_2025,svi,0.804,False
ANT2026krhieh8o878b,0.803,21.538394097732663,,,61.06143042478688,-49.13565238582035,---,,---,0.491878,0.9999999999999715,0.44655979645482025,decals,-20.346563257137685,0.491878,9906605030114582,True,-20.31040570583032,54.710732366998855,SN Ibc,SN Ibc,1.0,full_lightgbm_02_2025,svi,0.8029999999999999,False
ANT2026r3vxb0s3393i,0.8,21.460189894425167,,477.C,151.889991264475,1.7546350038393257,---,,---,0.223029,0.9999999999999339,0.48480826153593426,decals,-18.30127001489794,0.223029,9906622117644760,True,-18.61096513874522,5.615474757316406,SN II,SLSN-I,0.4,early_lightgbm_02_2025,svi,0.99,False
ANT2026thrv5tzl8gcg,0.794,20.910955886282057,,,62.35198345931621,-46.98789843861209,---,,---,0.181799,0.9930256003586166,1.728157335722545,decals,-21.404616447388435,0.181799,9906605598186928,True,-18.70203774197421,47.71030953821901,SN Ibc,SN Ibc,1.0,full_lightgbm_02_2025,svi,0.794,False
ANT2026g7ve9ra86003,0.792,19.3508073455918,,,59.83868136196371,-49.723217401923876,---,,---,0.249603,0.9999999998061276,2.384244559344257,decals,-22.660929699662255,0.249603,9906604907104619,True,-20.973183518498555,2.721654382068664,SN Ibc,SN Ibc,0.75,full_lightgbm_02_2025,dynesty,1.0,False
ANT2026gdivchpcvt5u,0.786,21.456205404720322,,,57.37254864591616,-49.32166349383297,---,,---,0.292776,0.7923452478788624,16.56661649211275,decals,-23.06694371612235,0.292776,9906605029462691,True,-19.22655698774416,46.70331765724404,SN Ibc,SN Ibc,0.946,full_lightgbm_02_2025,svi,0.786,False
ANT2026oa4us867yx04,0.774,22.442156513342773,,,57.88681363895086,-49.9971271512934,---,,---,0.799209,0.9999999999999868,0.1592648469632235,decals,-22.77196575264897,0.799209,9906604845766233,True,-20.481445339544656,1.7644480174931232,SN IIn,SLSN-I,0.742,early_lightgbm_02_2025,svi,1.0,False
ANT2026r2stnlm35a1v,0.754,21.505659651838545,,,60.9635504979215,-48.29233180433161,---,,---,0.273409,0.9999999999999912,0.4316934560769009,decals,-21.279372568417788,0.273409,9906605279423409,True,-19.023144015223465,37.65331804502057,SN Ibc,SN Ibc,0.969,full_lightgbm_02_2025,svi,0.754,False
ANT2026pb4eordcwagh,0.733,22.471247103087975,,,61.008203374380514,-48.54946604073842,---,,---,0.415106,0.9999999999999795,1.2916781159704347,decals,-22.62843546607562,0.415106,9906605216633619,True,-18.996911565750978,1.743633307487471,SN Ia,SN Ibc,0.767,early_lightgbm_02_2025,dynesty,0.267,False
ANT202630q9a5z683va,0.726,21.962251689156332,,,57.52740215739049,-48.02890016476394,---,,---,,,,,,,nan,False,,40.60831951745786,SN Ibc,,,full_lightgbm_02_2025,dynesty,0.984,False
ANT2026wfv4ze3q9hho,0.717,22.047011708135624,,,64.52904557575093,-46.90394771301078,---,,---,0.516453,0.9999999999999809,0.30979752969491503,decals,-20.931605719303555,0.516453,9906605598579862,True,-19.910845568218715,38.7099794492533,SN Ia,SN Ibc,1.0,full_lightgbm_02_2025,svi,0.28300000000000003,False
ANT20267sl7xz3c8brz,0.71,22.36353585699528,,477.C,149.90198209711895,3.626352738390935,---,,---,0.101772,0.9999999999999657,0.48410844439789197,decals,-18.268943203427565,0.101772,9906622871769058,True,-15.956935599159653,0.48896620626328513,SN Ibc,SN Ibc,0.49,full_lightgbm_02_2025,svi,1.0,False
ANT2026ibf6s356vc99,0.708,22.357769887654023,,,57.91113074225504,-48.0035695493838,---,,---,0.545934,0.9999999999999818,0.244553241639884,decals,-19.74373683798963,0.545934,9906605342002602,True,-19.72405133017657,38.71373498086177,SN Ia,SN Ibc,0.861,full_lightgbm_02_2025,svi,0.29200000000000004,False
ANT20266mw87c4vai8v,0.675,21.875840192967555,,,63.49315769610505,-47.209150656071046,---,,---,0.910221,0.9905416805836509,0.1296670440889123,decals,-22.47333885911039,0.910221,9906605534091982,True,-21.32976784431422,42.6545890551788,SLSN-I,SN IIn,0.525,full_lightgbm_02_2025,svi,1.0,False
ANT2026b6j6n4y5li8q,0.671,22.441828394397227,,,59.88621031521065,-50.325309011648386,---,,---,0.428179,0.9999999999999731,0.5466623080215885,decals,-20.801300411489592,0.428179,9906604785473714,True,-19.095978154932748,1.746373194589978,SN Ia,SN Ibc,0.863,early_lightgbm_02_2025,svi,0.32899999999999996,False
ANT2026sb8yop9aaw27,0.656,22.48789882157913,,,63.555117143068024,-47.881999918402215,---,,---,1.060511,0.9994364664082799,0.13554087404839466,decals,-22.22751440160733,1.060511,9906605342987647,True,-21.04440859567469,2.7149847232940374,SLSN-I,SLSN-I,0.906,early_lightgbm_02_2025,svi,1.0,False
ANT2026wmysp2oo4rql,0.65,21.872766912086004,,477.C,151.42034800936693,3.319758308347758,---,,---,0.39819,0.9999999999999829,0.57119488254787,decals,-21.01490156891175,0.39819,9906622683680503,True,-19.501891418772313,36.51962610260671,SN Ibc,SN Ibc,1.0,full_lightgbm_02_2025,svi,0.65,False
ANT20264ictr22ej6ib,0.606,22.387283913176518,,,61.13487140959206,-47.687666642524704,---,,---,1.058822,0.9993272988289605,0.11618654716406118,decals,-22.25722992227862,1.058822,9906605405963240,True,-21.14164468139411,5.713637853128603,SN IIn,SN IIn,0.818,early_lightgbm_02_2025,svi,1.0,False
ANT2026fstt3fguk7xh,0.554,22.03301658707634,,,63.267991848009515,-47.80716978023264,---,,---,0.490031,0.9999999999999886,0.12824181542363317,decals,-20.78338944138967,0.490031,9906605406298490,True,-19.80736118841295,0.7159585802146466,SN IIn,SN Ibc,0.643,early_lightgbm_02_2025,dynesty,0.786,False
ANT20268xnca1swttp3,0.549,21.824431750999576,,,61.82480988229993,-47.44968480877441,---,,---,0.460542,0.9984270578627538,1.758928836516746,decals,-22.188591982342643,0.460542,9906605469801269,True,-19.876882336095356,38.7132905429462,SN Ia,SN Ibc,0.93,full_lightgbm_02_2025,svi,0.45099999999999996,False
ANT2026ojo2vr5j0kl3,0.548,22.41175606500902,,477.C,150.76509143300692,2.6257685942430697,---,,---,0.304874,0.9999999999999899,4.250675876697705,decals,-23.28172364067792,0.304874,9906622494867821,True,-18.362117346350107,0.4975295815675054,SN Ia,SN Ibc,0.887,early_lightgbm_02_2025,svi,0.45199999999999996,False
ANT2026ucyi7881cbyl,0.54,22.159510604311784,,,65.37037432396504,-48.18515962944031,---,,---,0.254132,0.9999710010326041,0.12292502473934278,decals,-20.523004960436527,0.254132,9906605280206107,True,-18.204896527297866,0.7289062328927685,SN II,SN IIn,0.54,early_lightgbm_02_2025,svi,1.0,False
ANT2026o745x8ytr4j3,0.5,21.615263286370485,,477.C,150.57628639441023,2.1813594451838583,---,,---,0.620005,0.9999999999999941,0.2104595456993905,decals,-23.109667806747577,0.620005,9906622306060318,True,-20.749602684801992,6.637052097066771,SN IIn,SN IIn,0.5,full_lightgbm_02_2025,svi,0.5,False
ANT20266gwi9gj5cipb,0.5,22.443326949550062,,,57.79675196764062,-48.19858516848757,---,,---,0.871918,0.9999999999999736,0.28471704319429647,decals,-22.672310916662514,0.871918,9906605278892115,True,-20.669437188133966,1.7574651703325799,SLSN-I,SN II,0.562,early_lightgbm_02_2025,dynesty,1.0,False
ANT2026gkfvruceeewm,0.492,22.469031220651917,,,62.45565713687971,-46.32597092169706,---,,---,0.370001,0.9999999999999594,1.9019828377628172,decals,-21.90630859963069,0.370001,9906605793023185,True,-18.74051229426469,0.7199699820630485,SN Ia,SN Ibc,0.831,early_lightgbm_02_2025,svi,0.508,False
ANT2026dgih4jjvbpse,0.44,21.687602066707377,,,63.46257441333151,-46.1930735181449,---,,---,0.273916,0.902907220867015,0.13758356898436608,decals,-21.171637448171477,0.273916,9906605793217533,True,-18.845368420117744,0.7035001965123229,SN Ia,SN II,0.8,early_lightgbm_02_2025,svi,0.56,False
ANT2026rinatri2lj8f,0.344,22.44314811666239,,,63.290722498410716,-46.09958040427372,---,,---,0.445473,0.9993223982072852,0.18211315807410092,decals,-20.301057077080095,0.445473,9906605858755434,True,-19.18354181306376,0.7062799068007735,SN Ibc,SN Ibc,0.852,early_lightgbm_02_2025,dynesty,0.738,False
