"id","ra [deg]","dec [deg]","redshift","classification","probability","annotation origin","annotation origin key-value pair count","annotation key","annotation value","groups","Saved at","Alias","Origin","TNS"
"313699507039109196","63.55508982070326","-47.88203028272945","","","","","","","","Superphot LSST","2026-02-25T15:07:41","","",""
"170019696299475118","60.15057631608013","-48.41964838414507","","","","","","","","Superphot LSST","2026-02-25T15:07:32","","",""
"313708289017249906","60.940223274992746","-50.0806295120204","","","","","","","","Superphot LSST","2026-02-25T15:07:30","","",""
"313765480582086755","57.815629790695766","-49.44899085868597","","","","","","","","Superphot LSST","2026-02-25T15:07:28","","",""
"313897383967588462","62.7006394963171","-48.56554324021788","","","","","","","","Superphot LSST","2026-02-25T15:07:26","","",""
"170028485844664382","60.039818458993615","-48.118818494142914","","","","","","","","Superphot LSST","2026-02-25T15:07:24","","",""
"314002971135836309","62.13519129922157","-49.178392011425046","","","","","","","","Superphot LSST","2026-02-25T15:07:22","","",""
"313893022950490177","62.14171557424568","-49.31955646340114","","","","","","","","Superphot LSST","2026-02-25T15:07:20","","",""
"313690717384867850","62.37125365047807","-47.753336721933785","","","","","","","","Superphot LSST","2026-02-25T15:07:05","","",""
"170028492511510705","56.83953875171114","-49.29445306846499","","","","","","","","Superphot LSST","2026-02-25T15:07:02","","",""
"313963359364448306","57.59134626071048","-49.905401841613504","","","","","","","","Superphot LSST","2026-02-25T15:06:59","","",""
"313985348069752998","63.00639506488365","-49.30004892970347","","","","","","","","Superphot LSST","2026-02-25T15:06:57","","",""
"314051321267748936","62.43415500880945","-46.81707418535144","","","","","","","","Superphot LSST","2026-02-25T15:06:56","","",""
"170028485814779919","60.84372033865105","-49.20635230472849","","","","","","","","Superphot LSST","2026-02-25T15:06:54","","",""
"170019696440508539","62.81297644480916","-48.379468159047015","","","","","","","","Superphot LSST","2026-02-25T15:06:37","","",""
"313677516558565438","57.450173534819925","-49.47820302099694","","","","","","","","Superphot LSST","2026-02-25T15:06:34","","",""
"313871013683134625","61.38254770767602","-47.52634540664755","","","","","","","","Superphot LSST","2026-02-25T15:06:32","","",""
"170019696442081285","62.67000935525584","-48.37997015189025","","","","","","","","Superphot LSST","2026-02-25T15:06:31","","",""
"170019696328835126","58.793092208094905","-49.039437531390675","","","","","","","","Superphot LSST","2026-02-25T15:06:30","","",""
"313897383647772709","60.392471288032795","-48.8972751871008","","","","","","","","Superphot LSST","2026-02-25T15:06:29","","",""
"313756671828033555","63.57255471063213","-49.085745928777754","","","","","","","","Superphot LSST","2026-02-25T15:06:24","","",""
"314051320292573245","58.35274009120703","-49.17310343674994","","","","","","","","Superphot LSST","2026-02-25T15:06:22","","",""
"170019696438935593","62.952947876578165","-47.74922018804534","","","","","","","","Superphot LSST","2026-02-25T15:06:21","","",""
"313761042417582091","61.17661857606213","-47.346873282957326","","","","","","","","Superphot LSST","2026-02-25T15:06:19","","",""
"313994145147388004","62.6433944552601","-47.405743094399035","","","","","","","","Superphot LSST","2026-02-25T15:06:17","","",""
"170019696345088120","58.08645226914963","-48.01942458527983","","","","","","","","Superphot LSST","2026-02-25T15:06:16","","",""
"313963359375458336","59.91416558704519","-48.16894031003725","","","","","","","","Superphot LSST","2026-02-25T15:06:13","","",""
"313708289125777420","65.26940387128893","-48.30341876812975","","","","","","","","Superphot LSST","2026-02-25T15:06:11","","",""
"313963359511248932","62.92358350577236","-46.617354686711764","","","","","","","","Superphot LSST","2026-02-25T15:06:09","","",""
"170028486327533675","59.838680161224374","-49.72321820346414","","","","","","","","Superphot LSST","2026-02-25T15:06:07","","",""
"313690717366517778","63.03722696565311","-49.11956174918296","","","","","","","","Superphot LSST","2026-02-25T15:06:05","","",""
"313708289137836118","64.41874057801613","-47.255483060339806","","","","","","","","Superphot LSST","2026-02-25T15:06:03","","",""
"313690717248552980","59.52848177161506","-49.38262565017027","","","","","","","","Superphot LSST","2026-02-25T15:06:01","","",""
"313871013915918446","62.7882199206864","-48.92940725483136","","","","","","","","Superphot LSST","2026-02-25T15:05:59","","",""
"170019696266444924","59.899041420152116","-50.45968755398987","","","","","","","","Superphot LSST","2026-02-25T15:05:57","","",""
"313897383924072454","65.37038202751533","-48.18516275855943","","","","","","","","Superphot LSST","2026-02-25T15:05:55","","",""
"170028485783322694","58.405901728084146","-50.09733728430263","","","","","","","","Superphot LSST","2026-02-25T15:05:54","","",""
"314007345737760850","57.886142730068784","-48.26229430857472","","","","","","","","Superphot LSST","2026-02-25T15:05:53","","",""
"170019696282173491","59.88619709221454","-50.325300367025015","","","","","","","","Superphot LSST","2026-02-25T15:05:51","","",""
"313831458465644575","64.13165881865525","-48.59424687032388","","","","","","","","Superphot LSST","2026-02-25T15:05:47","","",""
"313972155185365171","58.27696451660834","-49.17074368021871","","","","","","","","Superphot LSST","2026-02-25T15:05:45","","",""
"313879818852630588","64.75128362560793","-48.63069502146361","","","","","","","","Superphot LSST","2026-02-25T15:05:42","","",""
"313963359532744750","61.92649493385829","-46.446828723061095","","","","","","","","Superphot LSST","2026-02-25T15:05:39","","",""
"170019696482451458","61.620644809580966","-47.420817847183805","","","","","","","","Superphot LSST","2026-02-25T15:05:37","","",""
"313637935696576580","59.86434185701343","-48.024892135553046","","","","","","","","Superphot LSST","2026-02-25T15:05:36","","",""
"313941449021325389","63.6016085083887","-46.13328782328819","","","","","","","","Superphot LSST","2026-02-25T15:05:21","","",""
"313980945241735233","60.84201447494372","-47.97407101636696","","","","","","","","Superphot LSST","2026-02-25T15:05:19","","",""
"313677516638257169","60.18054983293264","-49.03604933287132","","","","","","","","Superphot LSST","2026-02-25T15:05:17","","",""
"170019696413769776","63.980259976832585","-48.39786666740095","","","","","","","","Superphot LSST","2026-02-25T15:05:14","","",""
"170028485779128373","59.1408562198847","-50.642926112645746","","","","","","","","Superphot LSST","2026-02-25T15:05:12","","",""
"313831458340864047","57.88679151651891","-49.99713888248637","","","","","","","","Superphot LSST","2026-02-25T15:05:08","","",""
"170019696323592290","59.36248330023136","-47.98234019745209","","","","","","","","Superphot LSST","2026-02-25T15:05:07","","",""
"170019696345088104","58.156947385088706","-48.01473032345447","","","","","","","","Superphot LSST","2026-02-25T15:05:05","","",""
"313677516650315865","59.03458649810381","-50.78845375488475","","","","","","","","Superphot LSST","2026-02-25T15:05:04","","",""
"313871013579325450","57.79670736379304","-48.198581838018335","","","","","","","","Superphot LSST","2026-02-25T15:05:03","","",""
"314051321203785807","64.54151046482544","-47.70859235386933","","","","","","","","Superphot LSST","2026-02-25T15:05:01","","",""
"170019696472490057","63.290710068327535","-46.09958265728252","","","","","","","","Superphot LSST","2026-02-25T15:05:00","","",""
"313637935744286779","57.430479137524166","-48.56294664457828","","","","","","","","Superphot LSST","2026-02-25T15:04:58","","",""
"313871014736953360","60.188651621796524","-49.185943667740545","","","","","","","","Superphot LSST","2026-02-25T15:04:57","","",""
"313756671741526382","59.066436030862036","-47.80041863835609","","","","","","","","Superphot LSST","2026-02-25T15:04:55","","",""
"313897383682900091","58.07857274370757","-47.83275990932091","","","","","","","","Superphot LSST","2026-02-25T15:04:54","","",""
"170028486178635819","63.10752937311695","-49.494712558665974","","","","","","","","Superphot LSST","2026-02-25T15:04:52","","",""
"313703904967655515","59.11028425025113","-48.532777609535664","","","","","","","","Superphot LSST","2026-02-25T15:04:51","","",""
"170028527324233836","187.84784730001223","7.974166294765835","","","","","","","","Superphot LSST","2026-02-25T15:04:49","","",""
"313708289021968455","60.96647787549045","-47.18966126345932","","","","","","","","Superphot LSST","2026-02-25T15:04:31","","",""
"313677516844302755","60.628202962539696","-47.42789451525128","","","","","","","","Superphot LSST","2026-02-25T15:04:29","","",""
"313708289123156661","65.47440424230435","-47.76760995718292","","","","","","","","Superphot LSST","2026-02-25T15:04:17","","",""
"313879818859970601","63.99752072017472","-48.29927012932443","","","","","","","","Superphot LSST","2026-02-25T15:04:16","","",""
"313681913501974541","63.49312574647366","-47.209148386099436","","","","","","","","Superphot LSST","2026-02-25T15:04:14","","",""
"170028488414724130","60.73839766350064","-47.52834717684442","","","","","","","","Superphot LSST","2026-02-25T15:04:12","","",""
"313681913638813716","63.368453729237984","-47.69273028517775","","","","","","","","Superphot LSST","2026-02-25T15:04:08","","",""
"313853517592265083","151.82934359152654","2.0330693008526093","","","","","","","","Superphot LSST","2026-02-25T15:04:05","","",""
"170019717277810782","151.76467553458397","2.0207759180762936","","","","","","","","Superphot LSST","2026-02-25T15:04:03","","",""
"313888627087114327","151.4615005204443","1.743863341043585","","","","","","","","Superphot LSST","2026-02-25T15:04:02","","",""
"313871013398970376","149.69810978772992","2.377556390104013","","","","","","","","Superphot LSST","2026-02-25T15:03:55","","",""
"170046089928376424","150.2805616974772","2.7465917468976935","","","","","","","","Superphot LSST","2026-02-25T15:03:54","","",""
"170019716286906868","148.47434130118154","2.689438316624658","","","","","","","","Superphot LSST","2026-02-25T15:03:52","","",""
"170032905875619955","149.69681415713737","2.3779854388998403","","","","","","","","Superphot LSST","2026-02-25T15:03:48","","",""
"170032906681450641","149.69574408527754","2.378263807253586","","","","","","","","Superphot LSST","2026-02-25T15:03:47","","",""
"314003013678661710","148.7725968247159","2.946914166727442","","","","","","","","Superphot LSST","2026-02-25T15:03:46","","",""
"313871013252694140","149.94348967411233","3.6161560111360362","","","","","","","","Superphot LSST","2026-02-25T15:03:42","","",""
"170046093472563246","150.62872956190685","3.6833780890589534","","","","","","","","Superphot LSST","2026-02-25T15:03:41","","",""
"170019716254926219","149.56947274329823","0.6021435232050614","","","","","","","","Superphot LSST","2026-02-25T15:03:40","","",""
"313853533158376118","151.5458800756722","3.3167487774314695","","","","","","","","Superphot LSST","2026-02-25T15:03:38","","",""
"170032901867438158","150.54949994904825","1.414425569995023","","","","","","","","Superphot LSST","2026-02-25T15:03:37","","",""
"170019716461494297","149.64613288556345","2.9703252271896416","","","","","","","","Superphot LSST","2026-02-25T15:03:36","","",""
"170028511771230587","151.8900522984454","1.7545968086944996","","","","","","","","Superphot LSST","2026-02-25T15:03:32","","",""
"313980947946012744","150.65012819344747","2.994618384860109","","","","","","","","Superphot LSST","2026-02-25T15:03:27","","",""
"313871013084397632","148.71617232088434","1.281578415724096","","","","","","","","Superphot LSST","2026-02-25T15:03:24","","",""
"313853517489504879","149.86211972740665","0.42879044456532217","","","","","","","","Superphot LSST","2026-02-25T15:03:20","","",""
"313853533133209653","150.69871552699394","3.111016488949083","","","","","","","","Superphot LSST","2026-02-25T15:03:18","","",""
"313972182585704492","150.57626397692502","2.1813532487020515","","","","","","","","Superphot LSST","2026-02-25T15:03:16","","",""
"313972183192305778","149.2567053641185","2.883326061530834","","","","","","","","Superphot LSST","2026-02-25T15:03:04","","",""
"313888627241779278","151.20819354090506","1.155360095270543","","","","","","","","Superphot LSST","2026-02-25T15:03:01","","",""
"313875416848269319","151.28450580944715","2.094179198027821","","","","","","","","Superphot LSST","2026-02-25T15:02:54","","",""
"170028510495637526","149.84341189101556","3.0790191631105555","","","","","","","","Superphot LSST","2026-02-25T15:02:52","","",""
"313853517553991744","149.50716046168031","2.792736136363783","","","","","","","","Superphot LSST","2026-02-25T15:02:50","","",""
"313871013298831385","151.12426291357627","2.9487418486354127","","","","","","","","Superphot LSST","2026-02-25T15:01:56","","",""
"313853517399326847","148.96383377476087","3.3124059932240897","","","","","","","","Superphot LSST","2026-02-25T15:01:55","","",""
"313967766555066434","149.93695856091873","1.0825571912213967","","","","","","","","Superphot LSST","2026-02-25T15:01:54","","",""
"313963406094237721","151.18460692131436","1.802072626560489","","","","","","","","Superphot LSST","2026-02-25T15:01:53","","",""
"313967766620078431","149.50311582842488","3.635559475271754","","","","","","","","Superphot LSST","2026-02-25T15:01:50","","",""
"313888627102318679","150.64713546875845","0.6477488627289367","","","","","","","","Superphot LSST","2026-02-25T15:01:13","","",""
"313972182945890309","149.90198458709648","3.626289546000518","","","","","","","","Superphot LSST","2026-02-25T15:01:06","","",""
"313853517490028622","149.9727550890296","0.4422415349357809","","","","","","","","Superphot LSST","2026-02-25T15:01:05","","",""
"170028527254503447","185.64403421952125","8.630365524546114","","","","","","","","Superphot LSST","2026-02-25T15:01:00","","",""
"170028527248212842","185.00429935732254","8.089830909393386","","","","","","","","Superphot LSST","2026-02-25T15:00:58","","",""
"170028530413862954","187.63341045302903","8.552838508466877","","","","","","","","Superphot LSST","2026-02-25T15:00:57","","",""
"170032916479344655","185.71249564617546","7.339142491999917","","","","","","","","Superphot LSST","2026-02-25T15:00:55","","",""
"170028526986068021","185.6355258553866","8.793442907441268","","","","","","","","Superphot LSST","2026-02-25T15:00:48","","",""
"170032919173136401","187.70756064640264","8.281117103510262","","","","","","","","Superphot LSST","2026-02-25T15:00:46","","",""
"170028528057190919","185.00699354602497","7.642163404827266","","","","","","","","Superphot LSST","2026-02-25T15:00:45","","",""
"170028527145975899","187.08414844047417","8.366140565530548","","","","","","","","Superphot LSST","2026-02-25T15:00:44","","",""
"170028526712913947","185.45888343007314","7.872634483152998","","","","","","","","Superphot LSST","2026-02-25T15:00:41","","",""
"170028531728777309","185.79299915940697","8.054297775597455","","","","","","","","Superphot LSST","2026-02-25T15:00:40","","",""
"170028527997943880","188.1741962693492","7.805513904631267","","","","","","","","Superphot LSST","2026-02-25T15:00:38","","",""
"170032918138191891","187.44698654786944","8.003941078571307","","","","","","","","Superphot LSST","2026-02-25T15:00:36","","",""
"170028535923081252","187.51139583981737","7.3660591899639005","","","","","","","","Superphot LSST","2026-02-25T15:00:33","","",""
"170028528011051061","188.2499716021515","7.052838284015926","","","","","","","","Superphot LSST","2026-02-25T15:00:27","","",""
"170032922922844339","186.146135304459","6.619372239465591","","","","","","","","Superphot LSST","2026-02-25T14:59:22","","",""
"170046110922965087","187.77012330467574","8.488892658772219","","","","","","","","Superphot LSST","2026-02-25T14:59:21","","",""
"170028528397451278","187.2042781695692","8.651733874109366","","","","","","","","Superphot LSST","2026-02-25T14:59:19","","",""
"170028528999333889","185.47140389149854","8.851418824510283","","","","","","","","Superphot LSST","2026-02-25T14:59:18","","",""
"170028527120810004","185.89142676728315","8.740443420057181","","","","","","","","Superphot LSST","2026-02-25T14:59:16","","",""
"170028528457744406","185.2774884551944","7.804584085321802","","","","","","","","Superphot LSST","2026-02-25T14:59:12","","",""
"170028528009478217","188.15444705185968","7.267308885465801","","","","","","","","Superphot LSST","2026-02-25T14:59:10","","",""
"170032917163016282","187.70773639904354","8.273939584486595","","","","","","","","Superphot LSST","2026-02-25T14:59:07","","",""
"170028530023268399","188.08157465770324","6.6740611488565085","","","","","","","","Superphot LSST","2026-02-25T14:59:06","","",""
"170028527997943835","188.04184558818912","7.798794528275849","","","","","","","","Superphot LSST","2026-02-25T14:59:04","","",""
"170028527876833332","188.0823129779029","7.082888309406438","","","","","","","","Superphot LSST","2026-02-25T14:59:02","","",""
"170028527458451541","187.8321540680139","8.049164143640416","","","","","","","","Superphot LSST","2026-02-25T14:59:01","","",""
"170028526924202013","187.96093030466707","7.031671053532647","","","","","","","","Superphot LSST","2026-02-25T14:58:59","","",""
"170028526531510615","187.75114191405873","6.027277007661545","","","","","","","","Superphot LSST","2026-02-25T14:58:57","","",""
"170028526789460018","187.9423097979331","6.582272833717587","","","","","","","","Superphot LSST","2026-02-25T14:58:56","","",""
"170028527993749569","187.94279121279362","7.382421491804089","","","","","","","","Superphot LSST","2026-02-25T14:58:55","","",""
"170028527011758122","187.00685189213686","8.733937262083133","","","","","","","","Superphot LSST","2026-02-25T14:58:53","","",""
"170028532033912925","188.2069223035358","7.552868055658492","","","","","","","","Superphot LSST","2026-02-25T14:58:51","","",""
"170050505205612651","187.43478072904728","8.00810384093348","","","","","","","","Superphot LSST","2026-02-25T14:58:47","","",""
"170028529692442638","185.97552524544196","8.652803172936887","","","","","","","","Superphot LSST","2026-02-25T14:58:45","","",""
"170028528545300647","187.489788779119","6.114952388415527","","","","","","","","Superphot LSST","2026-02-25T14:58:43","","",""
"170028528620273678","186.6215086011166","8.319275504205857","","","","","","","","Superphot LSST","2026-02-25T14:58:40","","",""
"313831458514927674","64.21548018418626","-46.57475019569473","","","","","","","","Superphot LSST","2026-02-25T10:09:08","","",""
"313941448959459395","65.0805855232484","-48.03971324523574","","","","","","","","Superphot LSST","2026-02-25T10:09:00","","",""
"313871013802672296","63.41455139800385","-47.21533551511875","","","","","","","","Superphot LSST","2026-02-25T10:08:46","","",""
"313871014435488133","58.60926232422333","-50.33989820954439","","","","","","","","Superphot LSST","2026-02-25T10:08:40","","",""
"313936964384981047","60.96360029338809","-48.29232569877016","","","","","","","","Superphot LSST","2026-02-25T10:08:19","","",""
"313980945119576112","59.67679665877341","-48.521142148391824","","","","","","","","Superphot LSST","2026-02-25T10:07:56","","",""
"313928194157183045","57.37263970808782","-49.32167881134497","","","","","","","","Superphot LSST","2026-02-25T10:07:47","","",""
"313756671825412125","64.17443044395706","-48.65110866304198","","","","","","","","Superphot LSST","2026-02-25T10:07:42","","",""
"314051320414732370","63.86017524788406","-48.173274005372555","","","","","","","","Superphot LSST","2026-02-25T10:07:19","","",""
"313761042284412983","57.42155754341558","-48.26929753368646","","","","","","","","Superphot LSST","2026-02-25T10:07:10","","",""
"313765480704245975","62.35199080392812","-46.98790628917614","","","","","","","","Superphot LSST","2026-02-25T10:06:43","","",""
"313945770525982796","63.59250658893023","-47.48337136182816","","","","","","","","Superphot LSST","2026-02-25T10:06:29","","",""
"313893022930567256","60.72080070426176","-50.07536991527731","","","","","","","","Superphot LSST","2026-02-25T10:06:20","","",""
"313853497671417905","63.96113740660605","-47.32337231949412","","","","","","","","Superphot LSST","2026-02-25T10:06:12","","",""
"313831458450440303","64.02619457289396","-49.20988993884758","","","","","","","","Superphot LSST","2026-02-25T10:06:05","","",""
"313897383783038984","62.432525414476345","-48.755529827794","","","","","","","","Superphot LSST","2026-02-25T10:05:54","","",""
"170019696437887107","63.495399241183385","-47.2800323117195","","","","","","","","Superphot LSST","2026-02-25T10:05:43","","",""
"170019696466198671","61.85107175196156","-47.35648122556403","","","","","","","","Superphot LSST","2026-02-25T10:05:25","","",""
"313765480559017992","58.34343372967296","-50.26845369328404","","","","","","","","Superphot LSST","2026-02-25T10:05:01","","",""
"313871013530042570","60.507251017816756","-48.42479338056242","","","","","","","","Superphot LSST","2026-02-25T10:04:55","","",""
"313994145051443228","58.8540887742813","-48.07970415360053","","","","","","","","Superphot LSST","2026-02-25T10:04:47","","",""
"313756671695913113","61.134882740583166","-47.687661590740596","","","","","","","","Superphot LSST","2026-02-25T10:04:36","","",""
"170019696437362764","63.26799680290684","-47.80719175531466","","","","","","","","Superphot LSST","2026-02-25T10:04:17","","",""
"314051321101549625","57.93959831046295","-50.034829387717224","","","","","","","","Superphot LSST","2026-02-25T10:04:13","","",""
"313756671722127979","59.66144503740606","-47.72229278512442","","","","","","","","Superphot LSST","2026-02-25T10:03:40","","",""
"313853497291309068","61.06141059710191","-49.135633594410365","","","","","","","","Superphot LSST","2026-02-25T10:02:49","","",""
"313761042410242140","62.29359523082683","-46.568078203045836","","","","","","","","Superphot LSST","2026-02-25T10:02:41","","",""
"313853497321193628","59.78538546447254","-50.167520692777224","","","","","","","","Superphot LSST","2026-02-25T10:02:32","","",""
"313928194187591742","57.52747134341934","-48.0289101519808","","","","","","","","Superphot LSST","2026-02-25T10:02:21","","",""
"313853501446815761","64.28413452580659","-46.529283436106695","","","","","","","","Superphot LSST","2026-02-25T10:02:07","","",""
"313893023086280813","64.4579073934422","-48.33413320344906","","","","","","","","Superphot LSST","2026-02-25T10:02:01","","",""
"313945770546430083","61.82481412040803","-47.44969395230267","","","","","","","","Superphot LSST","2026-02-25T10:01:42","","",""
"313950161909317636","57.91111875741835","-48.003571489543994","","","","","","","","Superphot LSST","2026-02-25T10:01:33","","",""
"313871013794283597","64.52906725696015","-46.903941780748966","","","","","","","","Superphot LSST","2026-02-25T10:01:24","","",""
"313853501480894545","64.15213513233375","-48.1939819030184","","","","","","","","Superphot LSST","2026-02-25T10:01:12","","",""
"313967752817672227","63.52392852427471","-48.08395686604482","","","","","","","","Superphot LSST","2026-02-25T10:00:56","","",""
"313756671858442321","63.263524273248265","-46.06336609982752","","","","","","","","Superphot LSST","2026-02-25T10:00:50","","",""
"313928194151940140","58.23813977223645","-50.09248349005979","","","","","","","","Superphot LSST","2026-02-25T10:00:40","","",""
"170050474601349124","62.10103814994066","-47.89381904993842","","","","","","","","Superphot LSST","2026-02-25T10:00:32","","",""
"313871013549441166","60.943927492879766","-47.608091202330314","","","","","","","","Superphot LSST","2026-02-25T10:00:26","","",""
"313761042386124904","63.89875296467731","-46.51571749706104","","","","","","","","Superphot LSST","2026-02-25T10:00:12","","",""
"313963359527501831","62.58431193622624","-46.62048298740655","","","","","","","","Superphot LSST","2026-02-25T10:00:00","","",""
"313756673035468835","62.729566620875424","-49.113451216404826","","","","","","","","Superphot LSST","2026-02-25T09:59:52","","",""
"313897383678181486","60.10572122888109","-50.562673793163654","","","","","","","","Superphot LSST","2026-02-25T09:59:33","","",""
"313756673012400719","64.00627152421791","-49.329739429651625","","","","","","","","Superphot LSST","2026-02-25T09:59:18","","",""
"313699506405244961","57.19820871884498","-49.92124284648951","","","","","","","","Superphot LSST","2026-02-25T09:58:53","","",""
"170028488668479507","61.008205526380166","-48.549459558722","","","","","","","","Superphot LSST","2026-02-25T09:58:45","","",""
"170028497264181363","63.462581572357735","-46.19314338818734","","","","","","","","Superphot LSST","2026-02-25T09:58:38","","",""
"313985346353234012","57.553409200800004","-49.75244877777541","","","","","","","","Superphot LSST","2026-02-25T09:58:26","","",""
"313756671682281480","61.06084679558143","-49.60733174415074","","","","","","","","Superphot LSST","2026-02-25T09:58:11","","",""
"313871013678940198","57.25021886371898","-49.35345254689396","","","","","","","","Superphot LSST","2026-02-25T09:58:02","","",""
"170028486051233796","58.01783204536595","-50.55077021614344","","","","","","","","Superphot LSST","2026-02-25T09:57:46","","",""
"170046083740205236","56.87560742957453","-49.85586322338141","","","","","","","","Superphot LSST","2026-02-25T09:57:36","","",""
"313893022983520325","60.374126378732356","-48.42624811697158","","","","","","","","Superphot LSST","2026-02-25T09:57:20","","",""
"313998539799134474","63.013847684678815","-49.47096369354817","","","","","","","","Superphot LSST","2026-02-25T09:56:42","","",""
"170019696475111620","62.4556596103571","-46.32596175683968","","","","","","","","Superphot LSST","2026-02-25T09:56:33","","",""
"313690717350789543","64.58161101334294","-46.527192114323796","","","","","","","","Superphot LSST","2026-02-25T09:56:23","","",""
"313690717562601492","60.786156001369456","-47.568786554409066","","","","","","","","Superphot LSST","2026-02-25T09:56:07","","",""
"170028486213238822","65.11859997803371","-47.747760295498026","","","","","","","","Superphot LSST","2026-02-25T09:55:57","","",""
"313928194426667064","150.6911243092034","2.855995797044679","","","","","","","","Superphot LSST","2026-02-25T09:55:07","","",""
"313888627043598349","151.42035326298338","3.3197756894922383","","","","","","","","Superphot LSST","2026-02-25T09:54:57","","",""
"170019716307877924","149.49761546860591","2.804690056856807","","","","","","","","Superphot LSST","2026-02-25T09:54:46","","",""
"313871013403689120","149.9111095575657","2.987570798787303","","","","","","","","Superphot LSST","2026-02-25T09:54:00","","",""
"313871013171953667","151.20007580588089","2.075036290358911","","","","","","","","Superphot LSST","2026-02-25T09:53:47","","",""
"313893021742531388","148.84085211522287","0.9780874018308833","","","","","","","","Superphot LSST","2026-02-25T09:53:39","","",""
"313853517574963301","149.78812043742857","2.480696194010258","","","","","","","","Superphot LSST","2026-02-25T09:53:27","","",""
"313853517419774035","149.04951173008038","2.4203207339895374","","","","","","","","Superphot LSST","2026-02-25T09:53:22","","",""
"313853517448085571","149.54512900828354","1.6877499292903229","","","","","","","","Superphot LSST","2026-02-25T09:53:01","","",""
"313853533265854510","150.2351770857528","3.2256900676114317","","","","","","","","Superphot LSST","2026-02-25T09:52:55","","",""
"313853517404569719","149.89887420621258","3.2915353213045537","","","","","","","","Superphot LSST","2026-02-25T09:52:48","","",""
"313853517424492644","149.67033129326634","2.325360778767671","","","","","","","","Superphot LSST","2026-02-25T09:52:32","","",""
"313932595758366765","150.82154217917017","1.0537390469807144","","","","","","","","Superphot LSST","2026-02-25T09:52:17","","",""
"313967766160277548","151.3837686632585","1.7279241763371818","","","","","","","","Superphot LSST","2026-02-25T09:51:44","","",""
"313853517494747320","150.65883404822958","0.44315077073504267","","","","","","","","Superphot LSST","2026-02-25T09:51:25","","",""
"314003013998478333","150.89915447061648","0.5891686481235786","","","","","","","","Superphot LSST","2026-02-25T09:51:17","","",""
"170019716456251517","150.76509944591612","2.625761347311305","","","","","","","","Superphot LSST","2026-02-25T09:50:46","","",""
"ZTF25acchxhv","247.2698965","2.5091171","","","","","","","","Superphot ZTF;Superphot LSST","2026-02-25T00:18:32","","",""