objName,objAltName1,objAltName2,objAltName3,objID,uniquePspsOBid,ippObjID,surveyID,htmID,zoneID,tessID,projectionID,skyCellID,randomID,batchID,dvoRegionID,processingVersion,objInfoFlag,qualityFlag,raStack,decStack,raStackErr,decStackErr,raMean,decMean,raMeanErr,decMeanErr,epochMean,posMeanChisq,cx,cy,cz,lambda,beta,l,b,nStackObjectRows,nStackDetections,nDetections,ng,nr,ni,nz,ny,uniquePspsSTid,primaryDetection,bestDetection,gippDetectID,gstackDetectID,gstackImageID,gra,gdec,graErr,gdecErr,gEpoch,gPSFMag,gPSFMagErr,gApMag,gApMagErr,gKronMag,gKronMagErr,ginfoFlag,ginfoFlag2,ginfoFlag3,gnFrames,gxPos,gyPos,gxPosErr,gyPosErr,gpsfMajorFWHM,gpsfMinorFWHM,gpsfTheta,gpsfCore,gpsfLikelihood,gpsfQf,gpsfQfPerfect,gpsfChiSq,gmomentXX,gmomentXY,gmomentYY,gmomentR1,gmomentRH,gPSFFlux,gPSFFluxErr,gApFlux,gApFluxErr,gApFillFac,gApRadius,gKronFlux,gKronFluxErr,gKronRad,gexpTime,gExtNSigma,gsky,gskyErr,gzp,gPlateScale,rippDetectID,rstackDetectID,rstackImageID,rra,rdec,rraErr,rdecErr,rEpoch,rPSFMag,rPSFMagErr,rApMag,rApMagErr,rKronMag,rKronMagErr,rinfoFlag,rinfoFlag2,rinfoFlag3,rnFrames,rxPos,ryPos,rxPosErr,ryPosErr,rpsfMajorFWHM,rpsfMinorFWHM,rpsfTheta,rpsfCore,rpsfLikelihood,rpsfQf,rpsfQfPerfect,rpsfChiSq,rmomentXX,rmomentXY,rmomentYY,rmomentR1,rmomentRH,rPSFFlux,rPSFFluxErr,rApFlux,rApFluxErr,rApFillFac,rApRadius,rKronFlux,rKronFluxErr,rKronRad,rexpTime,rExtNSigma,rsky,rskyErr,rzp,rPlateScale,iippDetectID,istackDetectID,istackImageID,ira,idec,iraErr,idecErr,iEpoch,iPSFMag,iPSFMagErr,iApMag,iApMagErr,iKronMag,iKronMagErr,iinfoFlag,iinfoFlag2,iinfoFlag3,inFrames,ixPos,iyPos,ixPosErr,iyPosErr,ipsfMajorFWHM,ipsfMinorFWHM,ipsfTheta,ipsfCore,ipsfLikelihood,ipsfQf,ipsfQfPerfect,ipsfChiSq,imomentXX,imomentXY,imomentYY,imomentR1,imomentRH,iPSFFlux,iPSFFluxErr,iApFlux,iApFluxErr,iApFillFac,iApRadius,iKronFlux,iKronFluxErr,iKronRad,iexpTime,iExtNSigma,isky,iskyErr,izp,iPlateScale,zippDetectID,zstackDetectID,zstackImageID,zra,zdec,zraErr,zdecErr,zEpoch,zPSFMag,zPSFMagErr,zApMag,zApMagErr,zKronMag,zKronMagErr,zinfoFlag,zinfoFlag2,zinfoFlag3,znFrames,zxPos,zyPos,zxPosErr,zyPosErr,zpsfMajorFWHM,zpsfMinorFWHM,zpsfTheta,zpsfCore,zpsfLikelihood,zpsfQf,zpsfQfPerfect,zpsfChiSq,zmomentXX,zmomentXY,zmomentYY,zmomentR1,zmomentRH,zPSFFlux,zPSFFluxErr,zApFlux,zApFluxErr,zApFillFac,zApRadius,zKronFlux,zKronFluxErr,zKronRad,zexpTime,zExtNSigma,zsky,zskyErr,zzp,zPlateScale,yippDetectID,ystackDetectID,ystackImageID,yra,ydec,yraErr,ydecErr,yEpoch,yPSFMag,yPSFMagErr,yApMag,yApMagErr,yKronMag,yKronMagErr,yinfoFlag,yinfoFlag2,yinfoFlag3,ynFrames,yxPos,yyPos,yxPosErr,yyPosErr,ypsfMajorFWHM,ypsfMinorFWHM,ypsfTheta,ypsfCore,ypsfLikelihood,ypsfQf,ypsfQfPerfect,ypsfChiSq,ymomentXX,ymomentXY,ymomentYY,ymomentR1,ymomentRH,yPSFFlux,yPSFFluxErr,yApFlux,yApFluxErr,yApFillFac,yApRadius,yKronFlux,yKronFluxErr,yKronRad,yexpTime,yExtNSigma,ysky,yskyErr,yzp,yPlateScale,distance,NED_name,NED_type,NED_vel,NED_redshift,NED_mag,i-z,g-r,r-i,g-i,z-y,g-rErr,r-iErr,i-zErr,z-yErr,gApMag_gKronMag,rApMag_rKronMag,iApMag_iKronMag,zApMag_zKronMag,yApMag_yKronMag,7DCD,class,dist/DLR,dist,TransientClass,TransientRA,TransientDEC,TransientRedshift,TransientName,index,SkyMapper_StarClass,gelong,g_a,g_b,g_pa,relong,r_a,r_b,r_pa,ielong,i_a,i_b,i_pa,zelong,z_a,z_b,z_pa,NED_redshift_flag,hasSimbad,sourceClass
PSO J173025.149+370032.111,,,,152412626047811302,965924000061796,221598837698918,0,14376036970044,15241,1,2138,29,0.0909681889144408,965924,51595,3,528801792,63,262.60478933,37.0089198,0.0010000000474974,0.0010000000474974,262.60481288,37.00892855,0.0034900000318884,0.0043999999761581,56267.28355324,3.3145999908447266,-0.1027821372893961,-0.791899430210139,0.6019394692883006,258.0852758135044,60.14271838194638,61.60294911718531,31.366588373011112,,5,101,10,10,42,21,18,1116763000001513,1,1,9017,2523001208491221817,3670965,262.60478869,37.00888774,0.0025869600940495,0.0024145899806171,55987.8333658,18.184999465942383,0.004313999786973,17.025999069213867,0.0009309999877586,15.552300453186035,0.0018830000190064,262160391,524416,196608,6,4493.33984375,3708.340087890625,0.010347899980843,0.0096583599224686,1.429360032081604,1.4027400016784668,71.3051986694336,0.244500994682312,0.0,0.9988970160484314,0.9988970160484314,138.53399658203125,0.4519309997558594,-0.0002941180136986,0.5019729733467102,6.073760032653809,1.3198399543762207,0.0001931949955178,8.334100130014122e-07,0.0005618240102194,5.231170234765159e-07,0.9078329801559448,3.5,0.0021830699406564,4.110239842702868e-06,15.184399604797363,774.0,36.30690002441406,4.260280128676186e-09,5.255790256342152e-07,25.00900077819824,0.25,9017,2522998836595532601,3662129,262.60479483,37.00891534,0.0016139999497681,0.0015264799585565,55868.5495527,17.698299407958984,0.0032510000746697,16.68939971923828,0.0006939999875612,14.98610019683838,0.0013320000143721,262160391,524416,196608,6,4493.22998046875,3708.719970703125,0.0064560300670564,0.00610595010221,1.20510995388031,1.1528500318527222,-73.65380096435547,0.2026170045137405,0.0,0.9987540245056152,0.9987540245056152,288.3370056152344,0.2868799865245819,-0.0030718399211764,0.3292169868946075,5.792510032653809,1.171030044555664,0.0003024709876626,9.832809837462264e-07,0.0007660029805265,5.3158601076575e-07,0.8891630172729492,2.7499899864196777,0.0036776200868189,4.90022011945257e-06,14.481300354003906,1040.0,42.390899658203125,7.479870056670279e-09,6.631710220972309e-07,25.01919937133789,0.2499990016222,9017.0,2.5230538749908183e+18,3867163.0,262.60478046,37.0089198,0.0006860049907118,0.000648966000881,56528.1548758,17.334199905395508,0.0013729999773204,16.312000274658203,0.0003410000063013,14.71280002593994,0.000607999972999,262160391.0,524416.0,196608.0,26.0,4493.3798828125,3708.820068359375,0.0027440299745649,0.0025958700571209,1.176120042800903,1.121749997138977,-45.86199951171875,0.369951993227005,0.0,0.9982820153236388,0.9982820153236388,1254.969970703125,0.2979120016098022,-0.001680830027908,0.3353999853134155,5.278480052947998,1.1809500455856323,0.0004229909973219,5.808730065837153e-07,0.0010844699572771,3.694050008107297e-07,0.8812710046768188,2.7499899864196777,0.0047300402075052,2.8756398933182936e-06,13.196200370788574,3105.0,50.03860092163086,-2.5714599338755302e-09,5.044710178481182e-07,25.01070022583008,0.2499990016222,9017.0,2.5230299555126405e+18,3778056.0,262.60478933,37.00895418,0.0011158999986946,0.0010691200150176,55625.327496,17.169300079345703,0.0024810000322759,16.19569969177246,0.0005629999795928,14.491299629211426,0.0012929999502375,262160391.0,524416.0,196608.0,15.0,4493.259765625,3709.300048828125,0.0044635999947786,0.0042765000835061,1.0409899950027466,1.0140299797058103,13.91510009765625,0.5364490151405334,0.0,0.9970430135726928,0.9970430135726928,332.9469909667969,0.2561579942703247,0.0017741499468684,0.2908070087432861,5.772900104522705,1.1321799755096436,0.000492357998155,1.2213999980303925e-06,0.0012070400407537,6.792760132157127e-07,0.8785349726676941,2.5,0.0058006402105093,7.503069809899898e-06,14.43220043182373,1020.0,41.39099884033203,2.4550599775352573e-08,1.2376999620755669e-06,25.03190040588379,0.25,9017.0,2.5230119161131264e+18,3710854.0,262.6047994,37.00892121,0.0013867400120943,0.0012839699629694,55913.5181594,16.875099182128906,0.0034779999405145,15.939800262451172,0.0005089999758638,14.261899948120115,0.0022179998923093,262160391.0,524416.0,196608.0,18.0,4493.16015625,3708.820068359375,0.0055469498038291,0.0051358798518776,0.9633129835128784,0.8898130059242249,4.885190010070801,1.15339994430542,0.0,0.9965239763259888,0.9965239763259888,131.64500427246094,0.2383940070867538,0.0013883400242775,0.2698729932308197,5.848869800567627,1.1126699447631836,0.000645613996312,2.2452400116890203e-06,0.0015278100036084,7.77978016230918e-07,0.8817179799079895,2.5,0.0071654599159955,1.5893199815764092e-05,14.622200012207031,1000.0,22.903200149536133,1.0170899855665997e-07,2.7830399176309584e-06,25.05459976196289,0.25,0.0019937815371747,CGCG 198-045,G,14156.0,0.047219,,0.1163005828857421,0.3365993499755859,0.3773994445800781,,0.255899429321289,0.00116120496035,0.0007732509211326,0.0006582172751599,0.0007589795467934,1.473698616027832,1.7032995223999006,1.5992002487182635,1.7044000625610352,1.6779003143310565,144.84592724866818,,0.4886505960446046,7.076083082652935,"NaN
NaN",262.60484862352945,37.01089392139037,,"ZTF21aaublej
ZTF21aaublej",15.0,,,,,,,,,,,,,,,,,,PUN,1.0,0
PSO J211745.331+790122.012,,,,202823194379628149,1073895000034491,358389251081916,0,13537075940451,20282,1,2617,77,0.323544249239885,1073895,83444,3,436527104,52,319.43888007,79.02278124,0.0010000000474974,0.0010000000474974,319.43891007,79.02277683,0.0222200006246566,0.027140000835061,56119.81274306,1.1562999486923218,0.1446636173883094,-0.1238214014106964,0.981702958311128,62.41521944384087,71.79562133018177,113.54967405609872,20.282368150727493,,10,33,8,6,9,6,4,1218939000006452,0,1,631,2523040457512977015,3817179,319.43887296,79.02278473,0.024924099445343,0.0282690990716218,55840.0397144,20.80179977416992,0.0329530015587806,20.87739944458008,0.0047399997711181,20.87739944458008,0.0464509986340999,102760517,128,0,7,453.7179870605469,5904.509765625,0.099696397781372,0.1130760014057159,1.6625100374221802,1.477910041809082,84.41539764404297,0.01911530084908,0.7577840089797974,0.9989740252494812,0.9989740252494812,1.2877399921417236,0.2977539896965027,-0.0013242199784144,0.296095997095108,1.0499500036239624,0.7766969799995422,1.7349899280816317e-05,5.717259909943095e-07,1.6182599210878834e-05,7.670300306017452e-08,0.908244013786316,3.75,1.6182200852199458e-05,7.516810001106933e-07,2.624890089035034,1032.0,0.3083919882774353,-1.373219982170326e-09,5.89949024742964e-07,24.998699188232425,0.25,631,2523024174486651511,3756520,319.43886237,79.0227774,0.0145616997033357,0.01512479968369,55946.8574381,20.042299270629883,0.0195579994469881,20.121400833129883,0.0030700000934302,20.15439987182617,0.0282600000500679,102760517,128,0,14,453.70599365234375,5904.39990234375,0.0582466982305049,0.0604991987347602,1.4018399715423584,1.3357000350952148,79.06279754638672,0.5319169759750366,-0.8184769749641418,0.9989680051803588,0.9989680051803588,1.263159990310669,0.255854994058609,-0.004405349958688,0.263839989900589,1.0165799856185913,0.8684070110321045,3.492000178084709e-05,6.82972995491582e-07,3.2467600249219686e-05,9.96674032194278e-08,0.9062089920043944,3.5000100135803223,3.1494000722886994e-05,8.900320267457573e-07,2.541450023651123,1240.0,-0.2295040041208267,8.093249626028864e-09,8.542040177417221e-07,25.00309944152832,0.25,631.0,2.5230234988346086e+18,3754003.0,319.43887574,79.02278111,0.0064429300837218,0.0068822000175714,55927.4593433,19.61400032043457,0.0111210001632571,19.661500930786133,0.0023670000955462,19.748300552368164,0.0173620004206895,102760517.0,128.0,0.0,16.0,453.6839904785156,5904.4599609375,0.0257716998457908,0.0275288000702857,1.1624399423599243,1.080940008163452,76.82830047607422,0.3489710092544555,0.9587240219116212,0.999567985534668,0.999567985534668,1.2113800048828125,0.1576700061559677,0.0003739029925782,0.1752949953079223,0.8837379813194275,0.7806580066680908,5.180709922569804e-05,5.761610282206675e-07,4.959010038874112e-05,1.173809991428243e-07,0.8865320086479187,2.75,4.577840081765317e-05,7.947990070533706e-07,2.209350109100342,1395.0,0.0517541989684104,-2.2030100410574963e-08,9.05288004560134e-07,25.013500213623047,0.25,631.0,2.523023926989161e+18,3755598.0,319.43893263,79.02277189,0.0147967999801039,0.0150725003331899,55899.2680927,19.43120002746582,0.0221629999577999,19.52020072937012,0.0030720001086592,19.597900390625,0.0334810018539428,102760453.0,128.0,0.0,10.0,453.4960021972656,5904.39013671875,0.0591873005032539,0.0602901987731456,1.2491899728775024,1.217229962348938,-67.06580352783203,0.470209002494812,-0.5107510089874268,0.999556005001068,0.999556005001068,1.679010033607483,0.1916480064392089,-0.0129265002906322,0.2065470069646835,0.9093539714813232,0.7749189734458923,6.130660040071234e-05,1.3587499552158988e-06,5.648189835483208e-05,1.735109975697924e-07,0.884194016456604,3.0,5.258460078039207e-05,1.7605699440537137e-06,2.273390054702759,720.0,-0.6576679944992065,5.2422201690660586e-08,2.44022999140725e-06,25.02059936523437,0.25,631.0,2.523024300919751e+18,3756991.0,319.43890264,79.02279413,0.0180683992803096,0.0175061002373695,55886.6228051,19.41889953613281,0.041517999023199,19.4507999420166,0.0027399999089539,19.6156005859375,0.0672779977321624,35651585.0,128.0,0.0,15.0,453.6570129394531,5904.64990234375,0.0722734034061431,0.0700244009494781,1.0477999448776243,1.0195900201797483,33.838401794433594,0.973908007144928,-0.9791769981384276,0.9991139769554138,0.9991139769554138,1.125920057296753,0.1617069989442825,-0.0195787996053695,0.1771299988031387,0.8699859976768494,0.7521669864654541,6.20041973888874e-05,2.5742899651959306e-06,6.021370063535869e-05,1.6495900467816682e-07,0.8865320086479187,2.7500100135803223,5.17330008733552e-05,3.480470013528248e-06,2.1749699115753174,870.0,-0.0261010006070137,1.497679988915479e-07,3.908350208803313e-06,25.045700073242188,0.2500010132789612,0.0026534899590174,,,,,,0.141300201416012,0.7559986114501989,0.45989990234375,,0.0694007873535191,0.0056473443673873,0.0038765435668875,0.0038781276564752,0.0041164042766314,0.0,-0.0329990386962855,-0.0867996215820312,-0.0776996612548792,-0.1648006439208984,5.72751119597924,,3.840100970621947,9.595067368394192,"NaN
NaN",319.4528599147157,79.02299580668897,,"ZTF19aassihv
ZTF19aassihv",5.0,,,,,,,,,,,,,,,,,,,0.0,False
PSO J233559.177+345739.524,,,,149953539965723765,1082999000018691,233070695303427,0,13273684704177,14995,1,2084,77,0.717145178203606,1082999,54266,3,512024576,61,353.99657253,34.96097895,0.0010000000474974,0.0010000000474974,353.9965612,34.96095667,0.0031600000802427,0.0032899999059736,55990.6350463,1.291200041770935,0.8150480252495537,-0.0857144579654594,0.5730181046288942,10.37978230455992,34.04397869434035,105.87545606339155,-25.39933127753207,,5,66,11,14,18,9,14,1210891000002059,1,1,6310,2523079776596400294,3963654,353.99656543,34.9609408,0.003360129892826,0.0034064198844134,55773.2633517,18.53249931335449,0.0058070002123713,18.407100677490234,0.0017920000245794,18.38870048522949,0.0069010001607239,262144005,524416,196608,4,3618.389892578125,2583.080078125,0.0134405000135302,0.013625600375235,1.1675200462341309,1.1075600385665894,-40.7932014465332,0.6268900036811829,0.0079041002318263,0.9989659786224364,0.9989659786224364,1.6328400373458862,0.2063540071249008,-0.0066304700449109,0.234154000878334,1.5640599727630615,0.9379169940948486,0.0001402750058332,8.145460128616833e-07,0.0001574530033394,2.82143986396477e-07,0.9018779993057252,3.0000100135803223,0.0001601459953235,1.105210003515822e-06,3.9101600646972656,774.0,2.656140089035034,7.060339868303345e-09,5.293080107549031e-07,24.988300323486328,0.2500010132789612,6310,2523080821615630502,3967547,353.99657593,34.96097895,0.0013432400301098,0.0013224900467321,55777.6051772,17.909099578857422,0.0025810000952333,17.799100875854492,0.0013239999534562,17.7450008392334,0.0034139999188482,262144005,524416,196608,11,3618.25,2583.610107421875,0.0053729698993265,0.0052899699658155,1.060289978981018,1.046370029449463,-14.269399642944336,0.435571014881134,0.0347874984145164,0.9989640116691588,0.9989640116691588,1.7730200290679932,0.1643220037221908,0.0012563499622046,0.1616809964179992,1.6809600591659546,0.8830850124359131,0.0002490899933036,6.427810035347647e-07,0.0002756380126811,3.649930135907198e-07,0.8865320086479187,2.75,0.0002897370140999,9.891649597193464e-07,4.2024102210998535,800.0,2.1108200550079346,-3.2011400197262674e-09,5.361620196708827e-07,25.01619911193848,0.25,6310.0,2.5230836957540577e+18,3978254.0,353.9965689,34.96097776,0.0012566900113597,0.0011743999784812,56157.3757984,18.103700637817383,0.0028780000284314,17.84480094909668,0.000986999948509,17.606000900268555,0.0047320001758635,262160391.0,524416.0,196608.0,15.0,3618.340087890625,2583.590087890625,0.005026769824326,0.0046975901350378,1.0216200351715088,0.9514639973640442,-1.872979998588562,0.2084600031375885,1.1805800391137407e-20,0.998269021511078,0.998269021511078,5.250360012054443,0.1459659934043884,0.0018168099923059,0.1393540054559707,1.9895399808883667,0.878603994846344,0.0002082120045088,5.991449825160089e-07,0.000264286994934,2.6080701331920864e-07,0.8527560234069824,2.25,0.0003292989858891,1.5582500054733828e-06,4.973849773406982,1530.0,9.31844997406006,1.921140047045356e-08,7.303530082936049e-07,25.026100158691406,0.2499990016222,6310.0,2.523083559657281e+18,3977747.0,353.99657587,34.96098077,0.0018035500543192,0.0016803599428385,55826.9415066,17.608999252319336,0.0046060001477599,17.31290054321289,0.0011919999960809,17.120800018310547,0.0073150000534951,262160391.0,524416.0,196608.0,5.0,3618.27001953125,2583.6298828125,0.0072142002172768,0.0067214500159025,0.9730160236358644,0.9284380078315736,34.29349899291992,0.2298559993505478,1.4123400257463894e-13,0.9984220266342164,0.9984220266342164,3.3091399669647217,0.134113997220993,0.0035799499601125,0.1278389990329742,1.9218499660491943,0.8523129820823669,0.0003283999976702,1.5126599919312866e-06,0.0004313759854994,5.143249950378959e-07,0.8645449876785278,2.25,0.0005148489726707,3.766349891520804e-06,4.80463981628418,630.0,7.39516019821167,-1.3273299792615493e-08,1.4977999853726942e-06,25.0447998046875,0.25,6310.0,2.5231045811062764e+18,4056058.0,353.99657253,34.96098173,0.0024274999741464,0.0022964500822126,55910.5083393,17.68000030517578,0.0070639997720718,17.421199798583984,0.0012799999676644,17.304800033569336,0.0117499995976686,262160391.0,524416.0,196608.0,12.0,3618.320068359375,2583.6298828125,0.0097099998965859,0.0091857900843024,0.8336489796638489,0.7882090210914612,19.13940048217773,0.7835410237312317,9.346350082761744e-12,0.9980890154838562,0.9980890154838562,2.114929914474488,0.1226459965109825,0.0022049299441277,0.1136950030922889,1.4834599494934082,0.8323760032653809,0.0003076000139117,2.172969971070416e-06,0.0003904140030499,4.997870064471499e-07,0.8405370116233826,2.0,0.0004345980123616,5.106389835418668e-06,3.708640098571777,640.0,6.816229820251465,3.213270005630875e-08,3.5524599297787063e-06,25.063400268554688,0.25,1.0512849383494566e-05,WISEA J233559.17+345739.3,IrS,113921.0,0.38,,0.5319004058837891,0.6079998016357422,-0.0457000732421875,,-0.1082992553710937,0.0022280574419984,0.0016514069077937,0.0015475893799757,0.0017490751578699,0.0184001922607457,0.0541000366210937,0.238800048828125,0.1921005249023437,0.1163997650146484,174.9844661195026,,0.029850563450812,0.1253856174678322,"NaN
NaN",353.9965634281046,34.9609218885621,,"ZTF18aceiwgh
ZTF18aceiwgh",14.0,,,,,,,,,,,,,,,,,,SLS,1.0,False
PSO J234728.734+242745.727,,,,137353568697345790,1080022000058365,197568495674367,0,13301381759772,13735,1,1929,12,0.973128781628915,1080022,46000,3,512024576,61,356.8697287,24.46270211,0.0010000000474974,0.0010000000474974,356.86972163,24.46270999,0.0029200001154094,0.0030100001022219,55998.2653125,1.72599995136261,0.9088728665725038,-0.0497045180083847,0.4141009216336447,7.46662853115631,23.559518460874934,104.84086636629482,-36.15201304350588,,5,78,14,14,18,17,15,1211193000004639,1,1,1394,2523079271400867186,3961772,356.86975321,24.46269542,0.0024102700408548,0.0022938901092857,55996.3432394,18.54010009765625,0.0044019999913871,18.254199981689453,0.0013899999903514,18.072900772094727,0.0057069999165833,262160391,524416,196608,12,1043.6300048828125,1313.260009765625,0.0096410801634192,0.0091755399480462,1.3871400356292725,1.3435300588607788,37.349700927734375,0.4018720090389251,3.6884799142940244e-13,0.998727023601532,0.998727023601532,3.5699501037597656,0.2808449864387512,0.0017176800174638,0.2785840034484863,2.2599198818206787,1.0498000383377075,0.0001393050042679,6.132710268502706e-07,0.000181262003025,2.51876997481304e-07,0.904075026512146,3.25,0.0002142050070688,1.2225400496390648e-06,5.649809837341309,1118.0,7.266530036926269,3.941719839417601e-09,4.803209776582662e-07,24.97769927978516,0.25,1394,2523083136334562674,3976170,356.86972788,24.46270982,0.0014829200226813,0.0014038699446246,55944.2907888,18.035999298095703,0.0032889998983591,17.56369972229004,0.0010479999473318,17.28689956665039,0.0037479999009519,262160391,524416,196608,10,1043.9599609375,1313.47998046875,0.0059316698461771,0.0056154602207243,1.0568000078201294,0.9950640201568604,9.043880462646484,0.7066910266876221,4.276030043471036e-20,0.998346984386444,0.998346984386444,13.843000411987305,0.2247669994831085,0.0010615600040182,0.2191630005836486,2.4760398864746094,1.006060004234314,0.0002216099965153,7.289099812624045e-07,0.0003424010064918,3.588540096188808e-07,0.8865320086479187,2.75,0.0004418290045578,1.6558700508539914e-06,6.190090179443359,1040.0,9.180870056152344,2.4400499398780084e-08,6.313659923762316e-07,25.002500534057617,0.25,1394.0,2.5230776790417423e+18,3955840.0,356.8697287,24.46271358,0.0006814419757574,0.0006476580165326,56078.5601244,17.20829963684082,0.0016629999736323,16.93269920349121,0.0006869999924674,16.62350082397461,0.0021780000533908,262160391.0,524416.0,196608.0,14.0,1043.9599609375,1313.530029296875,0.002725759986788,0.0025906199589371,0.9362760186195374,0.8991519808769226,51.12570190429688,0.5684670209884644,1.0696000021011981e-13,0.9982479810714722,0.9982479810714722,2.4075798988342285,0.1471669971942901,0.0015508099459111,0.1500169932842254,2.585769891738892,0.8913120031356812,0.0004749800136778,7.899390084276092e-07,0.0006122380145825,4.204719914469024e-07,0.8684750199317932,2.2500100135803223,0.0008139919955283,1.7731599655235186e-06,6.464419841766357,1350.0,7.432010173797607,-6.315400202794308e-09,6.343699965327687e-07,25.03499984741211,0.2500010132789612,1394.0,2.5230771021739474e+18,3953691.0,356.86975553,24.46269492,0.0016837100265547,0.0015866400208324,55837.7347816,17.425500869750977,0.0039960001595318,17.026599884033203,0.000865000009071,16.65329933166504,0.0055970000103116,262160391.0,524416.0,196608.0,8.0,1043.6099853515625,1313.25,0.0067348298616707,0.0063465498387813,0.986882984638214,0.966957986354828,-22.44230079650879,0.3695830106735229,0.0,0.998216986656189,0.998216986656189,8.1497802734375,0.1621849983930587,-0.0016647500451654,0.1584610044956207,2.3922600746154785,0.919061005115509,0.0003888809878844,1.5539200148850796e-06,0.0005615209811367,4.857980115957616e-07,0.8645449876785278,2.2500100135803223,0.0007919470081105,4.432290097611258e-06,5.980649948120117,930.0,15.594400405883787,1.4816699867026273e-08,1.4353399819810877e-06,25.03380012512207,0.2500010132789612,1394.0,2.5230836200552545e+18,3977972.0,356.86972633,24.46270211,0.0019315499812364,0.0018240399658679,55877.4200082,17.01729965209961,0.0049009998328983,16.723600387573242,0.0007249999907799,16.485000610351562,0.0080390004441142,262160391.0,524416.0,196608.0,13.0,1044.0,1313.3699951171875,0.007726150099188,0.0072961198166012,0.9587290287017822,0.9265260100364684,-72.58039855957031,1.0002700090408323,1.6058199691845745e-13,0.9967049956321716,0.9967049956321716,2.975519895553589,0.1680350005626678,-0.0035421799402683,0.1665389984846115,2.157310009002685,0.9312180280685424,0.0005663670017383,2.7757801035477314e-06,0.0007422880153171,5.378469722927548e-07,0.8817179799079895,2.5000100135803223,0.0009246669942513,7.433110113197472e-06,5.393280029296875,1020.0,7.378089904785156,1.1343900041538293e-07,3.072020035688184e-06,25.05459976196289,0.2500010132789612,2.8686938193527068e-05,WISEA J234728.73+242745.6,G,47067.0,0.157,,-0.0939006805419921,0.6905002593994141,0.6310005187988281,,0.3029994964599609,0.0017408055212413,0.0012531052945613,0.0011046239203199,0.0011286496366559,0.1812992095947265,0.2768001556396484,0.3091983795166015,0.373300552368164,0.2385997772216797,190.99598628500183,,0.014783456297948,0.0906717287594121,"NaN
NaN",356.8696960902864,24.462700297758406,,"ZTF20aawpldl
ZTF20aawpldl",6.0,,,,,,,,,,,,,,,,,,SUN,1.0,0
PSO J220041.701+123218.608,,,,123043301737406695,1083853000030821,120645631375463,0,13376727258953,12304,1,1671,17,0.18069270363142,1083853,28090,3,512024576,61,330.17375759,12.53850246,0.0010000000474974,0.0010000000474974,330.17375428,12.53850652,0.0032899999059736,0.0031999999191612,56125.65899306,1.4352999925613403,0.8468472189373503,-0.4855092634032362,0.2170956999291383,337.02150085561163,23.098055803346043,71.11126796419991,-32.65781603071207,,5,73,10,12,24,16,11,1199249000008182,1,1,9291,2523056446334051403,3876742,330.17374992,12.53850401,0.0018615400185808,0.0018532599788159,55930.133702,18.22559928894043,0.0036059999838471,18.154699325561523,0.0014720000326633,18.18969917297364,0.0037620000075548,262144005,524416,196608,7,5449.60986328125,2323.1298828125,0.0074461698532104,0.0074130399152636,1.1362799406051636,1.1191200017929075,-6.022659778594971,0.1952800005674362,0.037008099257946,0.9969040155410768,0.9969040155410768,1.643589973449707,0.1561460047960281,0.0020412500016391,0.1592040061950683,1.1797499656677246,0.8512799739837646,0.0001861119962995,6.710710067636683e-07,0.0001986559946089,2.924940076809435e-07,0.872169017791748,2.5,0.0001923609961522,7.237089789668971e-07,2.9493699073791504,903.0,2.085669994354248,3.281380145381263e-08,5.356159817893058e-07,25.016000747680664,0.25,9291,2523057304253768779,3879938,330.1737572,12.53850229,0.0019665600266307,0.0018671399448066,55860.4595039,17.960100173950195,0.0030580000020563,17.86520004272461,0.0012489999644458,17.885299682617188,0.0037700000684708,262144069,524416,196608,12,5449.5,2323.10009765625,0.0078662596642971,0.0074685900472104,1.2751100063323977,1.196429967880249,18.644100189208984,0.4694249927997589,0.078770600259304,0.9974660277366638,0.9974660277366638,1.4442600011825562,0.2055580019950866,0.0067021800205111,0.1950729936361313,1.3574800491333008,0.93230402469635,0.0002376560005359,7.267639716701524e-07,0.0002593809913378,3.23913013744459e-07,0.8733789920806885,2.75,0.0002546219911891,9.598610404282226e-07,3.393699884414673,960.0,1.7578599452972412,2.173960034212996e-08,6.698500101265381e-07,25.02009963989257,0.25,9291.0,2.523056151323485e+18,3875643.0,330.17375759,12.53850246,0.0009145039948634,0.0008742799982428,56462.4943701,18.08340072631836,0.0022209999151527,17.8882999420166,0.0008640000014565,17.857900619506836,0.0032830000855028,262160391.0,524416.0,196608.0,24.0,5449.490234375,2323.10009765625,0.0036580299492925,0.003497130004689,0.98124498128891,0.9335299730300904,-53.33319854736328,0.4075500071048736,2.5058699559821207e-10,0.9974240064620972,0.9974240064620972,4.751830101013184,0.1409749984741211,-0.0017271100077778,0.1430699974298477,1.3871400356292725,0.862654983997345,0.0002121510042343,4.711760084319394e-07,0.0002539069973863,2.194019970147565e-07,0.8645449876785278,2.2499899864196777,0.0002611209929455,8.57299994549976e-07,3.4678399562835693,2070.0,6.326620101928711,-4.786849805427096e-10,6.183000209603051e-07,25.031200408935547,0.2499990016222,9291.0,2.5230549071251466e+18,3871008.0,330.17375785,12.53850458,0.0011127300094813,0.0010347700444981,55821.0672171,17.38409996032715,0.0027199999894946,17.24799919128418,0.001012000022456,17.267499923706055,0.0038509999867528,262160391.0,524416.0,196608.0,16.0,5449.5,2323.1298828125,0.0044509200379252,0.0041390801779925,1.013550043106079,0.9763420224189758,57.27399826049805,0.3412089943885803,0.0001570970052853,0.9973589777946472,0.9973589777946472,2.368750095367432,0.1364479959011078,0.0026666200719773,0.1393599957227707,1.1974899768829346,0.84859299659729,0.0004039919876959,1.098779989661125e-06,0.0004579210071824,4.633899948203181e-07,0.8645449876785278,2.25,0.0004497650079429,1.7320800225206767e-06,2.993730068206787,840.0,3.7795701026916495,-7.529879830769914e-09,1.4481199741567252e-06,25.02580070495605,0.25,9291.0,2.5230565265962527e+18,3877041.0,330.17376438,12.53850031,0.0032260699663311,0.0030716198962181,55868.1063067,17.82509994506836,0.0089130001142621,17.542699813842773,0.0012649999698624,17.524099349975586,0.0144060002639889,262160391.0,524416.0,196608.0,11.0,5449.41015625,2323.090087890625,0.0129043003544211,0.0122865000739693,0.8721179962158203,0.8493120074272156,43.47949981689453,1.1373000144958496,6.7105898615693604e-09,0.9972590208053588,0.9972590208053588,1.495650053024292,0.1454440057277679,-0.001951289945282,0.1401640027761459,1.360700011253357,0.8689950108528137,0.0002691179979592,2.3985799089132342e-06,0.0003490849921945,4.416930039496947e-07,0.8645449876785278,2.25,0.0003551070112735,5.115539806865854e-06,3.401750087738037,730.0,5.798009872436523,1.324220022524969e-07,3.422780082473764e-06,25.048200607299805,0.25,6.466754941170125e-06,WISEA J220041.70+123218.5,QSO,86581.0,0.288803,,0.6403007507324219,0.289499282836914,-0.0230998992919921,,-0.2947006225585937,0.0019304882821054,0.0015187155473301,0.0013306539925795,0.0016199904225651,-0.0349998474121129,-0.0200996398925781,0.0303993225097656,-0.019500732421875,0.0186004638671875,345.30816340379977,,0.0199568521403663,0.0660792384823971,"NaN
NaN",330.1737716383541,12.53849946257764,,"ZTF19aaqtrvq
ZTF19aaqtrvq",7.0,,,,,,,,,,,,,,,,,,SLS,1.0,
PSO J213850.011+021138.464,,,,110633247083933239,1038926000052018,80199924370228,0,13339816437593,11063,1,1403,53,0.927293216741917,1038926,18673,3,512024576,61,324.70838135,2.19401788,0.0010000000474974,0.0010000000474974,324.70837162,2.19402337,0.0033700000494718,0.0033599999733269,56161.28486111,1.7093000411987305,0.8156236536059953,-0.5773148392760477,0.038283573893756,327.758669236473,15.353117107686955,57.3580721892216,-35.161275266781594,,5,80,15,12,27,11,15,1180756000006450,1,1,2963,2523034167264938899,3793746,324.70838141,2.1939946,0.003096800064668,0.0029287100769579,56056.7487309,18.917999267578125,0.0059739998541772,18.6387996673584,0.0017180000431835,18.58880043029785,0.0060350000858306,262160391,524416,196608,7,1566.199951171875,3037.93994140625,0.0123872002586722,0.011714800260961,1.1942100524902344,1.1702100038528442,75.96430206298828,0.158050999045372,3.80771010492242e-23,0.998130977153778,0.998130977153778,2.9778499603271484,0.2161339968442917,-0.0090908501297235,0.2123530060052871,1.4805899858474731,0.9434340000152588,9.835880337050185e-05,5.876149771211203e-07,0.000127192994114,2.1849699294307362e-07,0.8917940258979797,2.75,0.0001331910025328,8.038160217438417e-07,3.7014899253845215,1032.0,9.908909797668455,-1.152850037655639e-09,4.476030142086529e-07,25.002700805664062,0.25,2963,2523019679534943123,3739775,324.70837336,2.19401788,0.0018037599511444,0.001647219993174,56140.7745243,18.379600524902344,0.0036820000968873,18.02890014648437,0.0013320000143721,17.959999084472656,0.0042650001123547,262160391,524416,196608,9,1566.3299560546875,3038.280029296875,0.0072150300256907,0.0065888799726963,1.1541800498962402,1.0848499536514282,-44.08359909057617,0.1133859977126121,4.8460800076635716e-27,0.9987559914588928,0.9987559914588928,6.143260002136231,0.2011709958314895,-0.0136898001655936,0.1910230070352554,1.5189900398254397,0.9484660029411316,0.0001614960056031,5.946009764556948e-07,0.0002230690006399,2.9702900405936816e-07,0.8865320086479187,2.75,0.0002376939955865,1.0138300012840773e-06,3.797489881515503,960.0,10.768500328063965,-1.1452700121594717e-08,5.579220214713132e-07,25.023399353027344,0.25,2963.0,2.523023520041012e+18,3754082.0,324.70838135,2.19402088,0.0008436740026809,0.0007779540028423,56523.4653486,17.864700317382812,0.0019109999993816,17.56719970703125,0.0007370000239461,17.506500244140625,0.0023229999933391,262160391.0,524416.0,196608.0,23.0,1566.2099609375,3038.340087890625,0.0033746999688446,0.0031118199694901,1.0368399620056152,0.9808899760246276,-68.30239868164062,0.431071013212204,8.36503972032266e-20,0.9967889785766602,0.9967889785766602,13.863800048828123,0.1702159941196441,-0.0064236400648951,0.1706050038337707,1.4508800506591797,0.91533100605011,0.0002594919933471,4.959509851687471e-07,0.0003412739897612,2.51381010230034e-07,0.8753520250320435,2.5,0.0003609010018408,8.384399734495673e-07,3.627190113067627,2115.0,9.1083402633667,-6.249190054319342e-09,5.020389721721585e-07,25.01569938659668,0.25,2963.0,2.523018660553952e+18,3735979.0,324.70838862,2.19400622,0.0018927799537777,0.0018032500520348,56112.3611709,17.91309928894043,0.0047160000540316,17.565799713134766,0.0012159999459981,17.44659996032715,0.0064880000427365,262160391.0,524416.0,196608.0,10.0,1566.0899658203125,3038.1298828125,0.0075711198151111,0.007212989963591,0.8761100172996521,0.8643109798431396,-5.460529804229736,0.8797940015792847,1.809740072138936e-18,0.9951080083847046,0.9951080083847046,3.679409980773926,0.1555539965629577,-0.0067772702313959,0.1469430029392242,1.4781899452209473,0.9013010263442992,0.0002481729898136,1.1703999689416378e-06,0.0003417120024096,4.15659997088369e-07,0.8645449876785278,2.25,0.0003813809889834,2.474240091032698e-06,3.695480108261109,780.0,8.768549919128418,5.02807004920669e-08,1.406530031999864e-06,25.03190040588379,0.25,2963.0,2.5230189297947146e+18,3736982.0,324.70837933,2.19402103,0.0041083199903368,0.0038064299151301,55815.9545783,17.757999420166016,0.0094699999317526,17.40130043029785,0.0011020000092685,17.404199600219727,0.013961000367999,262160391.0,524416.0,196608.0,13.0,1566.22998046875,3038.340087890625,0.0164333004504442,0.0152257001027464,0.9550309777259828,0.9002429842948914,-56.73189926147461,1.3370699882507324,5.9972200816549296e-12,0.9982600212097168,0.9982600212097168,1.8357000350952148,0.2197799980640411,-0.0114483004435896,0.2070949971675872,1.4303900003433228,0.9433990120887756,0.0002862969995476,2.7111100280308165e-06,0.0003976210136897,4.382380041079159e-07,0.8865320086479187,2.75,0.0003965880023315,5.536679964279756e-06,3.5759599208831787,830.0,6.879720211029053,-2.5883199583631722e-08,3.919709797628457e-06,25.03339958190918,0.25,7.06958373189282e-06,WISEA J213850.00+021138.4,UvS,48566.0,0.162,,0.0013999938964843,0.609899520874027,0.4617004394531214,,0.164499282836914,0.0021738786043994,0.0015222986151159,0.0014219088943965,0.0016410545052176,0.0499992370605468,0.0689010620117152,0.060699462890625,0.1191997528076171,-0.002899169921875,47.37335767018551,,0.0175335057021961,0.0647403090582933,"NaN
NaN",324.70838961033337,2.194023845,,"ZTF19aatvlpo
ZTF19aatvlpo",11.0,,,,,,,,,,,,,,,,,,SUN,1.0,False
PSO J172854.253+270523.260,,,,140502622260408316,969995000009196,185430918046700,0,14408524181307,14050,1,1908,77,0.37674526253412,969995,43174,3,512024576,61,262.22605678,27.08979462,0.0010000000474974,0.0010000000474974,262.22604655,27.08979847,0.0046899998560547,0.0078800003975629,55860.00346065,3.4293999671936035,-0.1204257525683187,-0.8821115956672257,0.4553863973679658,259.1477199019257,50.23663850244596,50.40257648312304,29.1346455024972,,5,84,14,16,21,17,16,1073327000004682,1,1,8044,2522998346969259884,3660305,262.22605485,27.08978389,0.0021038299892097,0.0019471700070425,55763.9760387,18.578500747680664,0.0038270000368356,17.647499084472656,0.0010910000419244,16.73349952697754,0.0028810000512748,262160391,524416,196608,12,3933.760009765625,4437.2900390625,0.008415300399065,0.0077886800281703,1.3291399478912354,1.2695200443267822,21.624799728393555,0.1117189973592758,0.0,0.9995179772377014,0.9995179772377014,60.28919982910156,0.3532359898090362,0.0085872998461127,0.359138011932373,4.351980209350586,1.1721800565719604,0.0001344570046057,5.146309831616236e-07,0.0003169460105709,3.458100081843441e-07,0.8974570035934448,3.0,0.0007355529814958,2.118759994118591e-06,10.880000114440918,1032.0,32.535701751708984,4.316039969864961e-09,4.829490194424579e-07,24.983299255371094,0.25,8044,2522996661999902572,3654028,262.2260493,27.08979462,0.0015234999591484,0.001430399948731,55764.5163989,18.664100646972656,0.0034489999525249,17.649099349975586,0.0010110000148415,16.476900100708008,0.0025400000158697,262160391,524416,196608,15,3933.830078125,4437.43994140625,0.0060939998365938,0.0057216100394725,1.0628900527954102,0.9723349809646606,-9.287650108337402,0.0904813036322593,0.0,0.9983109831809998,0.9983109831809998,110.92400360107422,0.2406110018491745,0.0061327097937464,0.2407270073890686,4.396440029144287,1.0724300146102903,0.0001242629950866,4.285309955776029e-07,0.0003164779918733,3.1994301252780133e-07,0.8606160283088684,2.25,0.000931587012019,2.3659199541725684e-06,10.991100311279297,1200.0,49.799198150634766,-1.8864499296000762e-08,5.001310228180955e-07,25.032899856567383,0.25,8044.0,2.52305339986006e+18,3865393.0,262.22606362,27.08976135,0.0020856698974967,0.0019233300117775,55946.7338111,18.473100662231445,0.0043399999849498,17.42690086364746,0.0007399999885819,16.425199508666992,0.0036939999554306,262160391.0,524416.0,196608.0,14.0,3933.64990234375,4436.97021484375,0.0083426600322127,0.0076933200471103,1.118749976158142,1.0486299991607666,22.278200149536133,0.2069279998540878,0.0,0.9977099895477296,0.9977099895477296,55.699501037597656,0.2860459983348846,0.0104299997910857,0.2949169874191284,4.132589817047119,1.119510054588318,0.000148168997839,6.430749976971128e-07,0.0003883710014633,2.8752299385814695e-07,0.8849009871482849,2.5,0.0009770359611138,3.608769929996925e-06,10.331500053405762,1830.0,46.98749923706055,-1.8362500853186248e-08,8.627629881630128e-07,25.022300720214844,0.25,8044.0,2.522997681249329e+18,3657825.0,262.22605781,27.0898001,0.0026156799867749,0.0024507199414074,55776.0679698,18.31439971923828,0.0052700000815093,17.277000427246094,0.0009790000040084,16.37849998474121,0.0047160000540316,262160391.0,524416.0,196608.0,17.0,3933.7099609375,4437.52978515625,0.0104628000408411,0.0098029095679521,1.1754000186920166,1.1339499950408936,9.126689910888672,0.2136009931564331,0.0,0.9994760155677797,0.9994760155677797,30.60740089416504,0.3142839968204498,0.0074687898159027,0.3115580081939697,3.791660070419312,1.1382800340652466,0.0001714980026008,9.037580070980766e-07,0.0004458629991859,4.3652499925883603e-07,0.8865320086479187,2.75,0.0010199700482189,4.810320206161123e-06,9.47916030883789,900.0,43.57619857788086,3.79078990420112e-10,1.3098300541969363e-06,25.027700424194336,0.25,8044.0,2.5229980852446904e+18,3659330.0,262.22605678,27.08979803,0.0047945999540388,0.0044979401864111,55938.0389457,18.15850067138672,0.0114160003140568,17.24920082092285,0.000958000018727,16.29669952392578,0.0092789996415376,262160391.0,524416.0,196608.0,15.0,3933.72998046875,4437.490234375,0.0191783998161554,0.0179916992783546,1.048699975013733,0.9842339754104614,84.20999908447266,0.8350070118904114,0.0,0.9971020221710204,0.9971020221710204,7.294650077819824,0.2791259884834289,0.0005966509925201,0.2823129892349243,3.1633501052856445,1.111739993095398,0.0001979759981622,2.260090013805893e-06,0.0004574120102915,4.3822100792567653e-07,0.8658030033111572,2.5,0.0010997899807989,1.0204499631072396e-05,7.908380031585693,980.0,29.67889976501465,2.5505299205974552e-08,3.2957700568658765e-06,25.013500213623047,0.25,8.311357970930069e-05,WISEA J172854.22+270523.7,G,,,,0.1499004364013672,-0.0016002655029296,0.222198486328125,,0.0277996063232421,0.0014874145761987,0.0012528850757793,0.0012272086175339,0.0013697463428421,0.9139995574951172,1.172199249267578,1.0017013549804688,0.8985004425048828,0.9525012969970704,81.76109072230179,,0.0174393781123328,0.1900625669663875,"NaN
NaN",262.22610461666665,27.089809185,,"ZTF24aagkwfe
ZTF24aagkwfe",10.0,,,,,,,,,,,,,,,,,,,1.0,0
PSO J212453.842+230532.653,,,,135713212243601499,1053776000059660,193264938445074,0,14111813919385,13571,1,1839,75,0.200488687679627,1053776,44998,3,436527104,52,321.2243433,23.09240369,0.0010000000474974,0.0010000000474974,321.22433235,23.09240095,0.0242999996989965,0.0285999998450279,56186.77528935,1.13510000705719,0.7171370795065966,-0.5760917547498401,0.392215118660665,332.54894597709733,36.08653635256974,73.12733177614133,-19.225180213703617,,5,30,0,12,13,5,0,1192324000003654,1,1,7511,2523039488192552279,3813568,321.2243433,23.09240369,0.0531698986887931,0.0504367016255855,55849.7196012,23.046600341796875,0.1103179976344108,23.31839942932129,0.0149579998105764,23.22439956665039,0.172883003950119,35651585,0,196608,14,2946.570068359375,4414.41015625,0.2126799970865249,0.2017470002174377,1.1641499996185305,1.1173100471496582,28.753700256347656,0.3378979861736297,-0.6425780057907104,0.999567985534668,0.999567985534668,1.3189899921417236,0.2161310017108917,0.0302408002316951,0.1605509966611862,0.8311499953269958,0.554826021194458,2.1945900243736105e-06,2.421020042220335e-07,1.7085700392271974e-06,2.5556300187190573e-08,0.8839020133018494,2.75,1.8631800458024368e-06,3.221109921014431e-07,2.077879905700684,1032.0,-0.4640969932079315,-1.152010042915208e-09,4.471629893032514e-07,24.990800857543945,0.25,7511,2523025329832861015,3760824,321.22433713,23.09238388,0.0201616995036602,0.0192887000739574,55917.6057213,21.78350067138672,0.0421609990298748,21.80780029296875,0.0071919998154044,21.900299072265625,0.0660149976611137,35651585,0,196608,13,2946.64990234375,4414.1298828125,0.0806465968489646,0.077154703438282,1.155310034751892,1.1257400512695312,5.305620193481445,0.224713996052742,0.9820759892463684,0.9981439709663392,0.9981439709663392,1.5509899854660034,0.160303995013237,0.0077239400707185,0.1739400029182434,0.8408870100975037,0.7523599863052368,7.024460046523018e-06,2.961560028325039e-07,6.868499895062996e-06,4.939699849160206e-08,0.8865320086479187,2.75,6.307619969447842e-06,4.163970004356088e-07,2.102220058441162,1080.0,0.0224663000553846,-1.4145499882545213e-08,5.35414983460214e-07,25.02079963684082,0.25,7511.0,2.523026024275386e+18,3763411.0,321.22434172,23.09240594,0.0155223002657294,0.0149806998670101,56122.6221119,21.3700008392334,0.0362560003995895,21.74040031433105,0.0061010001227259,21.697799682617188,0.067112997174263,35651585.0,0.0,196608.0,18.0,2946.580078125,4414.43017578125,0.0620888993144035,0.0599226988852024,1.0180200338363647,1.0112700462341309,-8.617230415344238,0.7142300009727478,-0.0074123600497841,0.9995489716529846,0.9995489716529846,1.3257800340652466,0.1688629984855651,0.0027423601131886,0.1482599973678589,0.8422250151634216,0.5503060221672058,1.0279900379828176e-05,3.7270800135047466e-07,7.30873989596148e-06,4.459040070514676e-08,0.8839020133018494,2.7500100135803223,7.600890057801735e-06,5.101219926473277e-07,2.105560064315796,1485.0,-2.677730083465576,-2.353730010895561e-08,6.898599735905009e-07,24.983699798583984,0.2500010132789612,7511.0,2.523026132186439e+18,3763813.0,321.2243613,23.09240023,0.0225237999111413,0.0218423996120691,56227.6522768,21.08169937133789,0.0536549985408782,21.232500076293945,0.006087000016123,21.30769920349121,0.0852489992976188,35651585.0,0.0,196608.0,18.0,2946.320068359375,4414.35986328125,0.0900951027870178,0.0873693972826004,1.0457899570465088,1.0057300329208374,79.3240966796875,0.2912150025367737,-0.2244219928979873,0.9979000091552734,0.9979000091552734,1.20878005027771,0.1341779977083206,0.004579110071063,0.115787997841835,0.7112669944763184,0.5419560074806213,1.340670041827252e-05,7.193399937932554e-07,1.1667800208670087e-05,7.102340049414124e-08,0.8606160283088684,2.25,1.0887099961109923e-05,9.281159805141216e-07,1.7781699895858765,900.0,-1.2148499488830566,-4.4080998407025624e-08,1.3890299896957004e-06,25.0492000579834,0.25,7511.0,2.523032349688471e+18,3786975.0,321.22435552,23.09243021,0.0466337017714977,0.043309099972248,55826.2097584,20.573400497436523,0.1200719997286796,20.563100814819336,0.0047059999778866,20.808500289916992,0.1969570070505142,35651585.0,0.0,196608.0,12.0,2946.39990234375,4414.7900390625,0.1865350008010864,0.17323599755764,0.9226700067520142,0.8752179741859436,-0.152891993522644,1.3447999954223633,-0.3452169895172119,0.9966390132904052,0.9966390132904052,1.1938300132751465,0.1063179969787597,-0.0231647007167339,0.1094010025262832,0.8134999871253967,0.727524995803833,2.141130062227603e-05,2.570890046627028e-06,2.161590055038687e-05,1.0171800113312204e-07,0.872169017791748,2.5,1.724190042295959e-05,3.3959199754463043e-06,2.033750057220459,840.0,-0.9439070224761964,5.9358498560868624e-08,3.927879788534483e-06,25.03840065002441,0.25,0.0025120693517835,,,,,,0.5079002380371058,1.510599136352539,0.0673999786376988,,0.6693992614746094,0.0165971871013729,0.0094311751039983,0.0086182232329977,0.007694023978917,0.0939998626708984,-0.092498779296875,0.0426006317138636,-0.0751991271972656,-0.2453994750976562,77.34048123752389,,4.4200982643556745,9.009940389412243,"NaN
NaN",321.2270273915493,23.092744323943663,,"ZTF18adklxas
ZTF18adklxas",21.0,,,,,,,,,,,,,,,,,,,0.0,False
PSO J142923.742+103859.464,,,,120782173488870282,921644000049580,105299713245615,0,14917025550419,12078,1,1555,67,0.704357498981392,921644,24517,3,436527232,52,217.34892842,10.64985122,0.0010000000474974,0.0010000000474974,217.34890543,10.64986943,0.006169999949634,0.0057500000111758,55783.68013889,1.0613000392913818,-0.7812627223252575,-0.5962172425362431,0.1848068137472374,211.21916103426287,23.99886434057364,2.0812406071171607,61.67140972440683,,5,70,11,17,20,15,7,1165821000006911,1,1,6062,2523034651254069166,3795549,217.34892988,10.64985792,0.0058407997712492,0.0058654998429119,55840.6462447,19.72470092773437,0.009902000427246,19.76569938659668,0.0031099999323487,19.873300552368164,0.0141780003905296,262144069,524416,196608,10,3963.090087890625,3856.89990234375,0.0233632996678352,0.0234620999544858,1.2315499782562256,1.1584199666976929,44.69570159912109,0.1008040010929107,-0.7618749737739563,0.9981759786605836,0.9981759786605836,1.0630799531936646,0.1722660064697265,0.0047113802284002,0.1716060042381286,0.9105849862098694,0.797996997833252,4.6784498408669606e-05,4.632740058241325e-07,4.5052900532027707e-05,1.4009900439759806e-07,0.8917940258979797,2.7499899864196777,4.080279904883355e-05,5.785120151813317e-07,2.2764599323272705,896.0,-0.3030200004577636,-1.0872000189010578e-08,5.406179752753815e-07,24.99620056152344,0.2499990016222,6062,2523061900942514094,3897062,217.3489272,10.64985412,0.0046604499220848,0.0050138398073613,55948.2985132,20.00629997253418,0.0089370002970099,19.97470092773437,0.0035220000427216,20.089000701904297,0.0139490002766251,262144069,524416,196608,15,3963.1201171875,3856.830078125,0.0186417996883392,0.0200552996248006,1.1538599729537964,1.0743299722671509,81.47699737548828,-0.0071381898596882,0.4933620095252991,0.9975849986076356,0.9975849986076356,1.1959199905395508,0.1384579986333847,0.001380670000799,0.1491979956626892,0.9336060285568236,0.7796689867973328,3.6096600524615496e-05,3.2260498983305297e-07,3.716300125233829e-05,1.3087000638734025e-07,0.8849009871482849,2.5,3.344979995745234e-05,4.665760116040474e-07,2.334019899368286,832.0,0.6849719882011414,7.405930091408662e-09,5.093299932923401e-07,25.03030014038086,0.25,6062.0,2.523052506775296e+18,3862066.0,217.34892919,10.64985122,0.0051676398143172,0.0050139799714088,56063.3391365,20.01020050048828,0.0098580000922083,19.99220085144043,0.0028079999610781,20.13190078735352,0.0155039997771382,262144069.0,524416.0,196608.0,21.0,3963.110107421875,3856.7900390625,0.0206706002354621,0.0200558993965387,1.0358200073242188,0.9908919930458068,14.57900047302246,0.1771979928016662,0.8733429908752441,0.9971460103988647,0.9971460103988647,1.256500005722046,0.1274529993534088,0.0018485500477254,0.1239029988646507,0.8282650113105774,0.746159017086029,3.5968998417956755e-05,3.545999902598851e-07,3.656979970401153e-05,1.0270599659634173e-07,0.8645449876785278,2.25,3.215579999960028e-05,4.985309942640015e-07,2.07066011428833,1388.0,0.159412994980812,2.2194699411670622e-09,6.184760081850982e-07,25.005800247192383,0.25,6062.0,2.5230278316513096e+18,3770144.0,217.34892842,10.64984664,0.0079474002122879,0.0080274501815438,55975.5470389,19.890300750732425,0.0156119996681809,19.92289924621582,0.0038920000661164,20.07410049438477,0.0258959997445344,262144069.0,524416.0,196608.0,16.0,3963.1201171875,3856.739990234375,0.0317897014319896,0.0321098007261753,0.9375010132789612,0.9175080060958862,69.73480224609375,0.5841670036315918,-0.3384250104427337,0.9970939755439758,0.9970939755439758,1.1280200481414795,0.1227020025253295,0.0033877401147037,0.1145490035414695,0.8000630140304565,0.7118030190467834,4.016640014015138e-05,6.270760195548064e-07,3.898160139215179e-05,1.517349943469526e-07,0.8785349726676941,2.5,3.391120117157698e-05,8.781530027590634e-07,2.000159978866577,660.0,-0.95728200674057,2.2236999797087265e-08,1.1830300081783207e-06,25.0275993347168,0.25,6062.0,2.523043915230092e+18,3830060.0,217.34892506,10.6498055,0.0207541994750499,0.0195835996419191,55920.0253194,20.0009994506836,0.0498879998922348,20.19879913330078,0.003967999946326,20.222299575805664,0.0931060016155242,195035141.0,524288.0,196608.0,13.0,3963.139892578125,3856.139892578125,0.083016499876976,0.0783341005444526,0.9569309949874878,0.906723976135254,89.9552001953125,0.7987639904022217,-0.41941899061203,0.9965860247612,0.9965860247612,1.5080300569534302,0.131628006696701,0.0047061499208211,0.1231229975819587,0.890513002872467,0.5962409973144531,3.627359910751693e-05,1.8096200165018672e-06,3.0234199584810995e-05,1.1996000637282125e-07,0.8880850076675415,2.5,2.958510049211327e-05,2.754539991656202e-06,2.2262799739837646,840.0,-0.8074300289154053,8.20929031419837e-08,3.4677900657698046e-06,25.05240058898925,0.25,2.844261661194815e-05,SDSS J142923.74+103859.4,*,379238.0,1.265,,0.0693016052246093,-0.2090015411376917,-0.0174999237060582,,-0.2758998870849609,0.0046985725364348,0.004504369887381,0.004799221634397,0.0055581191142951,-0.1076011657714843,-0.1142997741699254,-0.1396999359130895,-0.1512012481689488,-0.0235004425048828,21.21688556971284,,0.0616952233601116,0.1432716630183823,"NaN
NaN",217.3488885798185,10.649833241269842,,"ZTF19aaaplhk
ZTF19aaaplhk",7.0,,,,,,,,,,,,,,,,,,PUN,0.0,
PSO J173532.947+510322.902,,,,169262638872788319,967938000017024,283897338282624,0,14722242097671,16926,1,2333,75,0.257966191748126,967938,66100,3,436527232,52,263.88728308,51.05636186,0.0010000000474974,0.0010000000474974,263.88730696,51.05637403,0.0144600002095103,0.032150000333786,56303.41666667,0.8616999983787537,-0.0669313176095612,-0.6249817146304582,0.7777647813449904,255.7753586936073,74.19383365812499,78.15330686014474,32.44680130407936,,5,43,9,13,14,6,1,1140420000006006,1,1,1910,2523000335002240886,3667711,263.88729808,51.05635696,0.0226499997079372,0.0242145005613565,56139.2087445,21.247699737548828,0.033305998891592,21.205400466918945,0.006180000025779,21.29780006408692,0.0513040013611316,262144005,524416,196608,10,1261.25,3823.570068359375,0.0905997976660728,0.0968580022454261,1.3837499618530271,1.3024699687957764,83.48500061035156,0.1882819980382919,-0.6972039937973022,0.999638020992279,0.999638020992279,1.2879799604415894,0.2001589983701706,0.0066519398242235,0.2338989973068237,1.0741699934005735,0.8832640051841736,1.1505399925226811e-05,3.831949868526864e-07,1.1963100405409932e-05,7.393680334644159e-08,0.8952469825744629,3.0,1.098649954656139e-05,5.63657010843599e-07,2.685420036315918,860.0,-0.3890970051288605,1.2902500401423822e-08,5.181839810575184e-07,24.98189926147461,0.25,1910,2523000627328452470,3668800,263.88728308,51.05636834,0.016882199794054,0.0160862002521753,55975.2345585,21.51749992370605,0.0378549993038177,21.414400100708008,0.0069969999603927,21.490800857543945,0.052726998925209,262160391,524416,196608,13,1261.4000244140625,3823.7099609375,0.0675287991762161,0.0643445029854774,1.040249943733215,1.0260800123214722,56.751800537109375,0.366441011428833,0.002433419926092,0.9975690245628356,0.9975690245628356,1.2856899499893188,0.1738460063934326,0.0001339029986411,0.1730819940567016,0.8675490021705627,0.7263280153274536,8.97467998584034e-06,3.397319972009427e-07,9.868120287137572e-06,6.904380001060417e-08,0.8689860105514526,2.5,9.197869985655416e-06,4.849799779549357e-07,2.168869972229004,800.0,3.031500101089477,1.2591700127018156e-08,5.498540076587233e-07,25.02569961547852,0.25,1910.0,2.523000871873153e+18,3669711.0,263.88730861,51.05636186,0.0163346007466316,0.0160013008862733,56142.0543076,21.20219993591309,0.0296880006790161,21.014799118041992,0.0040790000930428,21.10379981994629,0.0451220013201236,262144005.0,524416.0,196608.0,20.0,1261.1600341796875,3823.6201171875,0.0653384998440742,0.0640052035450935,1.0064899921417236,0.9744560122489928,22.66010093688965,0.5306280255317688,0.0087147699669003,0.9968460202217102,0.9968460202217102,1.1234899759292605,0.16041100025177,0.0075104301795363,0.1591639965772628,0.9710270166397096,0.7506899833679199,1.1998299669357948e-05,3.562030030934693e-07,1.425929985998664e-05,5.8164999927612384e-08,0.872169017791748,2.5,1.3136100278643426e-05,5.927299753238913e-07,2.427570104598999,1650.0,2.6230499744415283,1.647529934700742e-08,6.403359975593048e-07,25.01490020751953,0.25,1910.0,2.52303078336758e+18,3781140.0,263.88726989,51.05638652,0.0248253997415304,0.023742800578475,56032.8245138,20.69370079040528,0.0517489984631538,20.478500366210938,0.0046109999530017,20.609600067138672,0.076503999531269,262160391.0,655360.0,196608.0,15.0,1261.52001953125,3823.969970703125,0.0993015021085739,0.0949712991714477,1.1364799737930298,1.113420009613037,-32.94929885864258,0.4446949958801269,0.0024493699893355,0.9982770085334778,0.9982770085334778,1.282719969749451,0.2031800001859665,-0.002396069932729,0.2284699976444244,0.9960010051727296,0.8104429841041565,1.916559995152056e-05,9.917989700625185e-07,2.33666996791726e-05,1.0773499781180362e-07,0.8891630172729492,2.75,2.0709599994006567e-05,1.584370011187275e-06,2.490000009536743,780.0,3.0295300483703613,2.9055799544153164e-08,1.650629997129727e-06,25.019899368286133,0.25,1910.0,2.523000090189105e+18,3666799.0,263.88723962,51.05634906,0.0485600009560585,0.0460107997059822,55984.8411473,20.658700942993164,0.1176170036196708,20.761999130249023,0.0050470000132918,20.97170066833496,0.2180619984865188,195035141.0,655360.0,196608.0,8.0,1261.800048828125,3823.429931640625,0.194240003824234,0.1840430051088333,1.0235099792480469,0.9746389985084534,-20.270000457763672,0.7150689959526062,-0.7112799882888794,0.996964991092682,0.996964991092682,1.1809699535369873,0.111294999718666,0.0060908398590981,0.1448719948530197,0.8547940254211426,0.8061119914054871,1.9792700186371803e-05,2.3279499146156013e-06,1.7997799659497105e-05,9.082919660841072e-08,0.8689860105514526,2.5,1.4835400179435965e-05,3.235049916838761e-06,2.1369900703430176,870.0,-0.3701370060443878,6.739190183679966e-08,3.4517800031608203e-06,25.048900604248047,0.25,4.000539177487673e-05,WISEA J173532.83+510322.9,IrS,,,,0.5362987518310547,-0.2089996337890625,0.3996009826660156,,-0.2834987640380859,0.0093354383273825,0.0080991512027359,0.0061562620416633,0.0068361926319223,-0.0923995971679723,-0.0764007568359375,-0.0890007019042968,-0.1310997009277343,-0.2097015380859375,94.80460373394644,,0.0546189867122599,0.1182954589962333,"NaN
NaN",263.88735026567167,51.05635562238806,,"ZTF23aaifqvh
ZTF23aaifqvh",4.0,,,,,,,,,,,,,,,,,,,0.0,False
PSO J184325.186+780453.045,,,,201692808551688333,1021330000020300,357654811660107,0,13495369683919,20169,1,2614,51,0.743475700489688,1021330,83273,3,436527232,52,280.85494422,78.08140143,0.0010000000474974,0.0010000000474974,280.85499811,78.08137708,0.0386699996888637,0.0355699993669986,56743.76712963,2.3929998874664307,0.0388931162203024,-0.2028269042263493,0.9784419106071804,79.1598664086197,78.06499204738894,109.54902238056698,26.909504362046704,,5,39,0,8,19,11,1,1174309000001331,1,1,7482,2523040415368617274,3817022,280.85492524,78.08141718,0.0878003984689712,0.0754963979125022,55900.8725284,22.624399185180664,0.1397549957036972,22.80109977722168,0.0119000002741813,22.648799896240234,0.1889329999685287,195035141,655360,196608,7,4628.990234375,2509.3701171875,0.3512029945850372,0.3019869923591614,1.477910041809082,1.316249966621399,-82.05590057373047,0.1654099971055984,0.5795940160751343,0.998188018798828,0.998188018798828,1.3690299987792969,0.2062149941921234,-0.04945819824934,0.285631000995636,0.9505969882011414,0.8276730179786682,3.2378200103266863e-06,4.525010126599227e-07,2.7514099656400504e-06,3.2741098721089656e-08,0.9003080129623413,3.2499899864196777,3.165750058542472e-06,5.981160029477905e-07,2.3764901161193848,989.0,0.5539780259132385,-5.7529701003034014e-09,6.346729719552968e-07,24.98870086669922,0.2499990016222,7482,2523065730174295354,3911327,280.85490372,78.08140142,0.0254896990954875,0.0222324002534151,56370.654384,21.01099967956543,0.0497089996933937,20.72480010986328,0.0043080002069473,20.788799285888672,0.0698779970407486,262160391,524288,196608,9,4629.0400390625,2509.10009765625,0.1019589975476265,0.088929496705532,1.133970022201538,1.0556000471115112,52.238800048828125,0.4302999973297119,9.328239684691653e-05,0.9977350234985352,0.9977350234985352,1.2796000242233276,0.1900729984045028,0.0032051999587565,0.2226420044898986,1.049960017204285,0.8401839733123779,1.4309200196294114e-05,7.112960247468436e-07,1.862520002759993e-05,8.023499731280026e-08,0.8970549702644348,2.7500100135803223,1.7558300896780565e-05,1.2269499620742863e-06,2.6249001026153564,1120.0,3.9074299335479736,2.7251600087652163e-08,8.35151013234281e-07,25.007299423217773,0.2500010132789612,7482.0,2.523007361568743e+18,3693887.0,280.85494422,78.08139425,0.0129854995757341,0.0122389001771807,56409.0993801,20.6067008972168,0.0254030004143714,20.39349937438965,0.0024610001128166,20.542499542236328,0.0342009998857975,262160391.0,524416.0,196608.0,24.0,4628.91015625,2508.989990234375,0.0519423000514507,0.0489558987319469,1.2398600578308103,1.2050700187683103,42.47980117797852,0.3618910014629364,0.0001603449927642,0.9986429810523988,0.9986429810523988,1.3676999807357788,0.2116969972848892,-0.0089260702952742,0.2307199984788894,0.9391300082206726,0.8113080263137817,2.0764000510098413e-05,5.274690124679182e-07,2.526950083847624e-05,6.218679970970697e-08,0.8974570035934448,2.9999899864196777,2.202830000896938e-05,7.533969892392633e-07,2.3478200435638428,2490.0,3.774480104446411,-2.1707899477974024e-08,6.962089855733211e-07,25.016000747680664,0.2499990016222,7482.0,2.523032048772325e+18,3785854.0,280.85497862,78.08139798,0.0199033003300428,0.0191572997719049,56189.4170857,20.482500076293945,0.0427919998764991,20.041099548339844,0.0034439999144524,20.097299575805664,0.0483920015394687,262160391.0,524416.0,196608.0,17.0,4628.81982421875,2509.070068359375,0.0796134024858474,0.0766291990876197,1.1358799934387207,1.088670015335083,-16.428199768066406,0.4439580142498016,6.705030280995672e-11,0.9977819919586182,0.9977819919586182,1.253659963607788,0.19582299888134,-0.010292200371623,0.2571200132369995,1.04298996925354,0.8342210054397583,2.328069967916236e-05,9.962250260286964e-07,3.496020144666545e-05,1.203869999244489e-07,0.8944240212440491,2.75,3.3195599826285616e-05,1.6063900147855747e-06,2.607480049133301,930.0,6.5271100997924805,-9.26088006281134e-09,1.5352300124504836e-06,25.02470016479492,0.25,7482.0,2.523007339825471e+18,3693806.0,280.85526015,78.08142416,0.0460930988192558,0.0435665994882583,56066.4453796,20.375200271606445,0.1049060001969337,19.766599655151367,0.0028689999599009,19.908100128173828,0.1038789972662925,262160391.0,655360.0,196608.0,22.0,4628.009765625,2509.530029296875,0.184371992945671,0.1742659956216812,1.105730056762695,1.0557600259780884,-15.57260036468506,0.8918480277061462,1.1438699942800669e-07,0.9974660277366638,0.9974660277366638,1.1533900499343872,0.2299430072307586,0.0346328988671302,0.2707099914550781,1.0322099924087524,0.7846300005912781,2.5700399419292808e-05,2.69612996817159e-06,4.501569856074639e-05,1.291430038463659e-07,0.8917940258979797,2.75,3.951389953726903e-05,4.104650088265771e-06,2.580519914627075,1060.0,5.302239894866943,1.0325800303689905e-07,4.404139872349333e-06,25.043100357055664,0.25,1.1794780803649264e-05,WISEA J184325.12+780453.1,IrS,,,,0.3523998260498047,2.0762996673583984,0.3313007354736328,,0.2744998931884765,0.0126557841443575,0.004961389657983,0.0042329253437819,0.0044824431040069,0.1522998809814453,-0.0639991760253906,-0.1490001678466797,-0.0562000274658203,-0.1415004730224609,85.61979238248821,,0.0241502635995274,0.059557953355821,"NaN
NaN",280.8549375319115,78.0813879050553,,"ZTF19abcrtcl
ZTF19abcrtcl",4.0,,,,,,,,,,,,,,,,,,,0.0,False
PSO J214307.148+300357.866,,,,144073257797759834,1061394000010582,229471512701269,0,14242031928071,14407,1,2001,50,0.112464192428127,1061394,53428,3,436527104,52,325.77978489,30.06607391,0.0010000000474974,0.0010000000474974,325.77976398,30.06606442,0.006519999820739,0.0106899999082088,56040.52342593,0.6565999984741211,0.7156236300655121,-0.4867068859862256,0.5009982307607984,340.93916618399163,40.78767654754149,81.36323107799164,-17.22172077204564,,10,25,1,4,12,7,1,1205583000002051,1,1,3554,2523042758004837858,3825749,325.7798079,30.06611428,0.0378968007862567,0.0367997996509075,55921.6832668,21.86479949951172,0.0723130032420158,22.53730010986328,0.0119080003350973,,,35651585,0,196608,5,1340.9000244140625,1465.97998046875,0.1515869945287704,0.1471990048885345,1.183079957962036,1.169950008392334,72.73269653320312,0.3013649880886078,-0.0001954339968506,0.9987779855728148,0.9987779855728148,1.313670039176941,0.1293099969625473,-0.0648152977228164,0.1705809980630874,,0.7335749864578247,6.5172598624485545e-06,4.712800034667453e-07,3.5082700833299896e-06,4.177699963747728e-08,0.8974570035934448,3.0,,,,774.0,-3.7248499393463135,-1.90331999050386e-08,5.147419983586587e-07,24.99920082092285,0.25,3554,2523045998289227234,3837820,325.77977916,30.06606774,0.0137181002646684,0.0129116997122764,55942.8419399,20.79949951171875,0.0278190001845359,20.680299758911133,0.0046259998343884,20.7814998626709,0.038867000490427,35667969,128,196608,10,1341.260009765625,1465.300048828125,0.0548721998929977,0.0516466982662677,1.155619978904724,1.1269700527191162,87.06410217285156,0.3937749862670898,4.4649700603471836e-11,0.9984139800071716,0.9984139800071716,1.7823100090026855,0.2111690044403076,-0.0083444695919752,0.2113279998302459,0.9248170256614684,0.7687399983406067,1.7386699255439453e-05,4.836859943679883e-07,1.940279980772175e-05,8.97594034654503e-08,0.8865320086479187,2.75,1.7677299183560535e-05,6.870660058666545e-07,2.312040090560913,920.0,6.587759971618652,-1.6923500822940696e-08,5.666980200658145e-07,25.035499572753903,0.25,3554.0,2.5230499190574976e+18,3852426.0,325.77978371,30.06606722,0.0044123698025941,0.0042154300026595,55994.8873718,19.99690055847168,0.0111349998041987,19.919300079345703,0.0031900000758469,,,102776839.0,128.0,196608.0,12.0,1341.1800537109375,1465.2900390625,0.0176496002823114,0.0168618001043796,0.9373509883880616,0.9127190113067628,64.98049926757812,0.1763979941606521,1.9617900761659257e-06,0.9980559945106506,0.9980559945106506,15.277199745178224,0.1157499998807907,0.002085390035063,0.1176799982786178,,0.7693570256233215,3.641029979917221e-05,4.054330133840267e-07,3.910930172423832e-05,1.24760006769975e-07,0.8684750199317932,2.2499899864196777,,,,990.0,4.757319927215576,-5.3158800028541016e-08,7.178859959822148e-07,25.02109909057617,0.2499990016222,3554.0,2.52305492430501e+18,3871072.0,325.77977457,30.06607415,0.0090856198221445,0.0088896695524454,55813.7583591,19.62220001220703,0.0165129993110895,19.762699127197266,0.0034419998992234,19.887500762939453,0.0275660008192062,102760453.0,128.0,196608.0,14.0,1341.3299560546875,1465.4000244140625,0.0363424010574817,0.0355585999786853,0.9829509854316713,0.9542440176010132,-24.45870018005371,0.4695959985256195,0.115394003689289,0.9973580241203308,0.9973580241203308,1.812209963798523,0.1389829963445663,-0.0017290599644184,0.1384429931640625,0.7422590255737305,0.7387340068817139,5.141630026628263e-05,8.490389973303536e-07,4.517710112850182e-05,1.555080046955482e-07,0.8689860105514526,2.5,4.027150134788826e-05,1.1101000154667418e-06,1.8556499481201167,720.0,1.5744099617004397,-2.1399099381369524e-08,1.8491100490791723e-06,25.038000106811523,0.25,3554.0,2.523060141079662e+18,3890506.0,325.77977819,30.06606025,0.0170306991785764,0.0128987999632954,55952.9154212,19.339099884033203,0.0423270016908645,19.3356990814209,0.0029239999130368,19.577600479125977,0.0672470033168792,35667969.0,128.0,196608.0,10.0,1341.280029296875,1465.1700439453125,0.0681224018335342,0.0515949986875057,0.9410390257835388,0.8046510219573975,-45.1348991394043,1.2423100471496582,6.083160286607382e-08,0.9966580271720886,0.9966580271720886,1.524469971656799,0.1586669981479644,-0.022138899192214,0.1599500030279159,0.792917013168335,0.8121579885482788,6.673589814454317e-05,2.824740022333572e-06,6.694530020467937e-05,1.957519941697683e-07,0.8817179799079895,2.5000100135803223,5.357400004868396e-05,3.6027099667990115e-06,1.9822900295257568,690.0,5.416339874267578,-3.2345301548275536e-08,5.156000042916276e-06,25.06430053710937,0.2500010132789612,0.0016143684238036,,,,,,0.1566009521484375,1.8570003509521484,0.7609996795654297,,0.4270000457763672,0.0127749890977816,0.0056192503905471,0.0046929163416959,0.0045163191647284,,-0.1012001037597656,,-0.1248016357421875,-0.2419013977050781,57.23632169900469,,2.4826433327483435,5.735408986978298,"NaN
NaN",325.78063833791947,30.06746641275168,,"ZTF19aatvndy
ZTF19aatvndy",14.0,,,,,,,,,,,,,,,,,,,0.0,
