name,peak_phase,peak_mag,yse_pz,yse_field,ra,dec,tns_name,tns_redshift,tns_class,host_redshift,host_prob,host_sep_arcsec,best_host_catalog,host_absmag,best_redshift,host_name,high_host_confidence,peak_abs_mag,posted_before
2025nrd,0.2579010291301529,19.32,<https://ziggy.ucolick.org/yse/transient_detail/2025nrd|*YSE-PZ*>,423.E,228.1670458333333,-4.770297222222222,2025nrd,,---,0.302194,0.9976398303599536,0.6293910752893717,decals,-19.233587006379054,0.302194,9906619685012556.0,True,-21.43400471592741,False
15FYSEdds,4.279901029134635,20.026,<https://ziggy.ucolick.org/yse/transient_detail/15FYSEdds|*YSE-PZ*>,719.A,224.8358256970328,39.30840669427193,,,---,0.46473,0.9944244458344134,0.1808183140893862,decals,-20.66446294327184,0.46473,9907734690005924.0,True,-21.695610835023448,False
2025nre,4.375901029132365,19.42,<https://ziggy.ucolick.org/yse/transient_detail/2025nre|*YSE-PZ*>,477.C,213.5145708333333,45.9648,2025nre,,---,0.068066,0.9995586713449816,1.9530781777651969,decals,-18.170621616706867,0.068066,9907736566499102.0,True,-18.011055814065223,False
2025odz,5.307901029133063,19.913,<https://ziggy.ucolick.org/yse/transient_detail/2025odz|*YSE-PZ*>,719.A,215.71911341877703,48.92758990352253,2025odz,,---,,,,,,,,False,,False
15FYSEdcx,5.364901029133762,20.281,<https://ziggy.ucolick.org/yse/transient_detail/15FYSEdcx|*YSE-PZ*>,719.A,214.1371251248169,14.03252875907891,,,---,0.615083,0.9999999999999828,0.4297539325399934,decals,-20.502886798628875,0.615083,9906626710015000.0,True,-22.06618432481197,False
15CYSEbow,5.37190102913155,20.167,<https://ziggy.ucolick.org/yse/transient_detail/15CYSEbow|*YSE-PZ*>,423.B,191.6007145095134,31.50510201243555,,,---,0.180717,0.8931752290161545,12.483960420498864,decals,-21.17492258937346,0.180717,9906632782384680.0,True,-19.432633555572828,False
2025onh,5.377901029132772,20.07,<https://ziggy.ucolick.org/yse/transient_detail/2025onh|*YSE-PZ*>,749.F,229.151047399261,51.28950167500941,2025onh,,---,0.195002,0.9999999999999948,0.1307406297571501,decals,-19.202654708813085,0.195002,9907737882592816.0,True,-19.69999141241608,False
2025nlg,6.329901029130269,20.032,<https://ziggy.ucolick.org/yse/transient_detail/2025nlg|*YSE-PZ*>,719.A,214.48122981133844,51.98222580504152,2025nlg,,---,0.249184,0.9999999999999852,0.464816472561359,decals,-18.43715709656636,0.249184,9907738056459188.0,True,-20.28821512095173,False
2025qcq,0.2496248208553879,20.62,<https://ziggy.ucolick.org/yse/transient_detail/2025qcq|*YSE-PZ*>,719.D,245.7454848888732,42.81484760659789,2025qcq,,---,0.195896,0.999340245341613,2.6928565281153176,decals,-21.90479290714829,0.195896,9907735693429180.0,True,-19.160240102661863,False
2025qau,1.2436248208541656,19.709,<https://ziggy.ucolick.org/yse/transient_detail/2025qau|*YSE-PZ*>,719.A,225.67948138285976,39.17432955280682,2025qau,,---,0.094351,0.9996184358631452,3.1912213916013,decals,-19.416613305798943,0.094351,9907734690139228.0,True,-18.44367183225482,False
2025pim,8.182624820852652,20.388,<https://ziggy.ucolick.org/yse/transient_detail/2025pim|*YSE-PZ*>,719.D,222.8054847297231,41.383597788977454,2025pim,,---,0.1140040634206612,0.9999999999998834,9.42164246365003,glade,-20.609998196782843,0.1140040634206612,2180287.0,True,-18.184382000996,False
15FYSEdjz,8.938624820853875,19.251,<https://ziggy.ucolick.org/yse/transient_detail/15FYSEdjz|*YSE-PZ*>,423.B,332.9674832048421,0.1104473043841518,,,---,0.033367138240179,0.9999999999999638,12.532436159231418,glade,-21.30000319823952,0.033367138240179,68258.0,True,-16.614141288068424,False
15GYSEdmk,9.169624820853642,17.156000000000002,<https://ziggy.ucolick.org/yse/transient_detail/15GYSEdmk|*YSE-PZ*>,477.C,264.1656268626564,2.548025462722499,,,---,,,,,,,,False,,False
15FYSEdkk,10.206624820857542,20.701,<https://ziggy.ucolick.org/yse/transient_detail/15FYSEdkk|*YSE-PZ*>,719.A,215.9375938807808,27.913736350899512,,,---,0.195103,0.999999999999989,0.2505044960702852,decals,-19.98477405609505,0.195103,9906631639172060.0,True,-19.07015157991557,False
2025pcx,10.245624820854571,20.944000000000003,<https://ziggy.ucolick.org/yse/transient_detail/2025pcx|*YSE-PZ*>,674.A,240.3962620432192,32.788580513240866,2025pcx,,---,0.118017,0.9999999999999656,2.4119401739890733,decals,-19.504150532839287,0.118017,9907732705315600.0,True,-17.70525436337303,False
2025ouu,10.257624820857018,19.592,<https://ziggy.ucolick.org/yse/transient_detail/2025ouu|*YSE-PZ*>,423.A,189.24083438312343,27.906181565112337,2025ouu,,---,0.12149,0.9999999999999928,0.1932918550884733,decals,-20.04807688751045,0.12149,9906631632949022.0,True,-19.12173516997662,False
2025pdb,10.26362482085824,20.565,<https://ziggy.ucolick.org/yse/transient_detail/2025pdb|*YSE-PZ*>,674.D,191.4304675117156,33.39164735715811,2025pdb,,---,0.153777,0.9999999999999788,1.4395217478009972,decals,-20.6606275471495,0.153777,9907732932068188.0,True,-18.673813785401222,False
2025qhz,1.324394323521119,19.081,<https://ziggy.ucolick.org/yse/transient_detail/2025qhz|*YSE-PZ*>,423.B,224.2581340586036,-0.7467421032644985,2025qhz,,---,,,,,,,,False,,False
2025nzp,14.322394323520712,19.3,<https://ziggy.ucolick.org/yse/transient_detail/2025nzp|*YSE-PZ*>,527.C,227.30439500060427,8.80913537873825,2025nzp,,---,0.0931058961432708,0.999999999999918,9.774449709794808,glade,-21.29000244947112,0.0931058961432708,1354116,True,-18.82325004337805,False
2025orz,16.036394323520653,19.575,<https://ziggy.ucolick.org/yse/transient_detail/2025orz|*YSE-PZ*>,477.C,334.2249208333333,1.8177944444444445,2025orz,,---,0.088295,0.4408753918666667,4.567695060065567,decals,-22.03244271152844,,9906622165426164,False,,False
2025olj,16.31639432351949,20.122,<https://ziggy.ucolick.org/yse/transient_detail/2025olj|*YSE-PZ*>,477.C,212.5965034084848,2.783837202553673,2025olj,,---,0.1179750264401391,0.999935086140034,1.8276277368308984,glade,-20.56000050577145,0.1179750264401391,3122194,True,-18.52646370392757,False
2025mbd,23.21239432352013,16.994,<https://ziggy.ucolick.org/yse/transient_detail/2025mbd|*YSE-PZ*>,674.D,256.86729166666663,34.567794444444445,2025mbd,0.027,SN IIn,,,,,,0.027,,False,-18.407919167326497,False
2025mii,30.047394323519256,19.14,<https://ziggy.ucolick.org/yse/transient_detail/2025mii|*YSE-PZ*>,423.B,339.6744531644647,0.2167701522988044,2025mii,,---,0.200085,0.9279887615920936,0.1856526911728518,decals,-21.40615825803868,0.200085,9906621600634579,True,-20.68765619899186,False
15EYSEcri,32.00739432351838,20.578,<https://ziggy.ucolick.org/yse/transient_detail/15EYSEcri|*YSE-PZ*>,527.F,346.2587176754828,13.648235634463171,,,---,0.214345,0.9997436985643786,0.2839491610706806,decals,-21.650743539350344,0.214345,9906626652015977,True,-19.4040339863977,False
2025qhx,2.2522713076032232,19.819,<https://ziggy.ucolick.org/yse/transient_detail/2025qhx|*YSE-PZ*>,719.A,217.44347767816927,23.24715982977821,2025qhx,,---,0.124843,0.999734286162909,0.2861591939599075,decals,-21.50277916623145,0.124843,9906630020698678,True,-18.955289910056383,False
2025onj,7.286271307602874,18.954,<https://ziggy.ucolick.org/yse/transient_detail/2025onj|*YSE-PZ*>,577.D,258.40913384468905,21.522152035337008,2025onj,0.1,SN Iax[02cx-like],0.274926,0.9999999999999876,0.374200140809606,decals,-19.87661957294699,0.1,9906629419009921,True,-19.32752610454653,False
15EYSEcid,7.302271307606134,19.789,<https://ziggy.ucolick.org/yse/transient_detail/15EYSEcid|*YSE-PZ*>,,167.31752029481808,54.80032761316852,,,---,0.155792,0.9999999999998556,2.1316922155328686,decals,-17.77223739920916,0.155792,9907738670860558,True,-19.478877390780315,False
2025osa,14.251271307599382,19.685,<https://ziggy.ucolick.org/yse/transient_detail/2025osa|*YSE-PZ*>,527.F,220.7289185625237,14.230639839571024,2025osa,,---,0.145875,0.9999999999999803,1.595997747303303,decals,-21.92061774068957,0.145875,9906626803336017,True,-19.436103412652955,False
2025phw,15.285271307606308,19.91,<https://ziggy.ucolick.org/yse/transient_detail/2025phw|*YSE-PZ*>,577.D,250.5718204295868,21.80054689355897,2025phw,,---,0.1496233310806448,0.9999999999999856,3.1585364182201463,glade,-20.62000147088716,,SDSSJ164217.10+21480,False,,False
2025rcm,19.210271307601943,17.156000000000002,<https://ziggy.ucolick.org/yse/transient_detail/2025rcm|*YSE-PZ*>,477.C,264.1656313730473,2.548027147654692,2025rcm,,---,,,,,,,,False,,False
15FYSEdcr,19.213271307606192,17.156000000000002,<https://ziggy.ucolick.org/yse/transient_detail/12HYSEdbb|*YSE-PZ*>,477.C,263.908112369371,2.3423284089336227,,,---,,,,,,,,False,,False
2025obw,20.237271307603805,20.092,<https://ziggy.ucolick.org/yse/transient_detail/2025obw|*YSE-PZ*>,749.F,250.2730418880448,52.43859537907941,2025obw,,---,0.058335,0.9999999999999832,1.5202379970031343,decals,-19.39304803743755,0.058335,9907738178162252,True,-16.999196569870637,False
2025ond,28.168271307600666,20.555,<https://ziggy.ucolick.org/yse/transient_detail/2025ond|*YSE-PZ*>,719.A,250.81864021480348,40.044478170728674,2025ond,,---,0.302431,0.9999999999999812,0.4978806298325794,decals,-20.500189865195967,0.302431,9907734913747913,True,-20.200768827249103,False
15GYSEdlx,32.236271307599964,21.021,<https://ziggy.ucolick.org/yse/transient_detail/15GYSEdlx|*YSE-PZ*>,577.D,258.70835335242896,21.74539115980521,,,---,,,,,,,,False,,False
15GYSEdtf,0.2917640488303732,20.086,<https://ziggy.ucolick.org/yse/transient_detail/15GYSEdtf|*YSE-PZ*>,577.B,255.5056733911652,19.73895983921659,,,---,,,,,,,,False,,False
15GYSEdza,5.046764048827754,20.518,<https://ziggy.ucolick.org/yse/transient_detail/15GYSEdza|*YSE-PZ*>,577.B,336.96422662649263,20.097159368860165,,,---,0.223113,0.9999999999999928,0.1763824217030261,decals,-20.96224797301722,0.223113,9906628908352868,True,-19.554000257509603,False
2025rtm,9.10276404882461,19.3,<https://ziggy.ucolick.org/yse/transient_detail/2025rtm|*YSE-PZ*>,575.A,0.6035853735680513,17.046179530637364,2025rtm,,---,0.118089,0.999999999999968,2.146318374130522,decals,-20.46082711568099,0.118089,9906627748824596,True,-19.35060998919912,False
2025rvj,9.33476404882822,19.623,<https://ziggy.ucolick.org/yse/transient_detail/2025rvj|*YSE-PZ*>,527.C,218.84508066571385,9.11536406611459,2025rvj,,---,0.334778,0.9999999999999916,0.1361838808421151,decals,-19.881265371395617,0.334778,9906624860457878,True,-21.361448097324416,False
2025rzg,12.351764048828043,19.483,<https://ziggy.ucolick.org/yse/transient_detail/2025rzg|*YSE-PZ*>,477.C,213.5958876876582,27.149320033412064,2025rzg,,---,0.889716,0.9999999999953616,2.6364580978333514,decals,-20.33717498712371,0.889716,9906631387385869,True,-23.67344997404204,False
2025sgx,0.2575931905812467,18.794,<https://ziggy.ucolick.org/yse/transient_detail/2025sgx|*YSE-PZ*>,674.D,256.8553708867357,34.89230753232621,2025sgx,,---,0.087853,0.9999999999999746,1.732573123138102,decals,-19.246977541049528,0.087853,9907733415266087,True,-19.20070044790841,False
2025iek,1.245593190578802,19.069,<https://ziggy.ucolick.org/yse/transient_detail/2025iek|*YSE-PZ*>,477.C,238.75695178773267,3.948792611166352,2025iek,,---,0.543742,0.9999999999999872,0.1532552739999404,decals,-20.5036349410784,0.543742,9906622989275055,True,-23.00384570264435,False
2025sux,1.2645931905790349,17.811999999999998,<https://ziggy.ucolick.org/yse/transient_detail/2025sux|*YSE-PZ*>,,212.39772984801257,54.7506907514392,2025sux,,---,0.042845,0.999937365658425,0.3589977955449133,decals,-17.23617472199178,0.042845,9907738677739789,True,-18.60107822373813,False
2025tdl,1.272593190580665,19.176,<https://ziggy.ucolick.org/yse/transient_detail/2025tdl|*YSE-PZ*>,674.A,210.4939885807613,31.14002644490601,2025tdl,,---,0.061068,0.9999999999999613,4.594217209892025,decals,-18.88912477469549,0.061068,9906632705903721,True,-18.01599425526026,False
2025rzf,3.275593190577638,18.644,<https://ziggy.ucolick.org/yse/transient_detail/2025rzf|*YSE-PZ*>,477.C,213.58238758126976,24.3136013476413,2025rzf,,---,0.0619915492258168,0.9999999999999852,3.3799195060973783,glade,-20.62999743736137,0.0619915492258168,1704474,True,-18.581050827299027,False
15GYSEdvb,4.947593190576299,20.397,<https://ziggy.ucolick.org/yse/transient_detail/15GYSEdvb|*YSE-PZ*>,,2.46591801249521,-25.348575119924107,,,---,,,,,,,,False,,False
15GYSEdqu,5.048593190578686,19.957,<https://ziggy.ucolick.org/yse/transient_detail/15GYSEdqu|*YSE-PZ*>,423.B,352.38135695047845,-0.1875498801428693,,,---,0.231174,0.9997292633875908,2.792792526045677,decals,-19.886024497291668,0.231174,9906621415232509,True,-20.19468297146724,False
2025slt,5.41459319058049,18.533,<https://ziggy.ucolick.org/yse/transient_detail/2025slt|*YSE-PZ*>,423.B,334.1524050489,-0.8388677865261102,2025slt,,---,0.189886,0.9991825344558276,0.6313737032123022,decals,-19.57610176182388,0.189886,9906621221704646,True,-21.177436594430034,False
2025rck,6.267593190583284,18.274,<https://ziggy.ucolick.org/yse/transient_detail/2025rck|*YSE-PZ*>,674.C,195.17002926691524,29.019119543331083,2025rck,,---,0.0248916166609588,0.9999999999999644,16.640474758820666,glade,-21.05000875039765,0.0248916166609588,IC0842,True,-16.950212838026143,False
15HYSEeiy,0.1932146769904648,20.696,<https://ziggy.ucolick.org/yse/transient_detail/15HYSEeiy|*YSE-PZ*>,575.A,344.94646985852097,17.04763673361785,,,---,0.222884,0.999999999999948,15.506593150063166,decals,-23.077023513530765,0.222884,9906627835201862,True,-19.37369527488753,False
2025ume,2.703214676992502,19.439,<https://ziggy.ucolick.org/yse/transient_detail/2025ume|*YSE-PZ*>,423.B,317.35939999999994,-2.130427777777778,2025ume,,---,0.215491,0.9560689896675104,1.239695040773903,decals,-18.499566748530714,0.215491,9906620651081624,True,-20.554997086068727,False
2025umd,12.18121467698802,20.133,<https://ziggy.ucolick.org/yse/transient_detail/2025umd|*YSE-PZ*>,575.A,336.4225687814844,16.783048045305666,2025umd,,---,0.112,0.9991204339906534,1.8812606225269093,decals,-20.392541429145712,0.112,9906627742731007,True,-18.39998913755824,False
2025qsk,15.082214676993315,19.056,<https://ziggy.ucolick.org/yse/transient_detail/2025qsk|*YSE-PZ*>,365.E,349.36483575857585,-11.688235242791752,2025qsk,,---,0.108436,0.9997683871613714,2.097225791117897,decals,-20.570298281996426,0.108436,9906617099880060,True,-19.40518789711,False
2025vre,1.1556219143749331,20.883,<https://ziggy.ucolick.org/yse/transient_detail/2025vre|*YSE-PZ*>,575.A,4.221671105338097,17.253678123042523,2025vre,,---,0.242967,0.9995334367713508,1.65192629686566,decals,-20.7576705309,0.242967,9906627840049895,True,-19.38044096333432,False
2025wuy,1.1566219143787748,20.582,<https://ziggy.ucolick.org/yse/transient_detail/2025wuy|*YSE-PZ*>,577.D,0.1320461798817902,21.14140974296143,2025wuy,,---,0.272969,0.9999999999999653,0.8663653062797658,decals,-20.5610939905453,0.272969,9906629267819174,True,-19.943181268399027,False
2025vll,1.1586219143791825,18.347,<https://ziggy.ucolick.org/yse/transient_detail/2025vll|*YSE-PZ*>,674.C,6.934353167238191,28.735440636166857,2025vll,,---,0.088413,0.9950909212464752,2.4159418103928334,decals,-20.28290248013578,0.088413,9906631840499046,True,-19.66176048691294,False
2025wav,1.1996219143766211,20.616,<https://ziggy.ucolick.org/yse/transient_detail/2025wav|*YSE-PZ*>,575.A,344.9987633062815,16.005490344394236,2025wav,,---,0.0051587955106533,0.999999999998716,106.40548930575495,glade,-20.03000350863484,,NGC7448,False,,False
2025wgf,4.171621914378193,20.31,<https://ziggy.ucolick.org/yse/transient_detail/2025wgf|*YSE-PZ*>,577.D,352.8319421239147,21.855815558326285,2025wgf,,---,0.109211,0.999728712849041,0.6245022882915114,decals,-20.28925031366085,0.109211,9906629529896411,True,-18.16699686370616,False
2025wsl,1.0127619677077746,19.115,<https://ziggy.ucolick.org/yse/transient_detail/2025wsl|*YSE-PZ*>,423.E,36.9419909414308,-3.8690178056918647,2025wsl,,---,0.07017,0.999999999999972,1.8793650416619103,decals,-20.88481535034684,0.07017,9906620011713559,True,-18.383196169537992,False
2025vkd,3.702761967710103,19.49,<https://ziggy.ucolick.org/yse/transient_detail/2025vkd|*YSE-PZ*>,674.A,257.0865958678303,31.745879919480185,2025vkd,,---,0.1073562938979502,0.9999999999999822,5.130626316924546,glade,-21.389998593674417,0.1073562938979502,SDSSJ170820.58+31444,True,-18.9489769283506,False
2025oxq,9.306761967709464,19.683,<https://ziggy.ucolick.org/yse/transient_detail/2025oxq|*YSE-PZ*>,719.A,215.7279950184828,48.21621887368754,2025oxq,,---,0.075659,0.8373494252532898,2.6240370210949435,decals,-20.51166786215141,0.075659,9907737146427056,True,-17.981414107370792,False
2025vji,10.269761967705564,19.748,<https://ziggy.ucolick.org/yse/transient_detail/2025vji|*YSE-PZ*>,674.D,264.5681765805585,33.66654420121315,2025vji,,---,0.111675,0.999999999999986,1.095776685288682,decals,-17.847657705096697,0.111675,9907733026772320,True,-18.77853547768948,False
2025vyu,10.6747619677044,20.331000000000003,<https://ziggy.ucolick.org/yse/transient_detail/2025vyu|*YSE-PZ*>,575.A,258.75622265734205,17.049646914512092,2025vyu,,---,0.164275,0.9999999999999644,3.54243920220554,decals,-21.67461223865412,0.164275,9906627813575944,True,-19.05530877846129,False
15HYSEeoi,1.386829163042421,17.881,<https://ziggy.ucolick.org/yse/transient_detail/15HYSEeoi|*YSE-PZ*>,719.A,215.2749727740296,48.30812076269788,,,---,0.070292,0.8668126039394679,0.3735030046758261,decals,-22.19913481160918,0.070292,9907737146360855,True,-19.62102808507042,False
2025vev,4.3518291630462045,19.407,<https://ziggy.ucolick.org/yse/transient_detail/2025vev|*YSE-PZ*>,618.A,239.27500698547536,26.02899913939176,2025vev,,---,0.098034,0.9999999999999916,0.5514367160841598,decals,-18.390162399401984,0.098034,9906630970902520,True,-18.83051365699487,False
2025vka,5.364829163045215,19.157,<https://ziggy.ucolick.org/yse/transient_detail/2025vka|*YSE-PZ*>,575.A,252.1159558904611,17.640262936856463,2025vka,,---,0.110743,0.9999999999999736,1.962090809075503,decals,-19.6546384689762,0.110743,9906628082533967,True,-19.35092533955075,False
2025ttq,6.38182916304504,19.49,<https://ziggy.ucolick.org/yse/transient_detail/2025ttq|*YSE-PZ*>,Virgo.B,232.76820228967844,6.915563540933314,2025ttq,,---,0.182659,0.9999999999999756,1.314975815038281,decals,-21.614931571569496,0.182659,9906624115773697,True,-20.133556804178493,False
15GYSEdwk,8.35282916304277,19.803,<https://ziggy.ucolick.org/yse/transient_detail/15GYSEdwk|*YSE-PZ*>,577.D,251.26573284038813,21.30164340666861,,,---,0.796773,0.999999999999993,0.140816407436596,decals,-22.214552879818388,0.796773,9906629329289716,True,-23.113944339822687,False
2025wvo,0.3122923575501772,19.545,<https://ziggy.ucolick.org/yse/transient_detail/2025wvo|*YSE-PZ*>,618.B,358.79749663430187,26.4500197682014,2025wvo,,---,0.177691,0.9999999999999948,0.1366426252349098,decals,-20.940985478769573,0.177691,9906631168560593,True,-20.016847363512053,False
15IYSEewi,0.346292357549828,20.565,<https://ziggy.ucolick.org/yse/transient_detail/15IYSEewi|*YSE-PZ*>,577.B,258.1317045698105,19.71284928013024,,,---,0.476286,0.99999999999963,1.222211725152727,decals,-19.60606370195616,0.476286,9906628799960526,True,-21.211659006456006,False
2025xom,0.3472923575463937,19.655,<https://ziggy.ucolick.org/yse/transient_detail/2025xom|*YSE-PZ*>,577.D,255.39972649552263,21.184420222558405,2025xom,,---,0.179295,0.999999999999917,1.4699700621171825,decals,-18.811228561068354,0.179295,9906629330275268,True,-19.92695501677833,False
2025xck,0.3612923575492459,18.563,<https://ziggy.ucolick.org/yse/transient_detail/2025xck|*YSE-PZ*>,477.C,239.04100202886733,2.3017935508541454,2025xck,,---,0.121761,0.9999999999989114,1.5129042447767804,decals,-17.76394604943928,0.121761,9906622329258971,True,-20.15569009963908,False
2025xrr,1.3442923575494206,19.46,<https://ziggy.ucolick.org/yse/transient_detail/2025xrr|*YSE-PZ*>,577.D,351.7102708333333,21.86317777777778,2025xrr,,---,0.409488,0.9341412091573588,0.5261606582557418,decals,-19.508549106587807,0.409488,9906629529633469,True,-21.977541295377502,False
15GYSEdue,6.299292357543891,20.006,<https://ziggy.ucolick.org/yse/transient_detail/15GYSEdue|*YSE-PZ*>,365.F,344.43838739640256,-9.013183545005624,,,---,0.245622,0.9999999999999964,0.1843420080820592,decals,-22.08703530270296,0.245622,9906618121062182,True,-20.28186056661061,False
2025wgd,6.299292357543891,20.097,<https://ziggy.ucolick.org/yse/transient_detail/2025wgd|*YSE-PZ*>,423.E,310.418850811031,-3.787217493651186,2025wgd,,---,0.130422,0.9590677443155964,4.7086789708528505,decals,-22.84830798018026,0.130422,9906620083281290,True,-18.77458577116647,False
2025wge,7.402292357546685,19.606,<https://ziggy.ucolick.org/yse/transient_detail/2025wge|*YSE-PZ*>,719.A,242.08384857301857,40.08680570284277,2025wge,,---,0.116647,0.9999999999999524,1.8901784985763304,decals,-20.340309723854062,0.116647,9907734911978630,True,-19.017303571233192,False
2025vkb,8.372292357547849,19.593,<https://ziggy.ucolick.org/yse/transient_detail/2025vkb|*YSE-PZ*>,577.B,258.4357819919605,20.331073616065016,2025vkb,,---,0.104249,0.9948958137061517,3.070684208828933,decals,-22.253393739999783,0.104249,9906628977754187,True,-18.780806930277105,False
2025xxv,0.27066465155076,20.394,<https://ziggy.ucolick.org/yse/transient_detail/2025xxv|*YSE-PZ*>,423.B,333.0682676232927,0.3213985085197889,2025xxv,,---,0.229155,0.999999999999972,1.0044565566202557,decals,-20.045907623272825,0.229155,9906621598927418,True,-19.73798598860906,False
15HYSEeln,0.384664651552157,19.418,<https://ziggy.ucolick.org/yse/transient_detail/15HYSEeln|*YSE-PZ*>,577.D,256.4452223748279,20.98929692282472,,,---,0.055767,0.999999999837252,59.95951314139542,decals,-21.482230504153733,0.055767,9906629242394612,True,-17.574136237995063,False
2025xmz,1.2606646515487228,19.802,<https://ziggy.ucolick.org/yse/transient_detail/2025xmz|*YSE-PZ*>,365.E,342.7016080564393,-12.103058144501606,2025xmz,,---,0.069518,0.997440108526281,2.6606677933526703,decals,-20.2041262470544,0.069518,9906617005638610,True,-17.675605255502557,False
15IYSEfak,1.3766646515505272,20.679,<https://ziggy.ucolick.org/yse/transient_detail/15IYSEfak|*YSE-PZ*>,477.C,265.4164333377761,4.272124922399885,,,---,,,,,,,,False,,False
2025vil,1.377664651547093,20.525,<https://ziggy.ucolick.org/yse/transient_detail/2025vil|*YSE-PZ*>,477.C,252.4005084292855,2.4864628913139533,2025vil,,---,0.215017,0.999999999998952,4.092009407078742,decals,-20.06136420876201,0.215017,9906622427108483,True,-19.46405663055195,False
2025xpd,1.3786646515509349,19.853,<https://ziggy.ucolick.org/yse/transient_detail/2025xpd|*YSE-PZ*>,477.C,261.0837816932929,3.601126759547212,2025xpd,,---,,,,,,,,False,,False
2025xph,5.208664651552681,20.08,<https://ziggy.ucolick.org/yse/transient_detail/2025xph|*YSE-PZ*>,365.F,345.4926279713729,-8.037555451711013,2025xph,,---,0.123732,0.999999999999989,0.3222542635372777,decals,-20.41543888215872,0.123732,9906618495142052,True,-18.674404521776804,False
15HYSEelk,5.369664651552739,20.267,<https://ziggy.ucolick.org/yse/transient_detail/15HYSEelk|*YSE-PZ*>,477.C,262.999289210326,2.188354804118084,,,---,,,,,,,,False,,False
2025xrp,5.369664651552739,20.020000000000003,<https://ziggy.ucolick.org/yse/transient_detail/2025xrp|*YSE-PZ*>,477.C,264.37366768702987,3.08797123128657,2025xrp,,---,,,,,,,,False,,False
2025uxo,9.3486646515521,19.487,<https://ziggy.ucolick.org/yse/transient_detail/2025uxo|*YSE-PZ*>,719.D,248.88838927276936,41.01610545321663,2025uxo,,---,0.127338,0.9999999999999908,0.9709992591093848,decals,-20.02136958589318,0.127338,9907735200991870,True,-19.331319845167062,False
2025xxt,4.215853475143376,20.327,<https://ziggy.ucolick.org/yse/transient_detail/2025xxt|*YSE-PZ*>,423.E,309.6545951857658,-4.580533937645205,2025xxt,,---,0.19182,0.9999999999999344,2.64726802854506,decals,-21.727192554178025,0.19182,9906619800421983,True,-19.40613388986232,False
2025wrp,19.22785347514582,19.816000000000003,<https://ziggy.ucolick.org/yse/transient_detail/2025wrp|*YSE-PZ*>,477.C,333.9828847306368,1.742036335199482,2025wrp,,---,0.081576,0.995624052910075,1.2248364439133443,decals,-21.41442283177597,0.081576,9906622165360909,True,-18.01476290280893,False
2025ulm,35.25785347514466,19.74,<https://ziggy.ucolick.org/yse/transient_detail/2025ulm|*YSE-PZ*>,423.B,352.381360924981,-0.1875441986484764,2025ulm,,---,0.231174,0.9996850645590948,2.792122803210884,decals,-19.886024497291668,0.231174,9906621415232509,True,-20.41168297146724,False
2025umj,37.48185347514664,19.49,<https://ziggy.ucolick.org/yse/transient_detail/2025umj|*YSE-PZ*>,423.B,333.0840870613047,-0.5741962018844637,2025umj,,---,0.0895421990525585,0.9999999999999916,0.7491410596773658,glade,-20.350001810711568,,J221220.22-003427.5,False,,False
2025ttg,43.22985347514623,19.163,<https://ziggy.ucolick.org/yse/transient_detail/2025ttg|*YSE-PZ*>,527.C,325.53144481632864,10.352399644792168,2025ttg,,---,0.085168,0.8169770634194693,4.321788550466859,decals,-21.48288648897768,,9906625353615078,False,,False
2025ysy,1.134027318294102,20.16,<https://ziggy.ucolick.org/yse/transient_detail/2025ysy|*YSE-PZ*>,,23.129620690401744,-15.620437603296136,2025ysy,,---,1.094329,0.9999999999999843,0.1506108921018956,decals,-19.36785475265109,1.094329,9906615639542755,True,-23.43872010216957,False
15IYSEesn,1.137027318298351,20.499,<https://ziggy.ucolick.org/yse/transient_detail/15IYSEesn|*YSE-PZ*>,,20.027141599217234,-17.395073754686948,,,---,0.19674,0.9999999999999862,0.2243193400395717,decals,-20.27909302290393,0.19674,9906614914388691,True,-19.29087338474944,False
2025ymw,1.2700273182927049,19.5,<https://ziggy.ucolick.org/yse/transient_detail/2025ymw|*YSE-PZ*>,423.B,342.90369268498216,-1.487421952468046,2025ymw,,---,0.068297290101496,0.9999999999999492,14.500849512559068,glade,-21.400002239743493,,1117416,False,,False
15HYSEepn,1.2910273182933452,21.106,<https://ziggy.ucolick.org/yse/transient_detail/15HYSEepn|*YSE-PZ*>,674.C,6.691394803758101,27.95155761860505,,,---,0.390123,0.9999999999999928,0.1913429023077221,decals,-22.12151672090503,0.390123,9906631590612065,True,-20.22264364062945,False
2025ywm,1.3790273182967212,19.8,<https://ziggy.ucolick.org/yse/transient_detail/2025ywm|*YSE-PZ*>,674.D,256.4519185278129,34.12564356106711,2025ywm,,---,0.125543,0.9999999999999692,2.174794092347476,decals,-18.647553533049724,0.125543,9907733181762119,True,-18.986729750553884,False
2025yda,2.266027318299166,19.154,<https://ziggy.ucolick.org/yse/transient_detail/2025yda|*YSE-PZ*>,618.A,353.5878936415684,23.317345072322883,2025yda,,---,0.259342,0.5169943107869899,1.2124422403938442,decals,-19.7590071933419,,9906630053595209,False,,False
2025ywi,2.5880273182992823,19.607000000000003,<https://ziggy.ucolick.org/yse/transient_detail/2025ywi|*YSE-PZ*>,527.C,317.40735833333326,9.791661111111113,2025ywi,,---,0.085678,0.9999999999999928,0.3708823772615864,decals,-19.3211520043365,0.085678,9906625165466827,True,-18.33224145134257,False
2025yew,2.600027318294451,18.776,<https://ziggy.ucolick.org/yse/transient_detail/2025yew|*YSE-PZ*>,527.C,322.0197266018586,11.21377217092339,2025yew,,---,0.076878363050922,0.9999999999999885,1.4461858284836242,glade,-19.81999802866305,0.076878363050922,SDSSJ212804.79+11125,True,-18.92372043133972,False
15IYSEexc,5.233027318296081,20.268,<https://ziggy.ucolick.org/yse/transient_detail/15IYSEexc|*YSE-PZ*>,423.B,343.2149920506795,0.5519567206815387,,,---,0.2664679281039483,0.9999999998615942,13.909653102466768,glade,-20.7200009298143,,J225252.49+003310.8,False,,False
2025xiw,21.28440322467941,19.908,<https://ziggy.ucolick.org/yse/transient_detail/2025xiw|*YSE-PZ*>,674.D,241.2582203014485,33.31569856153646,2025xiw,,---,0.131988,0.999999999999611,1.1022860823693277,decals,-17.597376526646688,0.131988,9907732864042047,True,-18.990160767425056,False
2025wkp,31.904403224674752,20.148000000000003,<https://ziggy.ucolick.org/yse/transient_detail/2025wkp|*YSE-PZ*>,423.B,45.360214270319545,-2.3655684261939665,2025wkp,,---,0.127785,0.9999999999999806,1.099608435027463,decals,-18.627909023948927,0.127785,9906620579777262,True,-18.67811843610588,False
2025xjq,10.27849754384806,18.83,<https://ziggy.ucolick.org/yse/transient_detail/2025xjq|*YSE-PZ*>,674.D,248.24754487044248,36.2283385655509,2025xjq,,---,0.231347,0.9999999999999224,3.221754361531618,decals,-18.8071942814854,0.231347,9907733797670004,True,-21.323362810509018,False
2025spb,70.60949754384637,18.845,<https://ziggy.ucolick.org/yse/transient_detail/2025spb|*YSE-PZ*>,674.D,242.12833491102128,34.9222489484468,2025spb,,---,0.156507,0.9999999999999925,0.2273004949772955,decals,-17.749309110119853,0.156507,9907733412057394,True,-20.433101457866865,False
2025aafk,0.2812011685891775,19.798,<https://ziggy.ucolick.org/yse/transient_detail/2025aafk|*YSE-PZ*>,,14.0022625,-14.855286111111113,2025aafk,,---,0.144074,0.9999999999973104,2.6162919020172457,decals,-20.06115993991062,0.144074,9906615910794499,True,-19.295398194155943,False
2025xxw,18.29520116858476,19.686,<https://ziggy.ucolick.org/yse/transient_detail/2025xxw|*YSE-PZ*>,527.F,319.215217754945,13.347876489976905,2025xxw,,---,0.125865,0.9999999999999762,2.2186635637815444,decals,-21.90074916310997,0.125865,9906626461441933,True,-19.10642918023317,False
2025xtr,18.314201168584987,18.886,<https://ziggy.ucolick.org/yse/transient_detail/2025xtr|*YSE-PZ*>,527.C,322.120906314375,9.975813353955632,2025xtr,,---,0.0710503092749388,0.9999999999999958,0.2312009903900885,glade,-20.61000046852996,0.0710503092749388,1372819,True,-18.639699710804106,False
2025xri,28.136201168585103,18.869000000000003,<https://ziggy.ucolick.org/yse/transient_detail/2025xri|*YSE-PZ*>,365.E,60.88173313622684,-10.946843678569632,2025xri,,---,0.108303,0.8326543250862797,1.9641141870809644,decals,-22.06332387664057,0.108303,9906617303501126,True,-19.58946369841711,False
2025yqp,38.92720116858982,18.597,<https://ziggy.ucolick.org/yse/transient_detail/2025yqp|*YSE-PZ*>,423.B,52.76801902766446,-2.0955078557081337,2025yqp,,---,0.359381,0.9985171362757392,0.1488870198762017,decals,-20.716029937517472,0.359381,9906620676112773,True,-22.54702558204028,False
2025vgn,47.12320116858609,20.743,<https://ziggy.ucolick.org/yse/transient_detail/2025vgn|*YSE-PZ*>,577.D,353.5815762207517,22.60527488655175,2025vgn,,---,0.60494,0.6613639962410971,1.8629943473556,decals,-20.229665587018943,0.60494,9906629792498790,True,-21.567273260409195,False
2025ryt,55.09420116858382,20.004,<https://ziggy.ucolick.org/yse/transient_detail/2025ryt|*YSE-PZ*>,477.C,339.9225972812516,4.426639421729138,2025ryt,,---,0.194332,0.9999999999999188,1.1128419013868631,decals,-20.482662199599336,0.194332,9906623204102518,True,-19.75828022441464,False
2025yld,29.15218728454784,19.693,<https://ziggy.ucolick.org/yse/transient_detail/2025yld|*YSE-PZ*>,423.E,42.14082032415002,-3.67288417563792,2025yld,,---,0.139686,0.9999999999999836,1.4630365764373,decals,-20.03432270943565,0.139686,9906620013087717,True,-19.331444047769505,False
2025xqu,29.29718728455191,17.614,<https://ziggy.ucolick.org/yse/transient_detail/2025xqu|*YSE-PZ*>,477.C,2.797150580607874,1.8040609238904697,2025xqu,0.0388,SN Ic,0.035404,0.9898136065663224,3.0574856875810736,decals,-18.74785798966668,0.0388,9906622078584372,True,-18.58160330819232,False
2025snt,95.24118728454778,19.828,<https://ziggy.ucolick.org/yse/transient_detail/2025snt|*YSE-PZ*>,477.C,20.34830780572439,3.2135208329624607,2025snt,,---,0.088684,0.9999999999999862,0.4966246445008656,decals,-20.185836288571693,0.088684,9906622649403685,True,-18.187533059772253,False
2025mjf,155.18518728455092,18.792,<https://ziggy.ucolick.org/yse/transient_detail/2025mjf|*YSE-PZ*>,477.C,10.94340056396346,3.0986395270771223,2025mjf,,---,0.060575,0.6903813715345796,2.6960911727813475,decals,-20.6253302477154,,9906622552545476,False,,False
2025abod,4.194030369006214,19.58,<https://ziggy.ucolick.org/yse/transient_detail/2025abod|*YSE-PZ*>,719.D,39.25483681598638,42.20791239603332,2025abod,,---,,,,,,,,False,,False
2025zrz,13.960030369002196,19.143,<https://ziggy.ucolick.org/yse/transient_detail/2025zrz|*YSE-PZ*>,,87.00841853460766,-23.63904068817746,2025zrz,,---,0.082655,0.9906656629052656,6.638135306329724,decals,-21.29103005333544,0.082655,9906612721484177,True,-18.71680982262468,False
2025tll,37.24003036900831,19.01,<https://ziggy.ucolick.org/yse/transient_detail/2025tll|*YSE-PZ*>,719.D,38.24231946833945,42.98200202594827,2025tll,0.12,SLSN-II,,,,,,0.12,,False,-19.67629642214318,False
2025ytb,38.03003036900191,20.2,<https://ziggy.ucolick.org/yse/transient_detail/2025ytb|*YSE-PZ*>,477.C,50.00990923562647,2.446753914454101,2025ytb,,---,0.129127,0.9963339261974974,4.741484887348861,decals,-20.90154751949768,0.129127,9906622374084860,True,-18.649371442207663,False
2025uso,52.38503036900511,18.136000000000003,<https://ziggy.ucolick.org/yse/transient_detail/2025uso|*YSE-PZ*>,674.D,244.2393068260677,35.05578783735495,2025uso,0.0252,SN IIb,0.033129,0.9999999999999872,0.8915993220039841,decals,-17.6793213813912,0.0252,9907733412515622,True,-17.115119040982044,False
2025xuj,41.13376379052352,18.938,<https://ziggy.ucolick.org/yse/transient_detail/2025xuj|*YSE-PZ*>,365.E,64.49633128429787,-10.492588680194322,2025xuj,,---,0.055938,0.9999999999999888,2.1730110643056424,decals,-20.33741997693885,0.055938,9906617490079996,True,-18.06087137263031,False
2025aaej,14.035979664469778,18.428,<https://ziggy.ucolick.org/yse/transient_detail/2025aaej|*YSE-PZ*>,477.C,156.08856535106855,3.671114072411736,2025aaej,,---,0.071077,0.9999999999997016,3.903973305689607,decals,-19.366103549760307,0.071077,9906622873406232,True,-19.098528346696,False
2025yvn,34.14397966446995,19.287000000000003,<https://ziggy.ucolick.org/yse/transient_detail/2025yvn|*YSE-PZ*>,719.A,117.73425523434894,39.16165336429268,2025yvn,,---,0.0846225742954278,0.9777572232530414,0.9262956661702376,glade,-19.879997977306328,0.0846225742954278,3129297,True,-18.624827758907404,False
2025acbx,0.2992917361116269,19.361,<https://ziggy.ucolick.org/yse/transient_detail/2025acbx|*YSE-PZ*>,575.A,7.341141666666666,17.783605555555557,2025acbx,,---,0.114413,0.9999999999999898,0.8713541900993798,decals,-21.42383407709156,0.114413,9906628021321860,True,-19.219336492231488,False
2025acbw,14.933291736117098,19.974,<https://ziggy.ucolick.org/yse/transient_detail/2025acbw|*YSE-PZ*>,,94.85018350054564,-26.621961177935844,2025acbw,,---,,,,,,,,False,,False
2025aadp,15.287291736116458,17.66,<https://ziggy.ucolick.org/yse/transient_detail/2025aadp|*YSE-PZ*>,423.B,352.46851467001704,-1.2955630409635612,2025aadp,0.05972,SN Ia-91T-like,0.0593141747621815,0.8690046590039586,14.34667273146048,glade,-21.3300036343458,0.05972,1122042,False,-19.482847638015528,False
2025acdz,17.104291736111918,19.906,<https://ziggy.ucolick.org/yse/transient_detail/2025acdz|*YSE-PZ*>,,90.1326235464848,-23.46782656282761,2025acdz,,---,0.060383,0.9999999999999856,0.9603898428176,decals,-19.93186376368368,0.060383,9906612808718823,True,-17.261155396245133,False
2025aaxo,20.16029173611605,19.331,<https://ziggy.ucolick.org/yse/transient_detail/2025aaxo|*YSE-PZ*>,618.A,352.70581531120126,24.27970185919412,2025aaxo,,---,0.078799,0.9999999999999724,2.7651182555161253,decals,-20.336713160308346,0.078799,9906630399166232,True,-18.42322689799026,False
15JYSEfmm,21.94129173611145,13.101,<https://ziggy.ucolick.org/yse/transient_detail/15JYSEfmm|*YSE-PZ*>,,85.48292351505121,-23.14260759804116,,,---,0.068389,0.9999999999999886,0.133148352179253,decals,-16.723485849523282,0.068389,9906612894310718,True,-24.340495043164765,False
15KYSEfqj,21.94129173611145,13.301,<https://ziggy.ucolick.org/yse/transient_detail/15KYSEfqj|*YSE-PZ*>,,85.48317237110084,-23.14254598727054,,,---,0.068389,0.9983887468568794,0.8472477329751239,decals,-16.723485849523282,0.068389,9906612894310718,True,-24.14049504316476,False
2025adaa,1.2241097424484906,17.997,<https://ziggy.ucolick.org/yse/transient_detail/2025adaa|*YSE-PZ*>,423.E,36.78180244656855,-2.626469255305156,2025adaa,,---,0.315848,0.6452716627305056,3.2075647462642287,decals,-19.09910351916432,0.315848,9906620388803784,True,-22.85645371940033,False
2025aemp,2.2031097424551263,18.974,<https://ziggy.ucolick.org/yse/transient_detail/2025aemp|*YSE-PZ*>,401.F,35.80305109491525,-17.991245627520076,2025aemp,,---,0.0645004119295937,0.9999999999998463,15.564727944716209,glade,-21.07999730392316,,874359,False,,False
2025aeux,3.3281097424551263,19.742,<https://ziggy.ucolick.org/yse/transient_detail/2025aeux|*YSE-PZ*>,674.A,3.431908359117644,31.989279749653377,2025aeux,,---,0.161107,0.9999999999999796,0.3890606703486199,decals,-19.965124914661363,0.161107,9906632901332393,True,-19.600799822494302,False
2025absw,27.243109742448723,19.627,<https://ziggy.ucolick.org/yse/transient_detail/2025absw|*YSE-PZ*>,365.F,34.94150772260933,-6.698737398376625,2025absw,,---,0.13929,0.9999999999999932,0.3066049832216737,decals,-20.59839240328974,0.13929,9906618882728243,True,-19.39111673575717,False
2025aaxp,41.18310974245105,19.08,<https://ziggy.ucolick.org/yse/transient_detail/2025aaxp|*YSE-PZ*>,401.F,36.175240615093145,-22.202246409651085,2025aaxp,,---,0.0365019164190872,0.9999999999999916,1.9171908272266167,glade,-19.82999829590993,,817747,False,,False
2025xza,55.207109742448665,18.139,<https://ziggy.ucolick.org/yse/transient_detail/2025xza|*YSE-PZ*>,423.B,39.49394315365119,-1.849778859969212,2025xza,0.028,SN II,0.0282466109365081,0.9805099115608484,20.304768574816816,glade,-21.960004505193226,0.028,NGC1037,False,-17.342435305776913,False
2025wny,86.38510974244855,18.374,<https://ziggy.ucolick.org/yse/transient_detail/2025wny|*YSE-PZ*>,719.A,109.1437602930796,38.35224653571235,2025wny,2.011,SLSN-I,,,,,,2.011,,False,-26.45547189855632,False
2025znv,2410.42710974245,19.468,<https://ziggy.ucolick.org/yse/transient_detail/2025znv|*YSE-PZ*>,719.D,112.99826525920122,42.56248500842732,2025znv,0.0446,SN II,0.044457,0.99993302855302,6.18849085134304,decals,-19.236971395324623,0.0446,9907735598142748,True,-17.033170544820706,False
2025afao,1.0089943574785138,19.603,<https://ziggy.ucolick.org/yse/transient_detail/2025afao|*YSE-PZ*>,,164.29882067403426,57.5306936060367,2025afao,,---,0.0810146140577229,0.9999999999999862,2.444701992768388,glade,-19.9600001663775,,SDSSJ105711.51+57315,False,,False
2025acvp,1.1019943574792703,19.082,<https://ziggy.ucolick.org/yse/transient_detail/2025acvp|*YSE-PZ*>,,95.50237947249964,-25.419916950090947,2025acvp,,---,,,,,,,,False,,False
2025yxt,1.2819943574795616,18.549,<https://ziggy.ucolick.org/yse/transient_detail/2025yxt|*YSE-PZ*>,719.D,36.89396018769636,41.978987232013125,2025yxt,0.018853,SN II,0.0180397493748314,0.9829963591574852,5.237430388457497,glade,-20.68972381364825,0.018853,NGC0923,True,-16.068514218934766,False
2025ytc,2.25999435747508,19.520000000000003,<https://ziggy.ucolick.org/yse/transient_detail/2025ytc|*YSE-PZ*>,423.E,49.35286603166809,-5.581117173615565,2025ytc,,---,0.029489,0.867152065403258,5.41087985362785,decals,-19.268948857049327,0.029489,9906619356024125,True,-16.07475411989786,False
2025aedd,7.019994357477117,19.226,<https://ziggy.ucolick.org/yse/transient_detail/2025aedd|*YSE-PZ*>,749.A,123.99832359605564,-14.878905769511295,2025aedd,,---,,,,,,,,False,,False
2025acyh,20.51999435747712,19.83,<https://ziggy.ucolick.org/yse/transient_detail/2025acyh|*YSE-PZ*>,423.B,52.2147256386044,-0.7237242001225671,2025acyh,,---,0.183725,0.9989293701388532,2.831989661962284,decals,-21.12690546055057,0.183725,9906621147779571,True,-19.80658245266938,False
2025absu,26.32199435747316,19.433,<https://ziggy.ucolick.org/yse/transient_detail/2025absu|*YSE-PZ*>,674.D,33.43685416666666,36.32105833333333,2025absu,,---,,,,,,,,False,,False
2025zth,28.164994357473915,16.834,<https://ziggy.ucolick.org/yse/transient_detail/2025zth|*YSE-PZ*>,365.F,63.13608333333333,-8.979911111111111,2025zth,0.037,SN Ic-BL,0.080118,0.998784939907277,0.1884997435037029,decals,-17.188972675312307,0.037,9906618048123656,True,-19.257497363297706,False
2025adxx,29.097994357478456,19.945,<https://ziggy.ucolick.org/yse/transient_detail/2025adxx|*YSE-PZ*>,719.A,165.20088958628352,38.855698746785066,2025adxx,,---,0.145532,0.9999999999999756,2.189463350404685,decals,-21.54810737057992,0.145532,9907734530755564,True,-19.170852994687127,False
15LYSEgeo,0.3578354165874771,18.761,<https://ziggy.ucolick.org/yse/transient_detail/15LYSEgeo|*YSE-PZ*>,,65.81545980013678,-26.43653232074692,,,---,0.9145,0.9999999998644092,11.721271845498851,decals,-20.39406574240726,0.9145,9906611775473169,True,-24.45471300349532,False
15LYSEgeq,0.361835416588292,18.529,<https://ziggy.ucolick.org/yse/transient_detail/15LYSEgeq|*YSE-PZ*>,,57.199860280345845,-27.89199989195272,,,---,,,,,,,,False,,False
2025afve,0.4828354165874771,17.563,<https://ziggy.ucolick.org/yse/transient_detail/2025afve|*YSE-PZ*>,618.B,344.6074890493842,26.638609531347704,2025afve,,---,0.0243351373798773,0.9999999999999934,1.0882449125104865,glade,-20.560009086610663,0.0243351373798773,70148,True,-17.611811010171362,False
2025affy,1.2278354165900964,18.88,<https://ziggy.ucolick.org/yse/transient_detail/2025affy|*YSE-PZ*>,,93.5232925159974,-21.21619366523468,2025affy,,---,0.0707392723781128,0.9999999999999776,4.875081822109364,glade,-21.580001469598784,,831133,False,,False
2025aesl,1.3998354165887577,19.91,<https://ziggy.ucolick.org/yse/transient_detail/2025aesl|*YSE-PZ*>,365.F,37.577908333333326,-7.337988888888889,2025aesl,,---,0.04988,0.9998134070272424,0.374068197318233,decals,-17.51161788754678,0.04988,9906618696010172,True,-16.836868721414504,False
2025aesv,3.519835416584101,19.798,<https://ziggy.ucolick.org/yse/transient_detail/2025aesv|*YSE-PZ*>,618.A,339.3132077598178,23.492400661639024,2025aesv,,---,0.0619915492258168,0.9999999999999606,5.5100732156492125,glade,-19.09999743736137,,1688354,False,,False
2025afvf,3.527835416585731,18.74,<https://ziggy.ucolick.org/yse/transient_detail/2025afvf|*YSE-PZ*>,423.B,335.38913988976896,-0.9560073363676876,2025afvf,,---,0.0695080399503658,0.9999999999999926,0.643118174828752,glade,-19.770002964619728,0.0695080399503658,SDSSJ222133.38-00572,True,-18.737289229391905,False
2025aelx,4.5218354165845085,20.105,<https://ziggy.ucolick.org/yse/transient_detail/2025aelx|*YSE-PZ*>,477.C,358.25730399645914,2.2069336381107827,2025aelx,,---,0.092008,0.8270168507230415,5.378414578879709,decals,-21.76355182482161,0.092008,9906622360518802,True,-17.991983391500323,False
15KYSEfqn,7.334835416586429,19.911,<https://ziggy.ucolick.org/yse/transient_detail/15KYSEfqn|*YSE-PZ*>,,59.710599500011945,-23.96280772836189,,,---,0.286778,0.999999999999994,0.1447310604067224,decals,-22.24942088515077,0.286778,9906612628493744,True,-20.72519124295445,False
2025agrw,1.2564536097925156,19.333,<https://ziggy.ucolick.org/yse/transient_detail/2025agrw|*YSE-PZ*>,423.B,3.2200775255586995,0.1476506200234142,2025agrw,,---,0.158364,0.9784548600102632,0.4845698233354412,decals,-18.93325033498338,0.158364,9906621512426117,True,-19.97144226438955,False
2025ahxf,3.446453609787568,19.743,<https://ziggy.ucolick.org/yse/transient_detail/2025ahxf|*YSE-PZ*>,477.C,10.536601859663024,2.303924187377349,2025ahxf,,---,0.081743,0.9301508186480092,4.69236111273532,decals,-21.358593257078013,0.081743,9906622269359395,True,-18.09228326987363,False
2025agwi,11.240453609789256,20.545,<https://ziggy.ucolick.org/yse/transient_detail/2025agwi|*YSE-PZ*>,401.D,38.71756052159357,-25.309082062632417,2025agwi,,---,0.137173,0.999999999999984,0.4533808648931274,decals,-19.83944108466113,0.137173,9906612194117797,True,-18.438988127385173,False
2025agwl,13.318453609790597,19.469,<https://ziggy.ucolick.org/yse/transient_detail/2025agwl|*YSE-PZ*>,401.E,43.6563396022655,-24.6748614352834,2025agwl,,---,0.577985,0.999833238688497,0.1460469950106021,decals,-19.97442712484305,0.577985,9906612366482850,True,-22.739938734585124,False
2025aepu,19.357453609787623,18.803,<https://ziggy.ucolick.org/yse/transient_detail/2025aepu|*YSE-PZ*>,477.C,10.751337416149122,2.359358180770782,2025aepu,,---,0.102109,0.916407926184712,8.482129287825556,decals,-22.62453415313644,0.102109,9906622269423720,True,-19.524802482282457,False
2025aesm,22.24845360979089,19.557,<https://ziggy.ucolick.org/yse/transient_detail/2025aesm|*YSE-PZ*>,401.C,38.46481664086549,-26.468006241972983,2025aesm,,---,0.151576,0.9999999999999932,0.1393508338670312,decals,-18.44649628299588,0.151576,9906611769049620,True,-19.649636105206103,False
2025afde,23.380453609788677,19.896,<https://ziggy.ucolick.org/yse/transient_detail/2025afde|*YSE-PZ*>,674.D,358.8921460910342,34.6850002416446,2025afde,,---,,,,,,,,False,,False
2025ahco,5.124147673159314,20.236,<https://ziggy.ucolick.org/yse/transient_detail/2025ahco|*YSE-PZ*>,,167.3708188962977,56.73061173681114,2025ahco,,---,0.172609,0.999999999999956,1.7456190471505697,decals,-20.35564253102781,0.172609,9907739097760287,True,-19.260938684535677,False
2025aggo,10.942147673158615,19.537,<https://ziggy.ucolick.org/yse/transient_detail/2025aggo|*YSE-PZ*>,Virgo.B,152.13934240953557,6.249163072522352,2025aggo,,---,0.121643,0.6426841250022043,3.706189793695288,decals,-22.47675797120633,0.121643,9906623813321632,True,-19.17953393759201,False
2025afdg,26.380147673160536,19.561999999999998,<https://ziggy.ucolick.org/yse/transient_detail/2025afdg|*YSE-PZ*>,719.D,159.47391264788524,41.69135101368456,2025afdg,,---,0.129847,0.9999999999999872,1.4574953323082218,decals,-21.02276670859565,0.129847,9907735396419439,True,-19.299749172628754,False
2025afre,26.380147673160536,19.325,<https://ziggy.ucolick.org/yse/transient_detail/2025afre|*YSE-PZ*>,719.A,160.26317740788667,38.44323934406236,2025afre,,---,0.442988,0.999999999999978,0.247013961131158,decals,-19.432990377846934,0.442988,9907734455845059,True,-22.289136687627412,False
2025agwr,1015.2811476731586,13.562000000000001,<https://ziggy.ucolick.org/yse/transient_detail/2025agwr|*YSE-PZ*>,468.D,152.25701071964693,5.819070202741682,2025agwr,,---,0.41026,0.9999999999999838,0.6581460496776449,decals,-19.54416271592452,0.41026,9906623625431429,True,-27.879773755336025,False
