name,brightest_alert_magnitude,peak_mag,duration,duration_z0,lum_dist,ra,dec,tns_name,tns_class,tns_redshift,peak_phase,nuclear,host_name,best_host_catalog,host_redshift,host_sep_arcsec,host_absmag,host_prob,high_host_confidence,best_redshift,peak_abs_mag,posted_before,transient_ra_deg,transient_dec_deg,yse_field,yse_pz
ANT2024ow3wabs7s84x,18.758827209472656,,408.9677083003335,,,268.15757780456363,6.356384661271591,---,---,,2.362465738064202,True,1.1562268157596848e+17,panstarrs,0.1392164832502846,1.0081133687531212,-23.22911789180911,0.9960363091845305,False,,,False,,,,
ANT2025hnbsx7oau0pj,18.614822387695312,,86.95165510009974,,,230.6017424,1.4133451999999949,---,---,,2.3375583381639444,True,1.0969230601494686e+17,panstarrs,0.0937104911357203,1.4717859870650474,-22.94964663332024,0.9996942331093608,False,,,False,,,,
ANT2024oc9odsbcgels,16.953868865966797,,193.2453240999021,,,301.2114644334423,35.96081922879073,2024ef,---,,2.355590738101455,True,,,,,,,False,,,False,,,,
ANT2024t51nd486402m,17.68377113342285,,217.18305550003424,,,293.80486251006005,35.975710689977085,---,---,,2.355590738101455,,1.5116293803263946e+17,panstarrs,0.2021132403893782,7.6876970161980145,-23.00833090787483,0.0236021401351707,False,,,False,,,,
ANT2023tpg6xzx0ok7n,17.310199737548828,,705.1367939999327,,,231.9765653962755,-10.428815537868472,---,---,,455.2727898380035,True,9.548231976302602e+16,panstarrs,0.1044994852808142,1.074444547301775,-23.45160635755935,0.9994508876423626,False,,,False,,,,
ANT20253kuwjeql3ll8,15.463980674743652,-18.04355617981044,77.95064819976687,77.07736169179879,50.57708742312367,136.16013669750853,18.46668271615956,2025oq,SN Ic-BL,0.01133,65.16510560843017,True,9906628323117338.0,decals,0.085768,32.310998642329345,-19.17918355442761,0.9567941140149888,True,0.01133,-18.04355617981044,False,,,,
ANT20259095ry0az8j7,18.64677047729492,18.64677047729492,20.051574000157416,18.11667669570295,509.956028500149,208.1686287,2.06551168584052,2025eys,---,,14.104057257987732,True,9906622226763372.0,decals,0.106802,1.651140905336964,-19.916666855208707,0.9999447294751334,True,0.106802,-19.78071833564525,False,,,,
ANT2025uzb80b7djxcu,18.25939178466797,18.25939178466797,29.9020949001424,,,240.6698356,-0.8274885982480384,2025dig,---,,30.02035355800035,True,1.0700240669298726e+17,panstarrs,0.0486712735745204,2.1389419033934804,-20.49822333025688,0.9991544875659116,False,,,False,,,,
ANT2025kf36di57tpn1,18.131000518798828,18.131000518798828,94.771007000003,,,184.3409095349469,-20.784093656251628,2024pff,---,,92.91689603401028,True,,,,,,,False,,,False,,,,
ANT20257gjhhx8joubb,16.910602569580078,16.910602569580078,18.996273099910468,,,291.58988485,2.02021945366603,2025fwd,---,,19.34386459739472,True,1.1042291591214926e+17,panstarrs,0.0731301821574818,14.508167983043686,-21.34100441805218,0.1280861691032097,False,,,False,,,,
ANT2023580poop8z630,16.173458099365234,16.173458099365234,808.9629282001406,,,184.9581550764496,-20.370068414282,---,---,,64.03817765786516,True,8.355184958700637e+16,panstarrs,0.0291750826908876,1.656372200504517,-20.68003130102824,0.9926879513995392,False,,,False,,,,
ANT2025orzfggrvi4e0,18.958526611328125,18.958526611328125,23.911041700281203,21.55235226806425,523.4573660413912,121.8057757999971,25.646299759878502,2025etg,---,,19.19027871450089,True,9906630858051756.0,decals,0.10944,1.271918755934651,-19.45306391758548,0.9999497741754766,True,0.10944,-19.523120416398857,False,,,,
ANT2024xlte9uph05j6,18.708471298217773,18.708471298217773,101.91579859983176,,,248.58619677599057,50.10512339361455,2024agig,---,,92.90271767962986,True,9907737585648432.0,decals,0.032593,3.375371428124525,-19.298340934008,0.1536858417303547,False,,,False,,,,
ANT2025piziteakee8s,16.818151473999023,16.818151473999023,4.031967600341886,,,102.5307798,0.0352785000016808,---,---,,4.269132914465445,True,1.080310253365982e+17,panstarrs,0.0961257776744224,17.114876070591844,-21.70884672856245,0.2277634946541034,False,,,False,,,<https://ziggy.ucolick.org/yse/transient_detail/2020aaxr|*YSE Field*>,
ANT2024i33tc6xqmdi0,19.76070022583008,19.76070022583008,347.060891199857,,,298.8346556820623,46.68957469560409,---,---,,345.4265613975149,True,1.6402298835639683e+17,panstarrs,0.1638128595728774,4.584777542233205,-21.45483443041656,0.2153486215807405,False,,,False,298.8346556820623,46.68957469560409,757P2.E,
ANT2025ydxxk46dquof,19.12326431274414,19.12326431274414,37.012662100140005,28.005334401817763,1735.4387512922551,119.33202667794156,6.61913693419325,2025fpp,---,,0.2271658085737726,True,9906623898587536.0,decals,0.321629,0.70486462919552,-19.656139331365207,0.9839275498716598,True,0.321629,-21.771008241938205,False,119.33202667794156,6.61913693419325,311P2.B,<https://ziggy.ucolick.org/yse/transient_detail/2025fpp|*YSE-PZ*>
ANT2025sprp69i9rf6f,18.939565658569336,18.939565658569336,11.962986099999398,,,242.2040903500001,-10.3480205145556,2025gyd,---,,0.1177841578537481,True,9.559242206332531e+16,panstarrs,0.0557260010896008,38.38106345457113,-22.054148973353666,0.8589948432050367,False,,,False,242.2040903500001,-10.3480205145556,481P2.D,<https://ziggy.ucolick.org/yse/transient_detail/2025gyd|*YSE-PZ*>
ANT2025iq09fs212bap,18.825626373291016,18.825626373291016,6.004652700386941,,,134.58367358537143,9.368562486759274,2025gvv,---,,0.2921347287629032,True,9906624931891608.0,decals,0.087037,1.4478217331199674,-22.07568855624171,0.6783474183609969,False,,,False,134.58367358537143,9.368562486759274,529P2.E,<https://ziggy.ucolick.org/yse/transient_detail/2025gvv|*YSE-PZ*>
ANT20259l6tihz8n0e1,18.75141716003418,18.75141716003418,25.08331019990146,23.0568017780271,414.4092005537972,132.48495717280315,45.57468674932006,2025ezq,---,,0.7990573061542818,True,9907736419501492.0,decals,0.087892,2.248749894604904,-18.85993006967768,0.9999765625187438,True,0.087892,-19.24426532661186,False,132.48495717280315,45.57468674932006,757P2.E,<https://ziggy.ucolick.org/yse/transient_detail/2025ezq|*YSE-PZ*>
ANT2025ugsbo5fju30y,18.390844345092773,18.390844345092773,21.966307800263166,20.653664173703444,294.6887236686977,116.4166877,51.8129753,2025ezs,---,,10.182570908356864,True,9907737982075336.0,decals,0.063555,1.5525544301693135,-22.41054236437431,0.9998279100129476,True,0.063555,-18.88907335974571,False,116.4166877,51.8129753,781P2.E_1,<https://ziggy.ucolick.org/yse/transient_detail/2025ezs|*YSE-PZ*>
ANT2025iw9e26bzlxlx,15.374244689941406,15.374244689941406,19.001203699968755,,,287.6644021162723,37.16985819783163,2025fwb,---,,9.314288337292965,True,1.526028766252252e+17,panstarrs,0.0921931512213045,5.862505644198766,-22.648166587082244,0.6250711097277417,False,,,False,287.6644021162723,37.16985819783163,707.A,<https://ziggy.ucolick.org/yse/transient_detail/2025fwb|*YSE-PZ*>
ANT2025cxgyy0ct6op6,19.356800079345703,19.356800079345703,15.87815979961306,11.341907275314606,2238.6030154665755,222.68356699563225,35.91004522401472,2025gtx,---,,9.11417249382066,,9907733715879770.0,decals,0.399955,1.004596071351728,-20.33476037144687,0.9999231183578629,True,0.399955,-22.027800152847245,False,,,681P2.F,<https://ziggy.ucolick.org/yse/transient_detail/2025gtx|*YSE-PZ*>
ANT20257lpwss96dvd6,18.857402801513672,18.857402801513672,20.038437500130385,,,144.388800767446,10.255491495018802,2025gri,---,,5.290364593514823,,1376867.0,glade,0.0494563526269514,3.310721196184394,17.84,0.9999999999999764,False,,,False,,,529P2.E,<https://ziggy.ucolick.org/yse/transient_detail/2025gri|*YSE-PZ*>
ANT2025f6yum477eavz,17.898906707763672,17.898906707763672,88.88483800040558,86.29595922369474,135.79570034252015,255.29113821746324,20.671549197693764,2025nz,SN II,0.03,79.9272315794442,,1.3280255291240856e+17,panstarrs,0.0305136999303805,6.436636120507289,-21.600200728939647,0.1885162192648312,False,0.03,-17.733430326621463,False,,,585P2.F,<https://ziggy.ucolick.org/yse/transient_detail/2025nz|*YSE-PZ*>
ANT20246po12kryhcsw,19.523822784423828,19.523822784423828,377.0005787000992,,,159.9596623601031,-3.9842436108765193,---,---,,22.38459013697866,,,,,,,,False,,,False,,,712P2.D,
ANT2025v7mqcrkwwsk3,19.213245391845703,19.213245391845703,28.027384200133383,,,143.0035750138642,46.10419124766839,2025hbw,---,,7.246117836955818,,,,,,,,False,,,False,,,757P2.E,<https://ziggy.ucolick.org/yse/transient_detail/2025hbw|*YSE-PZ*>
ANT2022mnsnm2b47ix0,16.256650924682617,16.256650924682617,983.72164350003,837.3311132600312,871.1524134448455,101.52256911788348,28.356014100368647,---,---,,5.218800746020861,,1.4202101522801714e+17,panstarrs,0.1748299184417595,2.0172648428451936,-23.33784042719953,0.8388904824127354,True,0.1748299184417595,-23.26888230143438,False,,,781P2.E_1,
ANT2025yrjcxv4g01ih,19.61910057067871,19.61910057067871,56.8457407001406,,,227.2088435794396,-4.982709933145259,---,---,,7.0999465584536665,,9906619590641978.0,decals,0.405751,0.1003197063169874,-20.18960097102985,0.8823383920893899,False,,,False,,,759P2.E,
ANT20252w4fdmah9lq1,18.977548599243164,18.977548599243164,33.98214119998738,,,150.3355427592029,27.665403839344705,2025evj,---,,17.19318725865014,,1814626.0,glade,0.0557520063414998,2.481019927445865,17.59,0.8419218710736263,False,,,False,,,628P2.F,<https://ziggy.ucolick.org/yse/transient_detail/2025evj|*YSE-PZ*>
ANT2025wkdjck52pn6v,19.14189720153809,19.14189720153809,16.094618099741638,14.552355786859136,505.75885382703103,119.9277031,29.71992996266203,---,---,,9.17433421628084,,1875719.0,glade,0.1059802505842507,1.6766352408288083,16.72,0.9977257596647392,True,0.1059802505842507,-19.26845184018305,False,,,311P2.B,<https://ziggy.ucolick.org/yse/transient_detail/2025ifu|*YSE-PZ*>
ANT2023kejjkoq6qmyr,19.01619911193848,19.01619911193848,759.9585301000625,720.8794006441371,249.7108237134494,259.1239450207653,-14.736836231176966,2023fjz,---,,743.0834430161631,,9.031259122354614e+16,panstarrs,0.0542103567129347,5.910329012857939,-16.766816712200423,0.1276846241412866,True,0.0542103567129347,-17.913669528133507,False,,,311P2.F,<https://ziggy.ucolick.org/yse/transient_detail/2023fjz|*YSE-PZ*>
ANT2024qv8ue1eu0ifw,16.496864318847656,16.496864318847656,314.9983680997975,308.0612048845735,101.36990931964912,290.168499859586,31.944337973213564,---,---,,34.96495921618771,,1.4633290168096387e+17,panstarrs,0.0225187823238672,1.0481802534809617,-22.016611163942017,0.4423922913074019,True,0.0225187823238672,-18.50850273571123,False,,,681P2.E,
ANT2024e40h2qm79v4q,15.408377647399902,15.408377647399902,343.09108799975365,295.53339562698994,795.1458750801256,246.38239166001125,-25.89738213014074,---,---,,0.0530379161937162,,7.69224638246539e+16,panstarrs,0.1609215509193724,1.282993554267193,-26.76180616792322,0.9999608006397164,True,0.1609215509193724,-23.931849220869992,False,,,722P2.D,
ANT2025znackhfi72ov,18.716846466064453,18.716846466064453,9.081458299886435,6.895885392129618,1706.1811319842843,151.92603664999945,-25.94685732841741,2025hyu,---,,0.2068999025650555,,7.686151927142542e+16,panstarrs,0.3169386936521951,5.299651789124456,-21.3396443381248,0.8082784280568032,True,0.3169386936521951,-22.1443653134624,False,,,315P2.D,<https://ziggy.ucolick.org/yse/transient_detail/2025hyu|*YSE-PZ*>
ANT2023uhbgq95gr0ak,15.522089004516602,15.522089004516602,812.9586805999279,785.2774669746335,160.17537273111668,159.25315353106254,-19.366630116472848,---,---,,372.1620272023283,,8.47615925349602e+16,panstarrs,0.035250232929692,1.1707796443967542,-22.140531731036404,0.9206830870740998,True,0.035250232929692,-20.46327636964104,False,,,311P2.E,
ANT2024gxxx29ody7ze,20.60674285888672,20.60674285888672,385.998171299696,273.4170574091387,2316.702870717571,236.51673406588645,16.77895098114584,---,---,,29.33562956415699,,9906627717632320.0,decals,0.411756,0.1631361537936092,-21.46159533428521,0.7745000492027536,True,0.411756,-20.84320971976713,False,,,575.A,
ANT2025i59speniq18g,20.342199325561523,20.342199325561523,25.900578800123185,14.978307269419137,4608.098298235683,260.103853987194,27.598390792482192,2020pmb,---,,20.419090264389524,,9906631482151892.0,decals,0.729206,0.4282041502182571,-22.0867840440604,0.9993095838821736,True,0.729206,-22.38079251359985,False,,,674.C,<https://ziggy.ucolick.org/yse/transient_detail/2020pmb|*YSE-PZ*>
ANT202436re9f6ifh54,19.77109909057617,19.77109909057617,350.0247569996864,283.37012535923697,1213.4003059908266,242.91485800000004,-3.4903740344702925,---,---,,5.444726864254335,,1.0381242915254192e+17,panstarrs,0.2352210966344786,1.4787258655747977,-22.50143397275673,0.989187379327716,True,0.2352210966344786,-20.41955965887395,False,,,423.E,
ANT2024ynzreo14873q,19.67200088500977,19.67200088500977,330.08678240003064,300.73175439046827,463.2496051633102,238.9793606,-0.0200020999973702,---,---,,100.31947216429398,,9906621479851344.0,decals,0.097612,0.1733374511542701,-19.929781445663103,0.9999879567924752,True,0.097612,-18.555952288021743,False,,,423.B,
ANT2023pr9vu42psxkf,19.6252670288086,19.6252670288086,529.9064698996954,503.8848485508332,237.44641519389387,164.73237578929414,81.08780721673111,---,---,,129.3684305640927,,9907742397760480.0,decals,0.051642,0.4044211638901652,-21.936107858322018,0.9999864556015192,True,0.051642,-17.197891251510097,False,,,,
ANT2023vuzr5c9s4f6e,19.60759353637696,19.60759353637696,739.0189698999748,683.3795719138897,382.2014629346451,223.57206604764733,2.1069940024521685,---,---,,120.31632406442075,,9906622230824444.0,decals,0.081418,0.1403472121617655,-20.333218751768698,0.9999945506648906,True,0.081418,-18.21888420375208,False,,,477.C,
ANT2024a3ciqa2k4jd6,19.4577579498291,19.4577579498291,244.2002429999411,241.71325531599484,45.89393573618791,254.94231402236824,27.314835882128435,---,---,,18.308256964111933,,9906631397021384.0,decals,0.010289,0.2248179111329915,-15.602119335548249,0.9999999999999803,True,0.010289,-13.839904504989027,False,,,674.C,
ANT2024p6wshr5c1mxi,19.45109939575196,19.45109939575196,392.9826273000799,316.5791086414449,1249.1556041407136,133.491037511079,51.95017089190448,---,---,,355.6474467640801,,9907738043351116.0,decals,0.241341,0.2322814782803421,-21.35609590453376,0.9725889982140852,True,0.241341,-20.79725555814186,False,,,618.A,
ANT20236959l0i36twt,19.409141540527344,19.409141540527344,743.9976156996563,722.7635454965142,132.92403336408898,257.21086281871754,23.921904635675546,---,---,,66.32138196416781,,9906630289985760.0,decals,0.029379,0.1190334658639791,-17.857404402209156,0.952198279348871,True,0.029379,-16.177437753024456,False,,,618.A,
ANT20250u1ejk6rtgy6,18.130056381225582,18.130056381225582,14.024999999906868,11.814356654500084,939.1817306815587,258.37640765777644,78.01989954511735,2025iaa,---,,0.0661452189160627,,9907742193091340.0,decals,0.187115,0.1002125522658664,-18.9905399364361,0.9999238116671424,True,0.187115,-21.54745981683854,False,,,,<https://ziggy.ucolick.org/yse/transient_detail/2025iaa|*YSE-PZ*>
ANT2025ie3emijwisw4,19.454111099243164,19.454111099243164,14.954016200266778,,,170.59861302580265,-9.145389562612324,2025ibj,---,,6.250379837831133,,9906617982718152.0,decals,0.382813,0.5923070561874001,-19.02444078111657,0.6908518855451984,False,,,False,,,523.A,<https://ziggy.ucolick.org/yse/transient_detail/2025ibj|*YSE-PZ*>
ANT2025ofg7b0heyeyy,18.861865997314453,18.861865997314453,24.968252300284803,21.79329597601854,713.1352722991775,165.0242844,15.320338186402353,2025hdp,---,,9.129453838118934,,9906627154674116.0,decals,0.145685,1.4739169491434927,-19.24615608792516,0.9998409348044688,True,0.145685,-20.2563305228091,False,,,,<https://ziggy.ucolick.org/yse/transient_detail/2025hdp|*YSE-PZ*>
ANT2025pbkugztza1sy,18.77629470825196,18.77629470825196,10.006273100152612,,,143.0208108,3.422547627294705,2025hzf,---,,0.2788867380149895,,9906622775756338.0,decals,0.355252,0.2529771089346656,-19.42713652875184,0.8886481104935421,False,,,False,,,477.C,<https://ziggy.ucolick.org/yse/transient_detail/2025hzf|*YSE-PZ*>
ANT2025pugiktwlnd45,18.285688400268555,18.285688400268555,69.87416660040617,65.30295943963193,326.0325911682805,239.91693024712416,27.111349401430985,2025cbj,SN IIn,0.07,20.02406033805164,,9906631309459728.0,decals,0.201596,0.2270021569032215,-18.33792807434208,0.9991437016612488,True,0.07,-19.207157233420592,False,,,618.B,<https://ziggy.ucolick.org/yse/transient_detail/2025cbj|*YSE-PZ*>
ANT20253p1fnpw18nxt,17.874982833862305,17.874982833862305,64.9246874996461,63.12560768074487,128.86364697216885,159.27705475189603,-7.467909213434851,2025cnu,SN Ic-BL,0.0285,51.16662983807328,,9906618633948806.0,decals,0.229492,0.158289218346788,-18.88233852913437,0.9953209711030944,True,0.0285,-17.64515851685809,False,,,418.D,<https://ziggy.ucolick.org/yse/transient_detail/2025cnu|*YSE-PZ*>
ANT20254u6c2m13t948,17.480106353759766,17.480106353759766,67.03391209989786,62.068437129535056,375.1816509452785,147.6865591450426,27.30245081161201,2025cku,SN II,0.08,34.20511363797414,,9906631371985622.0,decals,0.08428,1.3097451535969753,-19.609279476603817,0.999922617667546,True,0.08,-20.307542208189147,False,,,674.C,<https://ziggy.ucolick.org/yse/transient_detail/2025cku|*YSE-PZ*>
ANT2025h7v6de4wu10d,19.79727554321289,19.79727554321289,10.0496064000763,7.262971343800829,2131.832627000067,240.84127051127945,18.423403666686184,2025ieg,---,,8.081122662231792,,9906628349199396.0,decals,0.383677,0.1272878912660784,-20.06550384051709,0.9378371894005106,True,0.383677,-21.49390317509856,False,,,575.A,<https://ziggy.ucolick.org/yse/transient_detail/2025ieg|*YSE-PZ*>
ANT2025pz7it0gj7avc,19.63936996459961,19.63936996459961,15.116932899691164,11.476836229588734,1707.615374258521,132.5602044000017,67.98844895000111,2025idv,---,,0.1772916622576303,,9907741072032952.0,decals,0.317169,0.1369333312154216,-18.905749247203847,0.9872124605827198,True,0.317169,-21.22347656442728,False,,,618.B,<https://ziggy.ucolick.org/yse/transient_detail/2025idv|*YSE-PZ*>
ANT2025nn0fkzxxa2ww,19.56561279296875,19.56561279296875,16.00859950017184,14.25142704800671,595.0661480000199,253.0735096,2.126349094164567,2025hks,---,,10.02876156225102,,9906622332931300.0,decals,0.123298,0.7498636133410985,-20.96667946611194,0.9999519641160062,True,0.123298,-19.180975967506296,False,,,477.C,<https://ziggy.ucolick.org/yse/transient_detail/2025hks|*YSE-PZ*>
ANT2025k0dq5a04szlo,19.543500900268555,19.543500900268555,39.03931719996035,,,127.9845807437386,10.254121848265868,2025hly,---,,20.20593746221857,,9906625302627020.0,decals,0.331843,0.1293105578563756,-19.946115888883096,0.750452916259122,False,,,False,,,527.C,<https://ziggy.ucolick.org/yse/transient_detail/2025hly|*YSE-PZ*>
ANT2025kns7c7mwkalf,19.00164031982422,19.00164031982422,93.79386570025235,83.00342097367465,630.1056442821548,182.07058864263016,-11.383334677702578,2025ebh,SN II,0.13,19.18427392631565,,,,,,,,False,0.13,-19.86273042097609,False,,,575.C,<https://ziggy.ucolick.org/yse/transient_detail/2025ebh|*YSE-PZ*>
ANT2025khb7fbkbblxs,20.0897216796875,20.0897216796875,15.065636500250548,,,282.8362949718718,36.74834297841966,---,---,,6.057164526297129,,,,,,,,False,,,False,,,707.E,
ANT20251o1a8iupuhvy,18.949871063232425,18.949871063232425,13.007164299953727,,,277.52652941839915,28.32466286148015,2025iic,---,,0.9980326264485484,,,,,,,,False,,,False,,,674.C,<https://ziggy.ucolick.org/yse/transient_detail/2025iic|*YSE-PZ*>
ANT20228frdugw5fm9z,18.87809944152832,18.87809944152832,990.1900115003808,,,332.2271820168627,67.61925733010031,---,---,,122.37121552623285,,,,,,,,False,,,False,,,,
ANT20232bkv27r34d3s,17.92099952697754,17.92099952697754,694.0495716999285,,,308.6640581246261,40.330667144887975,---,---,,545.3440048263728,,,,,,,,False,,,False,,,719.A,
ANT2025khfmznq04bun,19.43767738342285,19.43767738342285,17.04379629995674,8.201747054576503,7451.53739492484,245.57952472454923,15.799006424988375,2025isa,---,,6.079344283498358,,9906627357185366.0,decals,1.078069,1.042819770387562,-21.29301099962265,0.9999999999999584,True,1.078069,-24.129402133572125,False,,,575.A,<https://ziggy.ucolick.org/yse/transient_detail/2025isa|*YSE-PZ*>
ANT202504lstst8rugw,18.47645378112793,18.47645378112793,51.06298610009253,48.14991617170441,279.92317601408155,176.51562011756937,70.41080888285292,2025fen,SN II,0.0605,45.09827648755163,,,,,,,,False,0.0605,-18.694963821825024,False,,,,<https://ziggy.ucolick.org/yse/transient_detail/2025fen|*YSE-PZ*>
ANT2025dwrofgim1x2o,18.22052383422852,18.22052383422852,7.081319400109351,6.671489782754727,284.41181851873915,281.2421383568005,41.40660546063021,2025jak,---,,0.9882533876225352,,9907735349626944.0,decals,0.06143,2.794723904677824,-19.49918395708351,0.993767144441046,True,0.06143,-18.98448596618242,False,,,719.D,<https://ziggy.ucolick.org/yse/transient_detail/2025jak|*YSE-PZ*>
ANT2023ab0mwxqa29tj,16.2178897857666,16.2178897857666,746.0293866000138,,,295.04113856204094,22.176382194748385,---,---,,98.89631865364936,,,,,,,,False,,,False,,,577.D,
ANT2022e30hhoi8m7zn,17.622194290161133,17.622194290161133,910.323923600372,,,314.4166284795251,30.88227580653554,---,---,,1.0585539223029627,,,,,,,,False,,,False,,,674.A,
ANT2023lllo9uqplu3p,18.018774032592773,18.018774032592773,716.0567592000589,689.7071858710417,173.97061982587417,259.12299492781614,29.853236400512746,---,---,,111.21468278911198,,9906632228275056.0,decals,0.038204,1.1485924487454762,-20.38507969856709,0.9928244624373268,True,0.038204,-18.14289877682655,False,,,674.C,
ANT2025x5emuohly47e,19.83525657653809,19.83525657653809,6.024999999906868,,,163.56834235761494,39.6222514740242,2025lzt,---,,2.277443301354652,,,,,,,,False,,,False,,,719.A,<https://ziggy.ucolick.org/yse/transient_detail/2025lzt|*YSE-PZ*>
ANT2023avfg3vt07sk4,18.63920021057129,18.63920021057129,582.6562153003179,,,159.78822449992188,-12.23259951417981,2024pjw,---,,222.93465390145136,,,,,,,,False,,,False,,,418.D,<https://ziggy.ucolick.org/yse/transient_detail/2024pjw|*YSE-PZ*>
ANT2022dqzmyh8zblp6,16.503822326660156,16.503822326660156,953.153541599866,902.2828353432154,260.1042041242748,12.364633137361515,17.605838977097065,---,---,,2.4830904556729365,,9906627932390584.0,decals,0.05638,1.3026189897971727,-22.15649387326148,0.9999999999977308,True,0.05638,-20.512364106869445,False,,,575.A,
ANT20229cxk6l4remb2,15.989480018615724,15.989480018615724,891.3104514000006,876.1538656776431,77.5701118694801,7.446799858235076,4.893238765301746,---,---,,2.481157555739628,,9906623305421418.0,decals,0.017299,1.0719798928824862,-19.34242978168028,0.9999999999991448,True,0.017299,-18.440370526273743,False,,,468.D,
ANT2024vu3d8x7idxfh,14.890192985534668,14.890192985534668,389.0696526998654,,,151.5598020254827,66.657958475853,---,---,,169.54760435552453,,9907740891024030.0,decals,0.010825,1.495703899939993,-20.127050091784007,0.899309011904738,False,,,False,,,468.A,
ANT20258ucdkjpwbun3,13.90208625793457,13.90208625793457,141.87745370017365,139.88093314144578,63.85612086754556,185.43746809999968,-6.709280850000354,---,---,,2.7706482555076946,,9906618921978516.0,decals,0.014273,1.2819735134065309,-21.08587495339189,0.9999999999979328,True,0.014273,-20.108539242711124,False,,,Virgo.B,
ANT2025ql20is4gd41z,19.6653995513916,19.6653995513916,43.97001159982756,28.941710212944027,3053.5949868591592,250.02790635445152,29.763276967949523,2025iac,---,,42.22548508209729,,9906632226179699,decals,0.519261,0.1575625847479156,-19.93701067021336,0.999999999999992,True,0.519261,-22.304576644671634,False,,,674.C,<https://ziggy.ucolick.org/yse/transient_detail/2025iac|*YSE-PZ*>
ANT2025580yvx263fht,18.016742706298828,18.016742706298828,47.91537029994652,32.926705781178775,2609.190963793212,246.0200186295422,28.98470770352961,2025igf,---,,32.26326618764142,,9906631978257044.0,decals,0.455213,0.7940820793434308,-19.6587107530512,0.999503747931214,True,0.455213,-23.65847020817821,False,,,674.C,<https://ziggy.ucolick.org/yse/transient_detail/2025igf|*YSE-PZ*>
ANT20226rapddv6uggp,18.484514236450195,18.484514236450195,957.2052083001472,901.5939894376438,285.62421057643155,284.3517234200406,67.20527451150647,---,---,,241.4757307364925,,9907740978841172,decals,0.061681,1.193167981102312,-21.436358510375044,0.9999999999985704,True,0.061681,-18.72947573592408,False,,,,
ANT2024c6ompj48rxzz,18.2810001373291,18.2810001373291,402.981377299875,,,308.0015606586944,25.09295227273003,---,---,,373.248253936632,,,,,,,,False,,,False,,,618.A,
ANT20257ipvy98nxblu,15.437291145324709,15.437291145324709,20.002580999862403,12.782402564242393,3379.013899277078,257.63831069125285,7.688829539726996,2025kyz,---,,20.31843903636036,,9906624403284790,decals,0.564853,0.1579922057954512,-19.84472352407364,0.9999999999999868,True,0.564853,-26.720474878702564,False,,,Virgo.B,<https://ziggy.ucolick.org/yse/transient_detail/2025kyz|*YSE-PZ*>
ANT20221j6ioh523k9v,19.901500701904297,19.901500701904297,935.796759299934,712.0760072622675,1689.026662526358,177.28870977346924,32.53643909572432,---,---,,777.7090204712658,,9907732611665146,decals,0.314181,0.16416617429295,-20.254576939759776,0.9683332671884176,True,0.314181,-20.940043864478096,False,,,575.A,
ANT2025lauem3jotae7,19.284711837768555,19.284711837768555,25.06230319989845,17.02126865385986,2727.001238529894,230.2150686,4.913110110269059,2025lif,---,,8.697839971231588,,9906623363679756,decals,0.472411,0.3518314376213403,-20.87499187974028,0.999999999999985,True,0.472411,-22.47364220494365,False,,,468.D,<https://ziggy.ucolick.org/yse/transient_detail/2025lif|*YSE-PZ*>
ANT2025bg8pgntbst2a,18.243167877197266,18.243167877197266,70.80623839981854,68.34486917452824,163.73680414904402,223.85317068515616,8.116111574436005,2025grx,---,,56.629876971310296,,SDSSJ145524.86+08065,glade,0.0360139576682026,2.972754986675988,-17.86999561664511,0.99999999999998,True,0.0360139576682026,-17.78914965403665,False,,,Virgo.B,<https://ziggy.ucolick.org/yse/transient_detail/2025grx|*YSE-PZ*>
ANT2025q4ucizvxtmhu,20.107784271240234,20.107784271240234,33.936180599965155,19.373040128493653,4782.692624480366,268.3029234762033,29.001990371186,---,---,,19.50575829828449,,9906631983370338.0,decals,0.751722,4.160397582909565,-22.113429841078343,0.9999999999999606,True,0.751722,-22.68191511991536,False,,,674.C,
ANT20256gfwiutetsm4,18.960430145263672,18.960430145263672,63.97960649989545,54.5249757115182,863.2883528426643,297.27882775107355,78.85560049802726,2025izy,SLSN-I,0.1734,33.49315409846895,,,,,,,,False,0.1734,-20.54673405311107,False,,,,<https://ziggy.ucolick.org/yse/transient_detail/2025izy|*YSE-PZ*>
ANT2025v1bku6kr61qc,18.86804962158203,18.86804962158203,45.93790510017425,,,294.585444552393,76.00189265401389,2025kmk,---,,31.4816147984966,,,,,,,,False,,,False,,,,<https://ziggy.ucolick.org/yse/transient_detail/2025kmk|*YSE-PZ*>
ANT2025diu359eswx1a,18.703857421875,18.703857421875,39.01275460002944,29.873427544272445,1637.9439363710628,288.9317727688571,64.58781732726281,2025mkc,---,,36.14520481934596,,9907740553515341,decals,0.305935,0.1552486363035554,-19.02853207440264,0.9999228485669528,True,0.305935,-22.077833837654094,False,,,,<https://ziggy.ucolick.org/yse/transient_detail/2025mkc|*YSE-PZ*>
ANT2023cvojm9456jms,19.72900009155273,19.72900009155273,770.000775499735,459.6698472403629,4194.526787646542,356.1210465545711,4.813691478475661,---,---,,604.4520632029817,,9906623302469938,decals,0.675117,0.1825424490062642,-22.54186840036501,0.9999999999999876,True,0.675117,-22.82430190463353,False,,,468.D,
ANT2025krl0lz9yiiml,19.40651512145996,19.40651512145996,7.983078700024635,6.410242395208975,1272.7583742681638,327.5196883,-10.433613176880115,2025spo,---,,0.2341003032706794,,9906617557975449,decals,0.245363,0.1851393722036571,-19.540906319368684,0.9999999999999905,True,0.245363,-20.87897479811141,False,,,365.E,<https://ziggy.ucolick.org/yse/transient_detail/2025spo|*YSE-PZ*>
ANT2025sxwf4qcmtart,18.938610076904297,18.938610076904297,28.04803239973262,25.162452654248685,550.3892788046666,326.6823535165136,25.79230743548661,2025qsz,---,,13.278706702993077,,9906630906548633,decals,0.114678,0.1320978557018337,-22.217513813110205,0.9999999999999944,True,0.114678,-19.64686617664641,False,,,618.A,<https://ziggy.ucolick.org/yse/transient_detail/2025qsz|*YSE-PZ*>
ANT20251u3f3wegvjdo,15.978699684143066,15.978699684143066,7.059953699819744,3.327315079396453,7826.355910647395,338.58996275,11.978415250000012,2025swd,CV,,7.1884544175554765,,9906626005697129,decals,1.121817,0.1270249896722766,-20.50703340968668,0.999999999999989,True,1.121817,-27.672328473966605,False,,,527.F,<https://ziggy.ucolick.org/yse/transient_detail/2025swd|*YSE-PZ*>
ANT2025n5tri45pou6h,19.206796646118164,19.206796646118164,123.76017369981857,80.16894902115675,3227.4275397452234,238.7569989262696,3.948811637236574,2025iek,---,,0.3857938178334734,,9906622989275055,decals,0.543742,0.2736752288507136,-20.5036349410784,0.9999999999999744,True,0.543742,-22.866049056526187,False,,,477.C,<https://ziggy.ucolick.org/yse/transient_detail/2025iek|*YSE-PZ*>
ANT20252u3tireev2ql,18.10035514831543,18.10035514831543,9.971712999977171,8.502657796524803,859.8601292630274,226.8389123555189,33.801756518488666,2025tga,---,,10.352738317706098,,9907733018575402,decals,0.172776,0.1196994198435826,-17.677016213032854,0.9999999999999928,True,0.172776,-21.39874623538049,False,,,674.D,<https://ziggy.ucolick.org/yse/transient_detail/2025tga|*YSE-PZ*>
ANT2025d6sc3p3elo9x,19.84916877746582,19.84916877746582,15.961689800024033,9.252601033111665,4576.433765747356,272.333787807891,59.005960523376,2025vyh,---,,5.425053985294653,,9907739565884871,decals,0.725103,0.1131206278567107,-19.91592126095214,0.99999999999999,True,0.725103,-22.86142955270245,False,,,,<https://ziggy.ucolick.org/yse/transient_detail/2025vyh|*YSE-PZ*>
ANT2024jgl3vtrqnmd5,19.580686569213867,19.580686569213867,514.7641898002476,271.87493189463083,5911.359808600564,278.5638081738161,51.85702587700607,---,---,,287.4688502852514,,9907738008424844.0,decals,0.893386,0.102337530497752,-22.48647266999819,0.9999999999999922,True,0.893386,-23.58465249937344,False,,,749.F,
ANT2025olyudspfm5p0,19.26766586303711,19.26766586303711,15.993993000127375,14.009050618055142,691.8521269394257,344.1992760430186,8.919315095039977,2025ulh,---,,8.269671985384775,,9906624892963728,decals,0.14169,0.2362757076027792,-21.00289973436137,0.999999999999994,True,0.14169,-19.788530046264228,False,,,527.C,<https://ziggy.ucolick.org/yse/transient_detail/2025ulh|*YSE-PZ*>
ANT2025sajhax5wdpcd,18.60040855407715,18.60040855407715,10.0025231000036,9.13531662783943,449.7104940485178,329.1514951,-10.118357166666812,2025vhj,---,,1.3150539854250385,,9906617744361430,decals,0.094929,0.2499719622293254,-22.24789636869661,0.9999999999999958,True,0.094929,-19.56579165959981,False,,,365.E,<https://ziggy.ucolick.org/yse/transient_detail/2025vhj|*YSE-PZ*>
ANT2025h3gr6x2kb64e,18.298458099365234,18.298458099365234,15.00278940005228,13.562002898160411,507.0697923563034,242.0576733359627,18.29727782594425,2025ugw,---,,0.4134798850573133,,9906628259808304,decals,0.106237,0.1887687741252855,-16.881467728615558,0.9999999999999912,True,0.106237,-20.117260145952777,False,,,575.A,<https://ziggy.ucolick.org/yse/transient_detail/2025ugw|*YSE-PZ*>
ANT2025u2lvnunlnz7i,19.1398868560791,19.1398868560791,15.016851800028236,13.860613299220557,392.1286358393343,49.50693195920599,-7.0367685635800825,2025vhx,---,,0.1393769664064166,,9906618792809283,decals,0.083419,0.3291614593920581,-17.580011916925088,0.9951645110774042,True,0.083419,-18.74026481762879,False,,,365.F,<https://ziggy.ucolick.org/yse/transient_detail/2025vhx|*YSE-PZ*>
ANT2025ggn2adztm3hv,17.953643798828125,17.953643798828125,8.010023199953139,4.297121312561902,5673.526054233233,353.3335629112269,14.90642865552978,2025wfu,CV,,6.261194066733879,,9906627111159074,decals,0.864044,0.1352374682563996,-20.434041017623404,0.999971352902438,True,0.864044,-25.13948107041784,False,,,527.F,<https://ziggy.ucolick.org/yse/transient_detail/2025wfu|*YSE-PZ*>
ANT2025by1t8xt01a3f,15.110727310180664,15.110727310180664,14.07356490008533,10.182032721904369,2122.174328045848,266.6910779128064,19.750237414240544,2025vjm,---,,14.267027366564434,,9906628802117904,decals,0.382196,0.1344451340494233,-19.007902783013392,0.9999999999999885,True,0.382196,-26.171753893131456,False,,,577.B,<https://ziggy.ucolick.org/yse/transient_detail/2025vjm|*YSE-PZ*>
ANT2025bmkrbxbnry19,17.801721572875977,17.801721572875977,27.949456099886447,20.65783826843772,1933.5282579246543,5.021134786775931,8.511652262050859,2025uue,---,,0.3280769668417633,,9906624618237767,decals,0.352971,0.1829923937082461,-20.433940153788427,0.8568133005176846,True,0.352971,-23.30180982507013,False,,,527.C,<https://ziggy.ucolick.org/yse/transient_detail/2025uue|*YSE-PZ*>
ANT2025tfi72caqa4j3,17.780399322509766,17.780399322509766,73.86564819980413,67.58064794126636,440.0034210522997,327.1782445362732,-13.289174134722188,2025qhf,TDE,0.093,19.329095566448814,,9906616540534842,decals,0.093054,0.1608848689568475,-20.192059445321927,0.9997904014354336,True,0.093,-20.34033053843737,False,,,,<https://ziggy.ucolick.org/yse/transient_detail/2025qhf|*YSE-PZ*>
ANT2025qro1dd3m1g4l,17.262514114379883,17.262514114379883,25.999571699649096,13.468531139057152,6214.158889001603,334.66175855,2.0315375554665422,2025ulo,---,,26.24996356646443,,9906622259925145,decals,0.930394,0.2027528062163725,-19.644637879928087,0.9996391852389606,True,0.930394,-25.9902827554135,False,,,477.C,<https://ziggy.ucolick.org/yse/transient_detail/2025ulo|*YSE-PZ*>
ANT20252y2ivfs5aodi,19.57020568847656,19.57020568847656,9.97770840022713,8.963175525653892,542.7166769724755,8.276222930747178,-21.58886486028254,2025ylq,---,,0.2865870867753983,,9906613487014186,decals,0.113189,0.2067038270050862,-17.930556327656646,0.994676384129036,True,0.113189,-18.986237881464984,False,,,,<https://ziggy.ucolick.org/yse/transient_detail/2025ylq|*YSE-PZ*>
ANT2025fl8aibdnanw5,19.47030067443848,19.47030067443848,42.02516200020909,20.30465906191102,7380.499297517539,36.669027341941856,3.553410391585785,2025vuy,---,,25.155187050026143,,9906622747906199,decals,1.06973,0.2372922902627396,-19.396674249019416,0.9677868793465642,True,1.06973,-24.08034380509782,False,,,477.C,<https://ziggy.ucolick.org/yse/transient_detail/2025vuy|*YSE-PZ*>
ANT2025yjxcpftjf0j3,18.77351188659668,18.77351188659668,21.0234375,13.277309239357312,3513.522179703534,250.9126436,27.02398029999999,2025yjj,---,,0.4171893500315491,,9906631312017148,decals,0.583411,0.26702549624865,-19.598073423869888,0.999999999999976,True,0.583411,-23.45621746642508,False,,,618.B,<https://ziggy.ucolick.org/yse/transient_detail/2025yjj|*YSE-PZ*>
ANT2025g23vlnipmu7d,18.800432205200195,18.800432205200195,19.819687499664724,18.50490805897056,331.1653405446446,322.12089585,9.975773454455265,2025xtr,---,,11.29651584263047,,1372819,glade,0.0710503092749388,0.1926291632276612,-20.61000046852996,0.999999999999996,True,0.0710503092749388,-18.72526750560391,False,,,527.C,<https://ziggy.ucolick.org/yse/transient_detail/2025xtr|*YSE-PZ*>
ANT2024wgq0121vej2w,20.322900772094727,20.322900772094727,375.9320833999664,213.8317746579304,4832.197926581463,14.0317655997757,-11.092872977308602,2019xyj,---,,20.32231912039424,,9906617291441245,decals,0.758074,0.3470336508758186,-22.55858456106935,0.9999999999999732,True,0.758074,-22.48522992310268,False,,,365.E,<https://ziggy.ucolick.org/yse/transient_detail/2019xyj|*YSE-PZ*>
ANT2025ubul9bwp8p2u,19.168764114379883,19.168764114379883,17.903275500051677,15.770740234766338,657.5846368210376,7.1791995061684295,29.832174050879942,2025zkp,---,,8.203511220162909,,9906632170803536,decals,0.135221,0.2079777003032441,-21.815395901069017,0.964837218509012,True,0.135221,-19.78329313575689,False,,,674.C,<https://ziggy.ucolick.org/yse/transient_detail/2025zkp|*YSE-PZ*>
ANT2025bke68c6lu5fa,18.974092483520508,18.974092483520508,17.963969900272787,16.97771732324799,268.32171924535186,9.565210138404902,-5.936116444523677,2025zhb,---,,0.26626592012326,,9906619157709535,decals,0.058091,0.6774057604046803,-17.994794146714973,0.9998223071904502,True,0.058091,-18.10787910547242,False,,,401.F,<https://ziggy.ucolick.org/yse/transient_detail/2025zhb|*YSE-PZ*>
ANT2025qebse624c99u,18.754852294921875,18.754852294921875,19.87112260004505,18.78048357726268,268.2351724714616,340.959489,0.5856308476913199,2025ymv,---,,7.227157120352786,,9906621695336003,decals,0.058073,0.1682144420258905,-20.97719836562275,0.95034529917494,True,0.058073,-18.32643724632471,False,,,423.B,<https://ziggy.ucolick.org/yse/transient_detail/2025ymv|*YSE-PZ*>
ANT2025criolj4r2456,20.644994735717773,20.644994735717773,25.977916699834168,15.997002753721334,3811.1030334478696,38.00047721432392,15.53366973355027,---,---,,0.2391874665772775,,9906627213659525,decals,0.623924,0.1873234593442939,-23.10136812125403,0.9999999999999843,True,0.623924,-21.73384446409232,False,,,401.C,
ANT2025jr197uo3tlvq,19.06342315673828,19.06342315673828,92.75773150008172,84.03886711466905,494.37795177543904,16.769998141256114,7.650650376447444,2025shx,---,,50.16286806635617,,9906624340691153,decals,0.103748,0.143580239489288,-18.170632492484152,0.9999999999999928,True,0.103748,-19.2996974885854,False,,,Virgo.B,<https://ziggy.ucolick.org/yse/transient_detail/2025shx|*YSE-PZ*>
ANT2025dkj3gwv5t26l,18.370410919189453,18.370410919189453,44.99334490019828,42.4839055662132,273.022382344423,141.2561468004896,22.481817212719847,2025xjb,---,,45.07213886654063,,9906629740989469,decals,0.059068,0.329616464206878,-19.19750453467842,0.9990170125173596,True,0.059068,-18.74827072557448,False,,,577.D,<https://ziggy.ucolick.org/yse/transient_detail/2025xjb|*YSE-PZ*>
ANT2025cutbegs4nbsr,19.58174514770508,19.58174514770508,6.958796200342476,,,263.209042150002,56.3334766500002,2025abqa,---,,0.4338853915032814,,2533422,glade,0.1189879005751543,0.169742045083676,-20.56000111424308,0.999999999999996,False,,,False,,,,<https://ziggy.ucolick.org/yse/transient_detail/2025abqa|*YSE-PZ*>
ANT20250tk6bduwkoz5,14.219158172607422,14.219158172607422,7.008067100308836,4.100212673273771,4454.1206864872975,254.3255724689363,71.83314168276175,2025abdh,CV,,7.393653891682334,,9907741573384905,decals,0.709196,0.1117994454702698,-20.396108793921503,0.9999999999999902,True,0.709196,-28.44267205930496,False,,,,<https://ziggy.ucolick.org/yse/transient_detail/2025abdh|*YSE-PZ*>
ANT2025aqoyy3ar7f34,20.48525047302246,20.48525047302246,7.8883102000691,6.935558638747128,668.9519327177339,48.7747704,-0.9156054699983968,---,---,,0.2919994178882916,,9906621052551612,decals,0.137372,0.356309379773976,-18.128536025669693,0.9998879406892968,True,0.137372,-18.50196775981505,False,,,423.B,
ANT2025gay80eiryln7,20.32690048217773,20.32690048217773,6.044548599980772,4.69852100188248,1518.6938261272398,140.30726791036764,44.33236019562703,---,---,,2.111929917773523,,9907736085270491,decals,0.286479,0.180647176512201,-20.52941868935504,0.999999999999992,True,0.286479,-20.30694390162914,False,,,618.E,
ANT2024m6rv54de6w5w,19.89895439147949,19.89895439147949,570.3203588002361,313.91339029783893,5294.996676591141,171.17568610019697,28.199840487083726,2024ghi,---,,295.15498551779456,,9906631712117081,decals,0.816808,0.140599568111398,-22.73671442805593,0.9999999999999926,True,0.816808,-23.07210148392064,False,,,674.C,<https://ziggy.ucolick.org/yse/transient_detail/2024ghi|*YSE-PZ*>
ANT2025tnq4u79ufnfs,19.16628837585449,19.16628837585449,19.936064899899065,17.62924317231527,634.5789829667383,174.10337267057858,31.97277762338204,2025abwo,---,,5.115402218019881,,9906632939344722,decals,0.130852,0.3769234313844393,-18.256669305902488,0.9998308612202716,True,0.130852,-19.712625619623413,False,,,674.A,<https://ziggy.ucolick.org/yse/transient_detail/2025abwo|*YSE-PZ*>
ANT2023m1pwgdjn2ro3,19.50489044189453,19.50489044189453,947.6642593001015,509.9374886259804,5627.955319768519,266.80224848130325,15.495205750251458,---,---,,60.32078288318735,,9906627271591564.0,decals,0.858393,0.1325256630658547,-22.606963877673763,0.9999999999999898,True,0.858393,-23.57401886035801,False,,,,
ANT202366gk4ihsjq3x,19.49872398376465,19.49872398376465,904.772326400038,564.504347402931,3655.0779744582073,256.19010177151347,51.0873768307972,---,---,,52.27271578330692,,9907737827675105,decals,0.602773,0.1417989339914017,-22.09008814450622,0.999805094809286,True,0.602773,-22.803579203167363,False,,,749.F,
ANT2025e6newbxghra8,19.47406005859375,19.47406005859375,49.93699079984799,36.6907226537705,1985.143553330068,359.14181897659705,22.44495423909044,2025xnq,---,,36.24205608302873,,9906629793812033,decals,0.361025,0.1405408567222108,-20.47136414635253,0.99999999999999,True,0.361025,-21.680234273516025,False,,,577.D,<https://ziggy.ucolick.org/yse/transient_detail/2025xnq|*YSE-PZ*>
ANT2025j8lbduq17rdq,19.29391288757324,19.29391288757324,11.060138900298623,10.084374795122566,458.9454376466676,348.6259538091685,19.1258349687525,2025abex,---,,2.357495883108641,,9906628644180176,decals,0.09676,0.1376321081064786,-21.107659091497027,0.9999999999999948,True,0.09676,-18.914613389777948,False,,,577.B,<https://ziggy.ucolick.org/yse/transient_detail/2025abex|*YSE-PZ*>
ANT20240yb2v0amgcmh,19.25690078735352,19.25690078735352,628.6027198997326,402.3711501900037,3360.211615910044,276.6330294822336,63.46429176458601,---,---,,264.98175508305576,,9907740386002664.0,decals,0.562246,0.1377942510034207,-21.48611369668417,0.9999999999999876,True,0.562246,-22.890558803215907,False,,,,
ANT202320lpwg09gznv,19.03971290588379,19.03971290588379,902.6637846999802,,,301.56954387614354,2.9391750668279,---,---,,251.98172038290795,,,,,,,,False,,,False,,,477.C,
ANT2023a2ed9nfg3x95,18.73796272277832,18.73796272277832,829.9861690001562,553.0166354174787,2924.170232998957,15.400312089769914,15.64393659599223,2023win,---,,155.063838482929,,9906627299051284,decals,0.500834,0.1616818743559842,-21.92927159605589,0.9999999999999865,True,0.500834,-23.1512188871894,False,,,,<https://ziggy.ucolick.org/yse/transient_detail/2023win|*YSE-PZ*>
ANT2025nv1dqyx5oedp,19.55192375183105,19.55192375183105,14.949594900012016,13.458718785290271,530.3007202022224,94.65252360370508,49.31606055638028,2025abtb,---,,0.2215176614990923,,9907737375278338,decals,0.110774,0.3496170289773175,-19.49550669954484,0.9999999999999905,True,0.110774,-18.956623068788577,False,,,749.D,<https://ziggy.ucolick.org/yse/transient_detail/2025abtb|*YSE-PZ*>
ANT2024l0oq4arilcvy,19.47208023071289,19.47208023071289,690.0429398003034,328.43063229447995,7647.824936631074,158.86082778950234,13.107706167844512,---,---,,378.0992490615754,,9906626328464053,decals,1.101031,0.1740248361859413,-22.034495329696043,0.984086657315704,True,1.101031,-24.139528309068115,False,,,527.F,
ANT2023m3ttzkxe13pv,19.144195556640625,19.144195556640625,875.6998843001202,539.8723123825531,3797.221382453198,326.3629171032654,-2.265471549432604,---,---,,177.11146511670086,,9906620653439773,decals,0.62205,0.15173056893866,-22.13879632504264,0.998541222866987,True,0.62205,-23.227973438904385,False,,,423.B,
ANT20251plejw73w6fl,16.370744705200195,16.370744705200195,26.892395900096744,14.719694389716258,5375.942737926789,39.66139741734057,-21.06270487080332,2025aaeu,CV,,26.237819317000685,,9906613670775760,decals,0.826967,0.1352228883344665,-19.449058451139862,0.9999999999999876,True,0.826967,-26.627201708419484,False,,,401.D,<https://ziggy.ucolick.org/yse/transient_detail/2025aaeu|*YSE-PZ*>
ANT2025frdty5bzdhu1,14.278570175170898,14.278570175170898,14.904918999876829,7.765203052893708,6124.293307454513,73.2196915,-1.4390982502523002,2025abne,---,,15.11362951688352,,9906620870170098,decals,0.91945,0.1377756391953845,-20.523422154823784,0.9999999999999872,True,0.91945,-28.948767725580023,False,,,423.B,<https://ziggy.ucolick.org/yse/transient_detail/2025abne|*YSE-PZ*>
ANT2025rbyyo4itqt85,19.90010070800781,19.90010070800781,5.95859960000962,4.748209719391051,1329.1426036012033,161.5235664,3.1959090000000003,---,---,,0.1329614539063186,,9906622686364641,decals,0.254915,0.1328032110915343,-18.75218130796125,0.9999730791999532,True,0.254915,-20.47122141016794,False,,,477.C,
ANT2025jeovrsk6yilm,19.617000579833984,19.617000579833984,328.09842590009794,241.51681969192137,1968.873126533314,140.34061984762135,3.2957041003139693,---,---,,54.06639895405533,,9906622680797161,decals,0.358491,0.1841445660471749,-22.87712554194649,0.9704599620461796,True,0.358491,-21.52144616256572,False,,,477.C,
ANT2023mrdikxhv0hlf,19.20949935913086,19.20949935913086,776.0277545996942,446.4329811277749,4678.331095955445,130.9158214579356,25.59045487732631,---,---,,80.07158415395679,,9906630774950071,decals,0.738285,0.19605400918812,-21.824869193369736,0.9999999999999852,True,0.738285,-23.540652957199896,False,,,618.A,
ANT2025uhgx8rse1wmd,18.86045837402344,18.86045837402344,4.964791699778289,3.544988396925612,2242.2630481546985,127.84819015000002,-0.2460149996230001,2025aerb,---,,0.1703456542818457,,9906621356378627,decals,0.40051,0.2055759896142303,-20.24401972134628,0.9999999999999866,True,0.40051,-22.52725889029738,False,,,423.B,<https://ziggy.ucolick.org/yse/transient_detail/2025aerb|*YSE-PZ*>
ANT2023legrrf40meys,18.673599243164062,18.673599243164062,755.963078700006,696.9919811581751,398.0391332507388,176.7186110114223,13.82501040071459,2018mlf,---,,752.0504614543534,,9906626608825536,decals,0.084608,0.2131308463190756,-20.49628126795937,0.9999999999999905,True,0.084608,-19.23784760759184,False,,,527.F,<https://ziggy.ucolick.org/yse/transient_detail/2018mlf|*YSE-PZ*>
ANT2025008bod2xhcef,18.56434440612793,18.56434440612793,191.6641782000661,155.44540000005358,1200.4712907313385,323.65390196485885,-10.409277779547494,2025kdz,SLSN-II,0.233,136.21343595398503,,9906617556931258,decals,0.276901,0.1686260280557016,-20.810744143434423,0.9997630762954228,True,0.233,-21.60500679421033,False,,,365.E,<https://ziggy.ucolick.org/yse/transient_detail/2025kdz|*YSE-PZ*>
ANT2024tmqfyzctz7x8,20.02510070800781,20.02510070800781,685.1905092000961,386.8119183980933,4936.243833841678,139.32238311229585,9.683074141611996,---,---,,43.129240982059855,,9906625119455848,decals,0.771379,0.2379448671643201,-22.32652566558461,0.9999999999999832,True,0.771379,-22.821103583857465,False,,,527.C,
ANT2023epy21uiz976b,19.97068214416504,19.97068214416504,720.0651851999573,488.2241404981587,2743.911272569364,126.26482780083246,52.63244316941416,---,---,,652.3163126821746,,9907738215908250,decals,0.474866,0.1370966870921416,-22.212565832587966,0.9869021037282306,True,0.474866,-21.79928676523119,False,,,749.F,
ANT2023i6iyjrrengfj,19.772048950195312,19.772048950195312,747.0171527997591,479.061057270376,3339.251426653621,118.175855798011,51.57760146100234,---,---,,381.2554446820286,,9907737923487374,decals,0.559336,0.1467179275183391,-21.84695962329937,0.9999999999999876,True,0.559336,-22.363847387128004,False,,,707.C,
ANT2024uhicokgvrmgy,19.769994735717773,19.769994735717773,657.0442824000493,379.0912015804495,4639.036304577414,189.14532289667025,15.650579968665951,2025aex,---,,329.1785117823747,,9906627342960064,decals,0.733209,0.2968424530211863,-22.42224513279289,0.9986479608066868,True,0.733209,-22.96501678184052,False,,,423.A,<https://ziggy.ucolick.org/yse/transient_detail/2025aex|*YSE-PZ*>
ANT2023arv70zv0fh7u,18.774126052856445,18.774126052856445,964.2851273003034,654.1118358558282,2739.252693622921,116.1542954621036,35.36630376839686,2023fyh,---,,344.2199353820761,,9907733462385083,decals,0.47419,0.1346483652822894,-21.844648934822366,0.9999999999999888,True,0.47419,-22.992650781834115,False,,,674.D,<https://ziggy.ucolick.org/yse/transient_detail/2023fyh|*YSE-PZ*>
ANT20243pnarphxsca3,19.628599166870117,19.628599166870117,391.9885416999459,205.31721216118183,6040.2475250099815,162.80109754273727,34.352809602426554,---,---,,0.2951739420022932,,9907733161382264,decals,0.909185,0.1701604242337286,-22.57317184221826,0.9999999999999896,True,0.909185,-23.574554479535298,False,,,674.D,
ANT2023dh3yul60m23b,19.540868759155273,19.540868759155273,861.7588309999555,716.6524718123371,1025.4151049504123,26.490026416009865,8.668795683008966,2025ucf,---,,129.31754664227628,,9906624717263072,decals,0.202478,0.1544916646031163,-22.416798119992063,0.9999999999999952,True,0.202478,-20.313436944979493,False,,,527.C,<https://ziggy.ucolick.org/yse/transient_detail/2025ucf|*YSE-PZ*>
ANT2023k80mk2kc8mk1,19.471210479736328,19.471210479736328,962.2190276999027,680.032190074428,2338.0133247013105,180.99930086433983,16.139546139960828,---,---,,538.5551623421561,,9906627522531520,decals,0.414961,0.2036908213820086,-21.058614472380235,0.9941044668496908,True,0.414961,-21.99616325563322,False,,,575.A,
ANT2025kvovv4osb2qy,18.412555694580078,18.412555694580078,334.2152777998708,322.2594521259964,168.80784242614152,109.26796383929207,40.879028218366564,2025cvs,---,,284.48243094224745,,9907735173271840,decals,0.0371,0.26462743930610416,-21.354396071844683,0.9999755193953167,True,0.0371,-17.684855815196375,False,,,719.D,<https://ziggy.ucolick.org/yse/transient_detail/2025cvs|*YSE-PZ*>
ANT2025adfoc4uui37q,17.738065719604492,17.738065719604492,14.010416599921882,12.360314600725085,648.5091412084868,189.67407151260704,7.6104008010513695,2025afcr,SLSN-I,0.1335,0.1917133423339692,,9906624291997764,decals,0.44074,0.1979122787765092,-20.14195913281252,0.9999999999999648,True,0.1335,-21.185460980039924,False,,,423.A,<https://ziggy.ucolick.org/yse/transient_detail/2025afcr|*YSE-PZ*>
ANT2025mv2d1ccw2b0h,17.556209564208984,17.556209564208984,13.041064799763262,8.104298780454364,3701.997582640604,29.325749,27.1956986,---,---,,13.540833642131474,,9906631344392081,decals,0.609154,0.1164260533766932,-20.669715386067264,0.9999999999999896,True,0.609154,-24.769477067082644,False,,,618.B,<https://ziggy.ucolick.org/yse/transient_detail/2025aevn|*YSE-PZ*>
ANT2025o3kwj4geif0c,14.692899703979492,14.692899703979492,36.868287099990994,26.953181822162872,2029.1964402459282,13.449328754816223,16.289312878977398,---,---,,37.3119679422889,,9906627480324833,decals,0.367864,0.1488882407381783,-19.67328493762419,0.9999999999999876,True,0.367864,-26.503613455498964,False,,,575.A,
