name,brightest_alert_magnitude,peak_mag,duration,duration_z0,lum_dist,ra,dec,tns_name,tns_class,tns_redshift,peak_phase,nuclear,host_name,best_host_catalog,host_redshift,host_sep_arcsec,host_absmag,host_prob,high_host_confidence,best_redshift,peak_abs_mag,posted_before,transient_ra_deg,transient_dec_deg,yse_field,yse_pz
ANT2024ow3wabs7s84x,18.758827209472656,,408.9677083003335,,,268.15757780456363,6.356384661271591,---,---,,2.362465738064202,True,1.1562268157596848e+17,panstarrs,0.1392164832502846,1.0081133687531212,-23.22911789180911,0.9960363091845305,False,,,False,,,,
ANT2025hnbsx7oau0pj,18.614822387695312,,86.95165510009974,,,230.6017424,1.4133451999999949,---,---,,2.3375583381639444,True,1.0969230601494686e+17,panstarrs,0.0937104911357203,1.4717859870650474,-22.94964663332024,0.9996942331093608,False,,,False,,,,
ANT2024oc9odsbcgels,16.953868865966797,,193.2453240999021,,,301.2114644334423,35.96081922879073,2024ef,---,,2.355590738101455,True,,,,,,,False,,,False,,,,
ANT2024t51nd486402m,17.68377113342285,,217.18305550003424,,,293.80486251006005,35.975710689977085,---,---,,2.355590738101455,,1.5116293803263946e+17,panstarrs,0.2021132403893782,7.6876970161980145,-23.00833090787483,0.0236021401351707,False,,,False,,,,
ANT2023tpg6xzx0ok7n,17.310199737548828,,705.1367939999327,,,231.9765653962755,-10.428815537868472,---,---,,455.2727898380035,True,9.548231976302602e+16,panstarrs,0.1044994852808142,1.074444547301775,-23.45160635755935,0.9994508876423626,False,,,False,,,,
ANT20253kuwjeql3ll8,15.463980674743652,-18.04355617981044,77.95064819976687,77.07736169179879,50.57708742312367,136.16013669750853,18.46668271615956,2025oq,SN Ic-BL,0.01133,65.16510560843017,True,9906628323117338.0,decals,0.085768,32.310998642329345,-19.17918355442761,0.9567941140149888,True,0.01133,-18.04355617981044,False,,,,
ANT20259095ry0az8j7,18.64677047729492,18.64677047729492,20.051574000157416,18.11667669570295,509.956028500149,208.1686287,2.06551168584052,2025eys,---,,14.104057257987732,True,9906622226763372.0,decals,0.106802,1.651140905336964,-19.916666855208707,0.9999447294751334,True,0.106802,-19.78071833564525,False,,,,
ANT2025uzb80b7djxcu,18.25939178466797,18.25939178466797,29.9020949001424,,,240.6698356,-0.8274885982480384,2025dig,---,,30.02035355800035,True,1.0700240669298726e+17,panstarrs,0.0486712735745204,2.1389419033934804,-20.49822333025688,0.9991544875659116,False,,,False,,,,
ANT2025kf36di57tpn1,18.131000518798828,18.131000518798828,94.771007000003,,,184.3409095349469,-20.784093656251628,2024pff,---,,92.91689603401028,True,,,,,,,False,,,False,,,,
ANT20257gjhhx8joubb,16.910602569580078,16.910602569580078,18.996273099910468,,,291.58988485,2.02021945366603,2025fwd,---,,19.34386459739472,True,1.1042291591214926e+17,panstarrs,0.0731301821574818,14.508167983043686,-21.34100441805218,0.1280861691032097,False,,,False,,,,
ANT2023580poop8z630,16.173458099365234,16.173458099365234,808.9629282001406,,,184.9581550764496,-20.370068414282,---,---,,64.03817765786516,True,8.355184958700637e+16,panstarrs,0.0291750826908876,1.656372200504517,-20.68003130102824,0.9926879513995392,False,,,False,,,,
ANT2025orzfggrvi4e0,18.958526611328125,18.958526611328125,23.911041700281203,21.55235226806425,523.4573660413912,121.8057757999971,25.646299759878502,2025etg,---,,19.19027871450089,True,9906630858051756.0,decals,0.10944,1.271918755934651,-19.45306391758548,0.9999497741754766,True,0.10944,-19.523120416398857,False,,,,
ANT2024xlte9uph05j6,18.708471298217773,18.708471298217773,101.91579859983176,,,248.58619677599057,50.10512339361455,2024agig,---,,92.90271767962986,True,9907737585648432.0,decals,0.032593,3.375371428124525,-19.298340934008,0.1536858417303547,False,,,False,,,,
ANT2025piziteakee8s,16.818151473999023,16.818151473999023,4.031967600341886,,,102.5307798,0.0352785000016808,---,---,,4.269132914465445,True,1.080310253365982e+17,panstarrs,0.0961257776744224,17.114876070591844,-21.70884672856245,0.2277634946541034,False,,,False,,,<https://ziggy.ucolick.org/yse/transient_detail/2020aaxr|*YSE Field*>,
ANT2024i33tc6xqmdi0,19.76070022583008,19.76070022583008,347.060891199857,,,298.8346556820623,46.68957469560409,---,---,,345.4265613975149,True,1.6402298835639683e+17,panstarrs,0.1638128595728774,4.584777542233205,-21.45483443041656,0.2153486215807405,False,,,False,298.8346556820623,46.68957469560409,757P2.E,
ANT2025ydxxk46dquof,19.12326431274414,19.12326431274414,37.012662100140005,28.005334401817763,1735.4387512922551,119.33202667794156,6.61913693419325,2025fpp,---,,0.2271658085737726,True,9906623898587536.0,decals,0.321629,0.70486462919552,-19.656139331365207,0.9839275498716598,True,0.321629,-21.771008241938205,False,119.33202667794156,6.61913693419325,311P2.B,<https://ziggy.ucolick.org/yse/transient_detail/2025fpp|*YSE-PZ*>
ANT2025sprp69i9rf6f,18.939565658569336,18.939565658569336,11.962986099999398,,,242.2040903500001,-10.3480205145556,2025gyd,---,,0.1177841578537481,True,9.559242206332531e+16,panstarrs,0.0557260010896008,38.38106345457113,-22.054148973353666,0.8589948432050367,False,,,False,242.2040903500001,-10.3480205145556,481P2.D,<https://ziggy.ucolick.org/yse/transient_detail/2025gyd|*YSE-PZ*>
ANT2025iq09fs212bap,18.825626373291016,18.825626373291016,6.004652700386941,,,134.58367358537143,9.368562486759274,2025gvv,---,,0.2921347287629032,True,9906624931891608.0,decals,0.087037,1.4478217331199674,-22.07568855624171,0.6783474183609969,False,,,False,134.58367358537143,9.368562486759274,529P2.E,<https://ziggy.ucolick.org/yse/transient_detail/2025gvv|*YSE-PZ*>
ANT20259l6tihz8n0e1,18.75141716003418,18.75141716003418,25.08331019990146,23.0568017780271,414.4092005537972,132.48495717280315,45.57468674932006,2025ezq,---,,0.7990573061542818,True,9907736419501492.0,decals,0.087892,2.248749894604904,-18.85993006967768,0.9999765625187438,True,0.087892,-19.24426532661186,False,132.48495717280315,45.57468674932006,757P2.E,<https://ziggy.ucolick.org/yse/transient_detail/2025ezq|*YSE-PZ*>
ANT2025ugsbo5fju30y,18.390844345092773,18.390844345092773,21.966307800263166,20.653664173703444,294.6887236686977,116.4166877,51.8129753,2025ezs,---,,10.182570908356864,True,9907737982075336.0,decals,0.063555,1.5525544301693135,-22.41054236437431,0.9998279100129476,True,0.063555,-18.88907335974571,False,116.4166877,51.8129753,781P2.E_1,<https://ziggy.ucolick.org/yse/transient_detail/2025ezs|*YSE-PZ*>
ANT2025iw9e26bzlxlx,15.374244689941406,15.374244689941406,19.001203699968755,,,287.6644021162723,37.16985819783163,2025fwb,---,,9.314288337292965,True,1.526028766252252e+17,panstarrs,0.0921931512213045,5.862505644198766,-22.648166587082244,0.6250711097277417,False,,,False,287.6644021162723,37.16985819783163,707.A,<https://ziggy.ucolick.org/yse/transient_detail/2025fwb|*YSE-PZ*>
ANT2025cxgyy0ct6op6,19.356800079345703,19.356800079345703,15.87815979961306,11.341907275314606,2238.6030154665755,222.68356699563225,35.91004522401472,2025gtx,---,,9.11417249382066,,9907733715879770.0,decals,0.399955,1.004596071351728,-20.33476037144687,0.9999231183578629,True,0.399955,-22.027800152847245,False,,,681P2.F,<https://ziggy.ucolick.org/yse/transient_detail/2025gtx|*YSE-PZ*>
ANT20257lpwss96dvd6,18.857402801513672,18.857402801513672,20.038437500130385,,,144.388800767446,10.255491495018802,2025gri,---,,5.290364593514823,,1376867.0,glade,0.0494563526269514,3.310721196184394,17.84,0.9999999999999764,False,,,False,,,529P2.E,<https://ziggy.ucolick.org/yse/transient_detail/2025gri|*YSE-PZ*>
ANT2025f6yum477eavz,17.898906707763672,17.898906707763672,88.88483800040558,86.29595922369474,135.79570034252015,255.29113821746324,20.671549197693764,2025nz,SN II,0.03,79.9272315794442,,1.3280255291240856e+17,panstarrs,0.0305136999303805,6.436636120507289,-21.600200728939647,0.1885162192648312,False,0.03,-17.733430326621463,False,,,585P2.F,<https://ziggy.ucolick.org/yse/transient_detail/2025nz|*YSE-PZ*>
ANT20246po12kryhcsw,19.523822784423828,19.523822784423828,377.0005787000992,,,159.9596623601031,-3.9842436108765193,---,---,,22.38459013697866,,,,,,,,False,,,False,,,712P2.D,
ANT2025v7mqcrkwwsk3,19.213245391845703,19.213245391845703,28.027384200133383,,,143.0035750138642,46.10419124766839,2025hbw,---,,7.246117836955818,,,,,,,,False,,,False,,,757P2.E,<https://ziggy.ucolick.org/yse/transient_detail/2025hbw|*YSE-PZ*>
ANT2022mnsnm2b47ix0,16.256650924682617,16.256650924682617,983.72164350003,837.3311132600312,871.1524134448455,101.52256911788348,28.356014100368647,---,---,,5.218800746020861,,1.4202101522801714e+17,panstarrs,0.1748299184417595,2.0172648428451936,-23.33784042719953,0.8388904824127354,True,0.1748299184417595,-23.26888230143438,False,,,781P2.E_1,
ANT2025yrjcxv4g01ih,19.61910057067871,19.61910057067871,56.8457407001406,,,227.2088435794396,-4.982709933145259,---,---,,7.0999465584536665,,9906619590641978.0,decals,0.405751,0.1003197063169874,-20.18960097102985,0.8823383920893899,False,,,False,,,759P2.E,
ANT20252w4fdmah9lq1,18.977548599243164,18.977548599243164,33.98214119998738,,,150.3355427592029,27.665403839344705,2025evj,---,,17.19318725865014,,1814626.0,glade,0.0557520063414998,2.481019927445865,17.59,0.8419218710736263,False,,,False,,,628P2.F,<https://ziggy.ucolick.org/yse/transient_detail/2025evj|*YSE-PZ*>
ANT2025wkdjck52pn6v,19.14189720153809,19.14189720153809,16.094618099741638,14.552355786859136,505.75885382703103,119.9277031,29.71992996266203,---,---,,9.17433421628084,,1875719.0,glade,0.1059802505842507,1.6766352408288083,16.72,0.9977257596647392,True,0.1059802505842507,-19.26845184018305,False,,,311P2.B,<https://ziggy.ucolick.org/yse/transient_detail/2025ifu|*YSE-PZ*>
ANT2023kejjkoq6qmyr,19.01619911193848,19.01619911193848,759.9585301000625,720.8794006441371,249.7108237134494,259.1239450207653,-14.736836231176966,2023fjz,---,,743.0834430161631,,9.031259122354614e+16,panstarrs,0.0542103567129347,5.910329012857939,-16.766816712200423,0.1276846241412866,True,0.0542103567129347,-17.913669528133507,False,,,311P2.F,<https://ziggy.ucolick.org/yse/transient_detail/2023fjz|*YSE-PZ*>
ANT2024qv8ue1eu0ifw,16.496864318847656,16.496864318847656,314.9983680997975,308.0612048845735,101.36990931964912,290.168499859586,31.944337973213564,---,---,,34.96495921618771,,1.4633290168096387e+17,panstarrs,0.0225187823238672,1.0481802534809617,-22.016611163942017,0.4423922913074019,True,0.0225187823238672,-18.50850273571123,False,,,681P2.E,
ANT2024e40h2qm79v4q,15.408377647399902,15.408377647399902,343.09108799975365,295.53339562698994,795.1458750801256,246.38239166001125,-25.89738213014074,---,---,,0.0530379161937162,,7.69224638246539e+16,panstarrs,0.1609215509193724,1.282993554267193,-26.76180616792322,0.9999608006397164,True,0.1609215509193724,-23.931849220869992,False,,,722P2.D,
ANT2025znackhfi72ov,18.716846466064453,18.716846466064453,9.081458299886435,6.895885392129618,1706.1811319842843,151.92603664999945,-25.94685732841741,2025hyu,---,,0.2068999025650555,,7.686151927142542e+16,panstarrs,0.3169386936521951,5.299651789124456,-21.3396443381248,0.8082784280568032,True,0.3169386936521951,-22.1443653134624,False,,,315P2.D,<https://ziggy.ucolick.org/yse/transient_detail/2025hyu|*YSE-PZ*>
ANT2023uhbgq95gr0ak,15.522089004516602,15.522089004516602,812.9586805999279,785.2774669746335,160.17537273111668,159.25315353106254,-19.366630116472848,---,---,,372.1620272023283,,8.47615925349602e+16,panstarrs,0.035250232929692,1.1707796443967542,-22.140531731036404,0.9206830870740998,True,0.035250232929692,-20.46327636964104,False,,,311P2.E,
ANT2024gxxx29ody7ze,20.60674285888672,20.60674285888672,385.998171299696,273.4170574091387,2316.702870717571,236.51673406588645,16.77895098114584,---,---,,29.33562956415699,,9906627717632320.0,decals,0.411756,0.1631361537936092,-21.46159533428521,0.7745000492027536,True,0.411756,-20.84320971976713,False,,,575.A,
ANT2025i59speniq18g,20.342199325561523,20.342199325561523,25.900578800123185,14.978307269419137,4608.098298235683,260.103853987194,27.598390792482192,2020pmb,---,,20.419090264389524,,9906631482151892.0,decals,0.729206,0.4282041502182571,-22.0867840440604,0.9993095838821736,True,0.729206,-22.38079251359985,False,,,674.C,<https://ziggy.ucolick.org/yse/transient_detail/2020pmb|*YSE-PZ*>
ANT202436re9f6ifh54,19.77109909057617,19.77109909057617,350.0247569996864,283.37012535923697,1213.4003059908266,242.91485800000004,-3.4903740344702925,---,---,,5.444726864254335,,1.0381242915254192e+17,panstarrs,0.2352210966344786,1.4787258655747977,-22.50143397275673,0.989187379327716,True,0.2352210966344786,-20.41955965887395,False,,,423.E,
ANT2024ynzreo14873q,19.67200088500977,19.67200088500977,330.08678240003064,300.73175439046827,463.2496051633102,238.9793606,-0.0200020999973702,---,---,,100.31947216429398,,9906621479851344.0,decals,0.097612,0.1733374511542701,-19.929781445663103,0.9999879567924752,True,0.097612,-18.555952288021743,False,,,423.B,
ANT2023pr9vu42psxkf,19.6252670288086,19.6252670288086,529.9064698996954,503.8848485508332,237.44641519389387,164.73237578929414,81.08780721673111,---,---,,129.3684305640927,,9907742397760480.0,decals,0.051642,0.4044211638901652,-21.936107858322018,0.9999864556015192,True,0.051642,-17.197891251510097,False,,,,
ANT2023vuzr5c9s4f6e,19.60759353637696,19.60759353637696,739.0189698999748,683.3795719138897,382.2014629346451,223.57206604764733,2.1069940024521685,---,---,,120.31632406442075,,9906622230824444.0,decals,0.081418,0.1403472121617655,-20.333218751768698,0.9999945506648906,True,0.081418,-18.21888420375208,False,,,477.C,
ANT2024a3ciqa2k4jd6,19.4577579498291,19.4577579498291,244.2002429999411,241.71325531599484,45.89393573618791,254.94231402236824,27.314835882128435,---,---,,18.308256964111933,,9906631397021384.0,decals,0.010289,0.2248179111329915,-15.602119335548249,0.9999999999999803,True,0.010289,-13.839904504989027,False,,,674.C,
ANT2024p6wshr5c1mxi,19.45109939575196,19.45109939575196,392.9826273000799,316.5791086414449,1249.1556041407136,133.491037511079,51.95017089190448,---,---,,355.6474467640801,,9907738043351116.0,decals,0.241341,0.2322814782803421,-21.35609590453376,0.9725889982140852,True,0.241341,-20.79725555814186,False,,,618.A,
ANT20236959l0i36twt,19.409141540527344,19.409141540527344,743.9976156996563,722.7635454965142,132.92403336408898,257.21086281871754,23.921904635675546,---,---,,66.32138196416781,,9906630289985760.0,decals,0.029379,0.1190334658639791,-17.857404402209156,0.952198279348871,True,0.029379,-16.177437753024456,False,,,618.A,
ANT20250u1ejk6rtgy6,18.130056381225582,18.130056381225582,14.024999999906868,11.814356654500084,939.1817306815587,258.37640765777644,78.01989954511735,2025iaa,---,,0.0661452189160627,,9907742193091340.0,decals,0.187115,0.1002125522658664,-18.9905399364361,0.9999238116671424,True,0.187115,-21.54745981683854,False,,,,<https://ziggy.ucolick.org/yse/transient_detail/2025iaa|*YSE-PZ*>
ANT2025ie3emijwisw4,19.454111099243164,19.454111099243164,14.954016200266778,,,170.59861302580265,-9.145389562612324,2025ibj,---,,6.250379837831133,,9906617982718152.0,decals,0.382813,0.5923070561874001,-19.02444078111657,0.6908518855451984,False,,,False,,,523.A,<https://ziggy.ucolick.org/yse/transient_detail/2025ibj|*YSE-PZ*>
ANT2025ofg7b0heyeyy,18.861865997314453,18.861865997314453,24.968252300284803,21.79329597601854,713.1352722991775,165.0242844,15.320338186402353,2025hdp,---,,9.129453838118934,,9906627154674116.0,decals,0.145685,1.4739169491434927,-19.24615608792516,0.9998409348044688,True,0.145685,-20.2563305228091,False,,,,<https://ziggy.ucolick.org/yse/transient_detail/2025hdp|*YSE-PZ*>
ANT2025pbkugztza1sy,18.77629470825196,18.77629470825196,10.006273100152612,,,143.0208108,3.422547627294705,2025hzf,---,,0.2788867380149895,,9906622775756338.0,decals,0.355252,0.2529771089346656,-19.42713652875184,0.8886481104935421,False,,,False,,,477.C,<https://ziggy.ucolick.org/yse/transient_detail/2025hzf|*YSE-PZ*>
ANT2025pugiktwlnd45,18.285688400268555,18.285688400268555,69.87416660040617,65.30295943963193,326.0325911682805,239.91693024712416,27.111349401430985,2025cbj,SN IIn,0.07,20.02406033805164,,9906631309459728.0,decals,0.201596,0.2270021569032215,-18.33792807434208,0.9991437016612488,True,0.07,-19.207157233420592,False,,,618.B,<https://ziggy.ucolick.org/yse/transient_detail/2025cbj|*YSE-PZ*>
ANT20253p1fnpw18nxt,17.874982833862305,17.874982833862305,64.9246874996461,63.12560768074487,128.86364697216885,159.27705475189603,-7.467909213434851,2025cnu,SN Ic-BL,0.0285,51.16662983807328,,9906618633948806.0,decals,0.229492,0.158289218346788,-18.88233852913437,0.9953209711030944,True,0.0285,-17.64515851685809,False,,,418.D,<https://ziggy.ucolick.org/yse/transient_detail/2025cnu|*YSE-PZ*>
ANT20254u6c2m13t948,17.480106353759766,17.480106353759766,67.03391209989786,62.068437129535056,375.1816509452785,147.6865591450426,27.30245081161201,2025cku,SN II,0.08,34.20511363797414,,9906631371985622.0,decals,0.08428,1.3097451535969753,-19.609279476603817,0.999922617667546,True,0.08,-20.307542208189147,False,,,674.C,<https://ziggy.ucolick.org/yse/transient_detail/2025cku|*YSE-PZ*>
ANT2025h7v6de4wu10d,19.79727554321289,19.79727554321289,10.0496064000763,7.262971343800829,2131.832627000067,240.84127051127945,18.423403666686184,2025ieg,---,,8.081122662231792,,9906628349199396.0,decals,0.383677,0.1272878912660784,-20.06550384051709,0.9378371894005106,True,0.383677,-21.49390317509856,False,,,575.A,<https://ziggy.ucolick.org/yse/transient_detail/2025ieg|*YSE-PZ*>
ANT2025pz7it0gj7avc,19.63936996459961,19.63936996459961,15.116932899691164,11.476836229588734,1707.615374258521,132.5602044000017,67.98844895000111,2025idv,---,,0.1772916622576303,,9907741072032952.0,decals,0.317169,0.1369333312154216,-18.905749247203847,0.9872124605827198,True,0.317169,-21.22347656442728,False,,,618.B,<https://ziggy.ucolick.org/yse/transient_detail/2025idv|*YSE-PZ*>
ANT2025nn0fkzxxa2ww,19.56561279296875,19.56561279296875,16.00859950017184,14.25142704800671,595.0661480000199,253.0735096,2.126349094164567,2025hks,---,,10.02876156225102,,9906622332931300.0,decals,0.123298,0.7498636133410985,-20.96667946611194,0.9999519641160062,True,0.123298,-19.180975967506296,False,,,477.C,<https://ziggy.ucolick.org/yse/transient_detail/2025hks|*YSE-PZ*>
ANT2025k0dq5a04szlo,19.543500900268555,19.543500900268555,39.03931719996035,,,127.9845807437386,10.254121848265868,2025hly,---,,20.20593746221857,,9906625302627020.0,decals,0.331843,0.1293105578563756,-19.946115888883096,0.750452916259122,False,,,False,,,527.C,<https://ziggy.ucolick.org/yse/transient_detail/2025hly|*YSE-PZ*>
ANT2025kns7c7mwkalf,19.00164031982422,19.00164031982422,93.79386570025235,83.00342097367465,630.1056442821548,182.07058864263016,-11.383334677702578,2025ebh,SN II,0.13,19.18427392631565,,,,,,,,False,0.13,-19.86273042097609,False,,,575.C,<https://ziggy.ucolick.org/yse/transient_detail/2025ebh|*YSE-PZ*>
ANT2025khb7fbkbblxs,20.0897216796875,20.0897216796875,15.065636500250548,,,282.8362949718718,36.74834297841966,---,---,,6.057164526297129,,,,,,,,False,,,False,,,707.E,
ANT20251o1a8iupuhvy,18.949871063232425,18.949871063232425,13.007164299953727,,,277.52652941839915,28.32466286148015,2025iic,---,,0.9980326264485484,,,,,,,,False,,,False,,,674.C,<https://ziggy.ucolick.org/yse/transient_detail/2025iic|*YSE-PZ*>
ANT20228frdugw5fm9z,18.87809944152832,18.87809944152832,990.1900115003808,,,332.2271820168627,67.61925733010031,---,---,,122.37121552623285,,,,,,,,False,,,False,,,,
ANT20232bkv27r34d3s,17.92099952697754,17.92099952697754,694.0495716999285,,,308.6640581246261,40.330667144887975,---,---,,545.3440048263728,,,,,,,,False,,,False,,,719.A,
ANT2025khfmznq04bun,19.43767738342285,19.43767738342285,17.04379629995674,8.201747054576503,7451.53739492484,245.57952472454923,15.799006424988375,2025isa,---,,6.079344283498358,,9906627357185366.0,decals,1.078069,1.042819770387562,-21.29301099962265,0.9999999999999584,True,1.078069,-24.129402133572125,False,,,575.A,<https://ziggy.ucolick.org/yse/transient_detail/2025isa|*YSE-PZ*>
ANT202504lstst8rugw,18.47645378112793,18.47645378112793,51.06298610009253,48.14991617170441,279.92317601408155,176.51562011756937,70.41080888285292,2025fen,SN II,0.0605,45.09827648755163,,,,,,,,False,0.0605,-18.694963821825024,False,,,,<https://ziggy.ucolick.org/yse/transient_detail/2025fen|*YSE-PZ*>
ANT2025dwrofgim1x2o,18.22052383422852,18.22052383422852,7.081319400109351,6.671489782754727,284.41181851873915,281.2421383568005,41.40660546063021,2025jak,---,,0.9882533876225352,,9907735349626944.0,decals,0.06143,2.794723904677824,-19.49918395708351,0.993767144441046,True,0.06143,-18.98448596618242,False,,,719.D,<https://ziggy.ucolick.org/yse/transient_detail/2025jak|*YSE-PZ*>
ANT2023ab0mwxqa29tj,16.2178897857666,16.2178897857666,746.0293866000138,,,295.04113856204094,22.176382194748385,---,---,,98.89631865364936,,,,,,,,False,,,False,,,577.D,
ANT2022e30hhoi8m7zn,17.622194290161133,17.622194290161133,910.323923600372,,,314.4166284795251,30.88227580653554,---,---,,1.0585539223029627,,,,,,,,False,,,False,,,674.A,
ANT2023lllo9uqplu3p,18.018774032592773,18.018774032592773,716.0567592000589,689.7071858710417,173.97061982587417,259.12299492781614,29.853236400512746,---,---,,111.21468278911198,,9906632228275056.0,decals,0.038204,1.1485924487454762,-20.38507969856709,0.9928244624373268,True,0.038204,-18.14289877682655,False,,,674.C,
ANT2025x5emuohly47e,19.83525657653809,19.83525657653809,6.024999999906868,,,163.56834235761494,39.6222514740242,2025lzt,---,,2.277443301354652,,,,,,,,False,,,False,,,719.A,<https://ziggy.ucolick.org/yse/transient_detail/2025lzt|*YSE-PZ*>
ANT2023avfg3vt07sk4,18.63920021057129,18.63920021057129,582.6562153003179,,,159.78822449992188,-12.23259951417981,2024pjw,---,,222.93465390145136,,,,,,,,False,,,False,,,418.D,<https://ziggy.ucolick.org/yse/transient_detail/2024pjw|*YSE-PZ*>
ANT2022dqzmyh8zblp6,16.503822326660156,16.503822326660156,953.153541599866,902.2828353432154,260.1042041242748,12.364633137361515,17.605838977097065,---,---,,2.4830904556729365,,9906627932390584.0,decals,0.05638,1.3026189897971727,-22.15649387326148,0.9999999999977308,True,0.05638,-20.512364106869445,False,,,575.A,
ANT20229cxk6l4remb2,15.989480018615724,15.989480018615724,891.3104514000006,876.1538656776431,77.5701118694801,7.446799858235076,4.893238765301746,---,---,,2.481157555739628,,9906623305421418.0,decals,0.017299,1.0719798928824862,-19.34242978168028,0.9999999999991448,True,0.017299,-18.440370526273743,False,,,468.D,
ANT2024vu3d8x7idxfh,14.890192985534668,14.890192985534668,389.0696526998654,,,151.5598020254827,66.657958475853,---,---,,169.54760435552453,,9907740891024030.0,decals,0.010825,1.495703899939993,-20.127050091784007,0.899309011904738,False,,,False,,,468.A,
ANT20258ucdkjpwbun3,13.90208625793457,13.90208625793457,141.87745370017365,139.88093314144578,63.85612086754556,185.43746809999968,-6.709280850000354,---,---,,2.7706482555076946,,9906618921978516.0,decals,0.014273,1.2819735134065309,-21.08587495339189,0.9999999999979328,True,0.014273,-20.108539242711124,False,,,Virgo.B,
ANT2025ql20is4gd41z,19.6653995513916,19.6653995513916,43.97001159982756,28.941710212944027,3053.5949868591592,250.02790635445152,29.763276967949523,2025iac,---,,42.22548508209729,,9906632226179699,decals,0.519261,0.1575625847479156,-19.93701067021336,0.999999999999992,True,0.519261,-22.304576644671634,False,,,674.C,<https://ziggy.ucolick.org/yse/transient_detail/2025iac|*YSE-PZ*>
ANT2023a2ed9nfg3x95,18.73796272277832,18.73796272277832,685.0201968001202,456.4263581449515,2924.170232998957,15.400312089769914,15.64393659599223,2023win,---,,10.206773187514043,,9906627299051284,decals,0.500834,0.1616818743559842,-21.92927159605589,0.9999999999999865,True,0.500834,-23.1512188871894,False,,,,<https://ziggy.ucolick.org/yse/transient_detail/2023win|*YSE-PZ*>
ANT2025580yvx263fht,18.016742706298828,18.016742706298828,47.91537029994652,32.926705781178775,2609.190963793212,246.0200186295422,28.98470770352961,2025igf,---,,32.26326618764142,,9906631978257044.0,decals,0.455213,0.7940820793434308,-19.6587107530512,0.999503747931214,True,0.455213,-23.65847020817821,False,,,674.C,<https://ziggy.ucolick.org/yse/transient_detail/2025igf|*YSE-PZ*>
ANT2025diu359eswx1a,18.703857421875,18.703857421875,13.07863420015201,10.014766584977052,1637.9439363710628,288.9317727688571,64.58781732726281,2025mkc,---,,10.256818736655989,,9907740553515341,decals,0.305935,0.1552486363035554,-19.02853207440264,0.9999228485669528,True,0.305935,-22.077833837654094,False,,,,<https://ziggy.ucolick.org/yse/transient_detail/2025mkc|*YSE-PZ*>
ANT20226rapddv6uggp,18.484514236450195,18.484514236450195,957.2052083001472,901.5939894376438,285.62421057643155,284.3517234200406,67.20527451150647,---,---,,241.4757307364925,,9907740978841172,decals,0.061681,1.193167981102312,-21.436358510375044,0.9999999999985704,True,0.061681,-18.72947573592408,False,,,,
ANT2024c6ompj48rxzz,18.2810001373291,18.2810001373291,402.981377299875,,,308.0015606586944,25.09295227273003,---,---,,373.248253936632,,,,,,,,False,,,False,,,618.A,
ANT20257ipvy98nxblu,15.437291145324709,15.437291145324709,20.002580999862403,12.782402564242393,3379.013899277078,257.63831069125285,7.688829539726996,2025kyz,---,,20.31843903636036,,9906624403284790,decals,0.564853,0.1579922057954512,-19.84472352407364,0.9999999999999868,True,0.564853,-26.720474878702564,False,,,Virgo.B,<https://ziggy.ucolick.org/yse/transient_detail/2025kyz|*YSE-PZ*>
ANT20221j6ioh523k9v,19.901500701904297,19.901500701904297,935.796759299934,712.0760072622675,1689.026662526358,177.28870977346924,32.53643909572432,---,---,,777.7090204712658,,9907732611665146,decals,0.314181,0.16416617429295,-20.254576939759776,0.9683332671884176,True,0.314181,-20.940043864478096,False,,,575.A,
ANT2024uhicokgvrmgy,19.769994735717773,19.769994735717773,489.71173610026017,282.5462688575124,4639.036304577414,189.14532289667025,15.650579968665951,2025aex,---,,162.55532837153442,,9906627342960064,decals,0.733209,0.2968424530211863,-22.42224513279289,0.9986479608066868,True,0.733209,-22.96501678184052,False,,,423.A,<https://ziggy.ucolick.org/yse/transient_detail/2025aex|*YSE-PZ*>
ANT2025lauem3jotae7,19.284711837768555,19.284711837768555,25.06230319989845,17.02126865385986,2727.001238529894,230.2150686,4.913110110269059,2025lif,---,,8.697839971231588,,9906623363679756,decals,0.472411,0.3518314376213403,-20.87499187974028,0.999999999999985,True,0.472411,-22.47364220494365,False,,,468.D,<https://ziggy.ucolick.org/yse/transient_detail/2025lif|*YSE-PZ*>
ANT20240yb2v0amgcmh,19.25690078735352,19.25690078735352,490.7961573996581,314.1606106846541,3360.211615910044,276.6330294822336,63.46429176458601,---,---,,127.4506639713145,,9907740386002664.0,decals,0.562246,0.1377942510034207,-21.48611369668417,0.9999999999999876,True,0.562246,-22.890558803215907,False,,,,
ANT2025bg8pgntbst2a,18.243167877197266,18.243167877197266,70.80623839981854,68.34486917452824,163.73680414904402,223.85317068515616,8.116111574436005,2025grx,---,,56.629876971310296,,SDSSJ145524.86+08065,glade,0.0360139576682026,2.972754986675988,-17.86999561664511,0.99999999999998,True,0.0360139576682026,-17.78914965403665,False,,,Virgo.B,<https://ziggy.ucolick.org/yse/transient_detail/2025grx|*YSE-PZ*>
ANT2025q4ucizvxtmhu,20.107784271240234,20.107784271240234,33.936180599965155,19.373040128493653,4782.692624480366,268.3029234762033,29.001990371186,---,---,,19.50575829828449,,9906631983370338.0,decals,0.751722,4.160397582909565,-22.113429841078343,0.9999999999999606,True,0.751722,-22.681915119915356,False,,,674.C,
ANT2023m1pwgdjn2ro3,19.649900436401367,19.649900436401367,818.8785184998997,440.63796974046915,5627.955319768519,266.80224848130325,15.495205750251458,---,---,,528.3649364981829,,9906627271591564.0,decals,0.858393,0.1325256630658547,-22.606963877673763,0.9999999999999898,True,0.858393,-23.42900886585117,False,,,,
ANT2024jgl3vtrqnmd5,19.580686569213867,19.580686569213867,446.8737269002013,236.01829045963225,5911.359808600564,278.5638081738161,51.85702587700607,---,---,,219.78255229834758,,9907738008424844.0,decals,0.893386,0.102337530497752,-22.48647266999819,0.9999999999999922,True,0.893386,-23.584652499373437,False,,,749.F,
ANT202320lpwg09gznv,19.03971290588379,19.03971290588379,773.9587731999345,,,301.56954387614354,2.9391750668279,---,---,,123.36007539807179,,,,,,,,False,,,False,,,477.C,
ANT20256gfwiutetsm4,18.960430145263672,18.960430145263672,63.97960649989545,54.524975711518195,863.2883528426643,297.27882775107355,78.85560049802726,2025izy,SLSN-I,0.1734,33.49315409846895,,,,,,,,False,0.1734,-20.54673405311107,False,,,,<https://ziggy.ucolick.org/yse/transient_detail/2025izy|*YSE-PZ*>
ANT2025v1bku6kr61qc,18.86804962158203,18.86804962158203,45.93790510017425,,,294.585444552393,76.00189265401389,2025kmk,---,,31.481614798496594,,,,,,,,False,,,False,,,,<https://ziggy.ucolick.org/yse/transient_detail/2025kmk|*YSE-PZ*>
